Hotel Name,Original price,Price after discount,Tax,Rating,location,Facility,Room Type,Room Size,Review,Original price_norm,Price after discount_norm,Rating_norm,Cluster
18 suite villa loft,13.940675171505434,13.652992804936396,Inclusive of taxes,9.0,"Kuta, Bali","Free Wi-Fi, swimming pool, free parking, spa, front desk [24-hour], restaurant, bar, water park","Bedroom Pool Villa, Deluxe Room, Bedroom Suite",32 m² - 80 m²,Amazing Villa in the heart of Kartika Plaza ,0.41987554323598825,0.41522300041169163,0.8113207545639017,0
aashaya jasri resort,13.880049391601796,13.592367006650065,Inclusive of taxes,8.1,"Amlapura, Bali","Free Wi-Fi, swimming pool with a view, free parking, spa, 24-hour front desk, restaurant, bar, massage","Triple Room, Superior Twin, Triple Superior, Villa with Pool View, Private Villa with Garden View, Deluxe Twin Room, Villa with Ocean View, Double Room with Private Bathroom, Pool View Bungalow, Deluxe Garden View Bungalow",20 m² - 32 m²  ,Love little hotel,0.41105068499266945,0.40649589297821725,0.6415094338412245,3
ab kuta hotel,13.25269139469634,12.518724121530466,Inclusive of taxes,8.7,"Kuta, Bali","Free wifi, Free parking, 24-hour reception, Airport transfer, Luggage storage, Balcony/terrace, Room service, Laundry service","Suite, Double Room, Luxury Suite, Deluxe Room, Premier Room, Deluxe Suite, Luxury Double, Luxury Deluxe Single Room, Deluxe Single Room, Luxury",23 m² - 40 m²  ,Good overall experience,0.31973069868811693,0.25194457871145437,0.7547169809896759,1
abi bali resort villas and spa,15.048887103966797,14.355740214714112,Inclusive of taxes,8.5,"Jimbaran, Bali","Free Wi-Fi, swimming pool with view, free parking, spa, 24-hour reception, fitness center, restaurant, massage","2 Bedroom Villa, Deluxe, 1 Bedroom Villa, Junior Suite, One Bedroom Suite Villa, Two Bedroom Suite Villa, Deluxe Suite with Shared Facilities, Premier Villa (1 Bedroom, Private Pool), Two Bedroom Suite Villa with Private Pool, Deluxe Suite",51 m² - 290 m²  ,The facilities are very clean and nice!,0.5811899745401365,0.5163837655823291,0.7169811319401922,0
abia villa legian,15.015916508624116,14.639696527191012,Inclusive of taxes,9.2,"Legian, Bali","Free Wi-Fi, swimming pool with view, free parking, spa, 24-hour front desk, restaurant, bar, yoga room","One Bedroom Villa, Two Bedroom Villa, One Bedroom Villa with Private Pool Non Smoking, Two Bedroom Pool Villa, Pool Villa 1 Bedroom, Villa 2 Bedrooms Private Pool (Daily Afternoon Tea), Villa 2 Bedrooms Private Pool, Two Bedrooms Family Villa Private Pool",150 m² - 200 m²  ,A must stay place when in Bali!,0.5763906823815952,0.5572593880969419,0.8490566036133854,0
abian harmony hotel & spa,14.083986110412614,13.277659686462034,Inclusive of taxes,8.4,"Sanur, Bali","Swimming pool, free WiFi, spa, restaurant, 24-hour front desk","Deluxe Room, Family Suite, Garden View Room",30 m² - 80 m²,Family friendly hotel with strategic location near the beach,0.440736284699157,0.3611936508467351,0.6981132074154504,3
"abian srama hotel, massage and spa",12.06297564803595,11.775297421715827,Inclusive of taxes,7.5,"Sanur, Bali","Beach, free Wi-Fi, swimming pool, free parking, spa, 24-hour reception, restaurant, bar","Superior Room, Standard Room, Deluxe Room, Standard Room, Standard Twin Room, Economy Room, Deluxe Double Room, Standard Room, Standard Twin Room, Double Room",18 m² - 35 m²  ,Good for the money,0.1465523440210125,0.14492801379046977,0.5283018866927732,1
abyan guest house,12.76378376359014,12.476103599529843,Inclusive of taxes,7.6,"Sanur, Bali","Free Wi-Fi, swimming pool, free parking, bar, massage, airport transfer, shared kitchen, luggage storage","Deluxe Room, Deluxe Room with Pool Access Room Only, Deluxe Room Only, Deluxe Room with Pool Access, Deluxe Room (2 Adults + 1 Child), Deluxe Room with Pool View, Room Assigned on Arrival",16 m² - 25 m²  ,Suitable for an introvert,0.24856393521807588,0.24580933785881456,0.5471698112175151,1
adelia residence,11.703727626233775,11.416051062407123,Inclusive of taxes,8.1,"West Denpasar, Bali","Free Wi-Fi, car parking, 24-hour reception, airport transfer, family room, luggage storage, garden, room service","Standard, Superior",20 m² - 21 m²  ,"Just ordinary, just near the city",0.09425919626050629,0.0932143595147046,0.6415094338412245,4
adhi jaya hotel,14.432856564482117,13.565356741626974,Inclusive of taxes,8.7,"Kuta, Bali","Swimming pool, free Wi-Fi, restaurant, bar","Deluxe, Superior, Premier Pool, Transit Room, Family Pool, Premier Garden View Room",28 m² - 64 m²  ,"Adhi Jaya Hotel is conveniently located in Bali, offering comfortable accommodations with modern amenities",0.4915188446487216,0.40260775473796134,0.7547169809896759,3
adhi jaya suite,13.523875348820274,12.679906430356262,Inclusive of taxes,8.0,"Jatiluwih, Bali","Free WiFi, free parking, 24-hour reception, airport transfer, family room, luggage storage, balcony/terrace, breakfast","Suites Room, Deluxe Room, Deluxe Room Room Only, Room Assigned on Arrival",20 m² - 20 m²  ,Hotel with views of rice fields and hills,0.3592049942239466,0.2751468352632714,0.6226415093164828,1
adi assri beach resort & spa,13.591213842011227,13.380494077586963,Inclusive of taxes,8.4,"Pemuteran, Bali","Private beach, free Wi-Fi, swimming pool with a view, free parking, spa, 24-hour reception, restaurant, bar","Deluxe Garden View, Super Deluxe Sea View, Standard Room, Two Bedroom Villa, Two-Bedroom Villa with Private Pool, Premier, Deluxe Premium Room, Super Deluxe Double Room with Sea View, Two Bedrooms Pool Villa, 2-Bedroom Villa with Private Pool - Smoking",45 m² - 250 m²  ,"The price and quality ratio is very high, overall it is quite quiet and suitable for people who like peace and quiet.",0.3690069738054609,0.3759967017684666,0.6981132074154504,0
adi dharma hotel kuta,13.83531416565213,13.404531777462488,Inclusive of taxes,8.5,"Kuta, Bali","Free Wi-Fi, swimming pool, free parking, spa, 24-hour reception, fitness center, restaurant, bar","Family Room, Superior Room, Deluxe Room, Superior Pool Access, Super Deluxe Room, Superior Double or Twin Room with Pool Access, Superior Single Room, Superior Double or Twin Room with One Time One Hour Balinese Massage for Two People, Special Offer Superior Double or Twin Room with F&B Credit (Per Stay), Tripleior",30 m² - 38 m²  ,The staff is the best,0.40453890026814926,0.3794569380902474,0.7169811319401922,1
adikara renon,12.825481785503277,12.112135522651606,Inclusive of taxes,8.4,"South Denpasar, Bali","Free wifi, free parking, express check-in/check-out, luggage storage, garden, breakfast, room service, laundry service","Superior Room Only, Standard Twin, Superior Triple Room, Standard 1 Double Bed, Superior Room, Standard Room Only Standard Double, Standard Room Only Standard Twin, Standard Room, Standard Double Room",18 m² - 30 m²  ,Convenience and strategic location,0.2575448720100152,0.1934159904876246,0.6981132074154504,4
adiwana dara ayu villas,15.155874063193915,14.945153057730163,Inclusive of taxes,8.6,"Payangan, Bali","Free Wi-Fi, swimming pool with a view, free parking, spa, 24-hour check-in, restaurant, bar, yoga room","Pool View Suite, Terrace Suite, Dara Suite, Luxury One Bedroom Villa, 1 Bedroom Pool Villa, One Bedroom Suite, Grand Deluxe, 2 Bedroom Pool Villa, One Bedroom Duplex Pool Villa, Two Bedrooms Villa",40 m² - 300 m²  ,"Great location, very helpful staff but hotel needs renovation",0.5967632958328888,0.6012299754314191,0.735849056464934,0
adiwana warnakali resort,15.15036187664283,14.774126410098953,Inclusive of taxes,9.1,"Nusa Penida, Bali","Beach, free Wi-Fi, swimming pool with a view, free parking, spa, 24-hour reception, restaurant, bar","Ocean View Suite, Grand Deluxe Ocean View Room, Premier Ocean Suite, Suite, Premier Ocean Suite with Daily Afternoon Tea",56 m² - 70 m²  ,A Memorable Stay with Attentive Hospitality,0.5959609265272671,0.5766106224487952,0.8301886790886436,3
agata villas,16.030552896449024,14.98692153347461,Inclusive of taxes,7.3,"Seminyak, Bali","Free Wi-Fi, swimming pool with a view, free parking, spa, 24-hour reception, restaurant, bar, yoga room","Two Bedroom Villa with Private Pool, Two Bedroom Private Pool Villa with Airport Pick up Transfer, Two Bedroom Private Pool with Afternoon Tea, Two Bedroom Villa, One Bedroom Private Pool Villa, Two Bedroom Pool Villa, 2 Bedroom Pool Villa, Design Villa, 1 Bedroom, Private Pool, Design Villa, 2 Bedrooms, Private Pool, Pool View (2 Double Beds), Deluxe Villa (2 King Beds)",25 m² - 250 m²  ,Beautiful villa,0.7240839954457701,0.6072425638914122,0.4905660376432894,0
agung alit guest house,12.154784614286667,11.86710429621008,Inclusive of taxes,8.7,"Ubud, Bali","Free Wi-Fi, parking, hiking, English, Indonesian","Double Room, Deluxe Twin Room, Twin Bedroom, Deluxe Room, Double Deluxe Room",20 m² - 24 m²  ,Good price,0.15991631416566038,0.1581436493695478,0.7547169809896759,1
agung view villa,13.652992804936396,13.222210522327158,Inclusive of taxes,7.7,"Nusa Penida, Bali","Bamboo Room, Sea Room, Apartment 2, Apartment Kayu, Apartment with Mountain View, Room Wooden, Four-Bedroom Apartment, Apartment 3, APARTMENT Four Bedrooms Apartment, Apartment Four Bedrooms","Superior Room, Deluxe Room",50 m² - 100 m²  ,"Very beautiful location, a little disappointment",0.37799969259770433,0.3532117219290169,0.566037735742257,2
airis luxury villas & spa,14.77102238760702,14.355507141780457,Inclusive of taxes,8.4,"Ungasan, Bali","Free Wi-Fi, swimming pool with a view, free parking, spa, express check-in/check-out, restaurant, golf course, massage","Three Bedroom Villa with Private Pool, Two Bedroom Deluxe Villa, Duplex Two Bedroom Villa with Private Pool, Three Bedroom Villa with Private Pool, One Bedroom Superior Villa, Two Bedroom Deluxe Villa with Private Pool, One Bedroom Villa with Private Pool, Duplex Two Bedrooms Villa, Luxury Villa 1 Bedroom Private Pool, Deluxe Villa 2 Bedrooms Private Pool (1 King Bed and 2 Large Twin Beds)",220 m² - 280 m²  ,Peaceful and relaxing,0.54074320855061,0.5163502146421463,0.6981132074154504,0
akana boutique hotel,14.281486712812017,13.622956830604071,Inclusive of taxes,8.7,"Sanur, Bali","Private beach, free Wi-Fi, swimming pool, free parking, 24-hour reception, restaurant, bar, water sports","Deluxe Pool Access Room, Deluxe Pool View Room, Superior Room, Deluxe Pool Access, Deluxe Pool View, Deluxe Pool Access, Deluxe Double or Twin Room with Pool View, Experience Deluxe Pool Access, Experience Superior Double or Twin Room, Superior Double or Twin Room",28 m² - 35 m²  ,Hotel with complete facilities,0.46948502528303193,0.41089931013005165,0.7547169809896759,1
aksari resort ubud,15.827743483640491,15.39696063953486,Inclusive of taxes,8.9,"Tegallalang, Bali","Free Wi-Fi, swimming pool with view, free parking, spa, 24-hour front desk, fitness center, restaurant, bar,","Grand Suite, Suite Forest View, Suite",75 m² - 250 m²,One of the best resorts,0.6945624895568436,0.6662678539768775,0.7924528300391599,3
al dewi sri villas - nusa penida,13.017005083966255,12.218500103788143,Inclusive of taxes,5.0,"Nusa Penida, Bali","Free Wi-Fi, daily housekeeping service","Deluxe Double or Twin, Double or Twin Room with Balcony, Deluxe Room with Terrace, Double or Twin Room with Balcony (2nd Floor)",30 m² - 38 m²  ,Big spacious room with great bed. Lovely balcony and sea glimpses. Only 50m to the fishing boat and seaweed farm beach (not a swim beach). Onsite pool but not very inviting. Dirty bathroom and no room cleaning in 5 days. Water went off twice and was restored after an hour or so alerting the proprioter. Communication via Whatsapp only. Good restaurants /chill places and plenty small shops within walking distance. Nicely location towards the end of the busy main street,0.28542353949957255,0.20872721364564364,0.05660377357422567,4
alam candi dive resort,13.641158361294979,13.353476685668044,Inclusive of taxes,8.6,"Candidasa, Bali","Beach, free Wi-Fi, swimming pool with a view, free parking, spa, 24-hour reception, restaurant, bar","Standard Room, Ocean Room, Alam Villa, Garden Room, Ocean Room, Villa One Bedroom, Garden Room, Villa, One Bedroom Villa with Garden View, Deluxe Double Room",33 m² - 40 m²  ,Amazing and friendly property experience,0.3762770378509934,0.3721075376087618,0.735849056464934,0
alam kawi ubud resort & spa,13.710151153416941,11.813037464800539,Inclusive of taxes,8.7,"Tampaksiring, Bali","Spa, yoga retreat, swimming pool, free WiFi","Deluxe Room, Villa with Pool",35 m² - 100 m²,Quiet resort with a typical Balinese natural atmosphere,0.3863198218160792,0.15036070778962646,0.7547169809896759,2
alam kulkul boutique resort,14.394206583483706,13.796370551086687,Inclusive of taxes,8.4,"Legian, Bali","Beach, free Wi-Fi, swimming pool, free parking, spa, 24-hour reception, restaurant, massage","Alam Villa, Quad Room, Deluxe Family Room, Double Room Standard, Deluxe Double, Plunge Pool Villa, Two Bedroom Villa, Villa, Lanai Deluxe Double, Alam Java Villa",42 m² - 152 m²  ,A Beautiful Tropical Escape in Nature at Kulkul Boutique Resort!,0.48589284521481624,0.43586228318555864,0.6981132074154504,0
alam pangkung ubud,13.017005083966255,12.7022951610422,Inclusive of taxes,8.0,"Ubud, Bali","Free Wi-Fi, swimming pool, free parking, spa, 24-hour reception, massage, airport transfer, kitchen","Twin Bed Room, Deluxe Balcony, Deluxe Double Room, Double Bed, Deluxe Double Room with Balcony, Premier Twin Room with 2 Twin Beds, Deluxe Twin, Deluxe Twin Room, Deluxe Double or Twin Room",12 m² - 20 m²  ,Comfortable and Affordable Accommodation in Ubud,0.28542353949957255,0.2783697018236835,0.6226415093164828,1
alam puisi villa,14.737624700818701,13.821334565460477,Inclusive of taxes,8.7,"Tampaksiring, Bali","Free WiFi, swimming pool, free parking, spa, 24-hour reception, fitness center, restaurant, bar","Grand Paddy View Villa with Pool, One Bedroom Pool Villa, Luxury One Bedroom Villa With Private Pool, Villa, 1 Bedroom, Private Pool, Paddy Access Pool Villa, Paddy View Pool Villa, Grand Paddy View Pool Villa, Family Pool Villa, One Bedroom Paddy Access Pool Villa, One Bedroom Pool Villa",99 m² - 200 m²  ,Beautiful Villa and Great Staff,0.5358817477656083,0.439455862842554,0.7547169809896759,0
alam sembuwuk resort ubud,13.547632419997361,12.813664661036311,Inclusive of taxes,8.5,"Tampaksiring, Bali","Swimming pool, spa, free Wi-Fi","Standard Suite, Suite with Pool, Bedroom Villa, ",45 m² - 200 m²  ,Very good,0.36266314001188465,0.29440138501357843,0.7169811319401922,3
"alam ubud culture, environment villas & residences",15.096444681204078,14.04662307257814,Inclusive of taxes,8.6,"Tegallalang, Bali","Beach, free Wi-Fi, swimming pool with a view, free parking, spa, 24-hour reception, fitness center, restaurant","One Bedroom Pool Villa, Three-Bedroom Villa with Private Pool, One Bedroom Villa, One Bedroom Jungle View Villa, One Bedroom Jungle Private Pool Villa, One Bedroom Jungle Private Pool Villa Room Only, Luxury Villa, 1 Bedroom, One Bedroom Jungle View Villa Room Only, Luxury One Bedroom Villa, One Bedroom Luxury Pool Villa",134 m² - 250 m²  ,A hotel with the main strength is the staff who provide extraordinary service,0.5881125886191927,0.4718862317732372,0.735849056464934,0
aleesha villas,14.962178137674087,14.20077295875492,Inclusive of taxes,8.4,"Sanur, Bali","Beach, free WiFi, swimming pool, free parking, spa, 24-hour check-in, restaurant, massage","3 Bedroom Executive Suite, Executive Two-Bedroom Private Pool Villa, 2 Bedroom Executive, 2 Bedroom Superior, Executive Studio, Superior One-Bedroom Villa with Private Pool, Superior Two Bedrooms Villa with Pool, 1 Bedroom Superior, Deluxe Studio, Deluxe Suite",40 m² - 300 m²  ,Charming Tropical Villa,0.5685683746667145,0.49407616832745693,0.6981132074154504,0
alengkong double view,12.716900269294165,12.429220196836383,Inclusive of taxes,9.0,"Kintamani, Bali","Free WiFi, free parking, 24-hour reception, restaurant, airport transfer, family room, kitchen, balcony/terrace","Alengkong Double View, Lumbung, Rumah (home)",20 m² - 30 m²  ,Great stay,0.2417394425390365,0.23906045365905104,0.8113207545639017,4
alila seminyak,15.814485531321006,15.52680354918527,Inclusive of taxes,8.9,"Seminyak, Bali","Beachfront, infinity pool, spa, 24-hour front desk, free WiFi, restaurant","Deluxe Room, Suite, Ocean View Villa",46 m² - 120 m²,"A luxurious beachside experience, perfect for couples",0.6926326249018718,0.6849587917298493,0.7924528300391599,3
alindra villa,14.774861162440565,14.24722868660911,Inclusive of taxes,8.4,"Jimbaran, Bali","Free Wi-Fi, swimming pool with a view, free parking, spa, 24-hour reception, restaurant, bar, massage","Ethnic 2 Bedroom Villa, Grand Two Bedroom Suite Pool Terrace, One Bedroom Pool Villa Suite, Ethnic 1 Bedroom Villa, One Bedroom Pool Villa, Terracotta Suite, Grand Two Bedroom Pool Villa, Terracotta Prime Suite, Royal One Bedroom Pool Villa, Grand Two Bedroom Suite",40 m² - 105 m²  ,Beautiful gardens,0.5413019913619469,0.5007634885664249,0.6981132074154504,0
aloft bali seminyak- chse certified,14.54067371361718,14.252991641165398,Inclusive of taxes,8.8,"Seminyak, Bali","Rooftop pool, fitness center, bar & lounge, free WiFi","Loft Room, Deluxe Room, Executive Suite",30 m² - 70 m²,Modern hotel with stylish design and cool rooftop bar,0.5072130107085727,0.5015930681343411,0.773584905514418,3
amadea resort & villas seminyak bali,15.47797877530928,15.047196092657112,Inclusive of taxes,8.6,"Seminyak, Bali","Free Wi-Fi, swimming pool, free parking, spa, 24-hour reception, restaurant, bar, yoga room","2 Bedroom Pool Villa, 4 Bedroom Pool Villa, Deluxe Room, Rooftop Suite, Superior Room, Rooftop Two-Bedroom Apartment, 2 Bedroom Pool Villa, Junior Suite, 4 Bedroom Pool Villa, Apartment Suite",31 m² - 200 m²  ,"First place in Bali, affordable price and great location!",0.6436497594534997,0.6159191103181765,0.735849056464934,0
amala villas ubud,16.185199379137202,15.962055804445539,Inclusive of taxes,8.42253807106599,"Payangan, Bali","free WiFi, swimming pool, free parking, 24-hour check-in, bar, massage, airport transfer, family room","Villa with Private Pool, Signature Villa 5 Bedrooms Private Pool, 5-Bedroom Villa with Private Pool, Room Assigned on Arrival, Signature Villa",300 m² - 300 m²  ,Amazing villa. I could come back every year.,0.7465947703953081,0.7476135245282263,0.702365673653514,0
amalfi hotel seminyak,13.622372311136392,13.411651160013276,Inclusive of taxes,8.6,"Seminyak, Bali","Free Wi-Fi, swimming pool, free parking, 24-hour reception, luggage storage, rooftop area, breakfast, laundry service","Deluxe Balcony, Superior Room, Superior Twin, Deluxe Twin, Deluxe Room, Room Assigned on Arrival, Deluxe Twin Room with Balcony, Deluxe Double Room with Balcony, Deluxe Single Room, Standard Room",25 m² - 27 m²  ,Great place in the heart of Seminyak,0.37354248779877286,0.3804817759998002,0.735849056464934,1
amaris hotel pratama nusa dua,13.122365377402328,12.834683971615659,Inclusive of taxes,8.0,"Nusa Dua, Bali","Beach, free wifi, swimming pool, free parking, 24-hour front desk, restaurant, swimming pool (kids), luggage storage","Smart Room Twin, Smart Queen Room, Smart Room, Standard Room, Suite Club, Single Room, Economy Room",18 m² - 40 m²,Good value accommodation for the price,0.30076007876596494,0.2974271230127248,0.6226415093164828,2
amaris teuku umar denpasar,13.040775810383177,12.830057297355047,Inclusive of taxes,8.2,"West Denpasar, Bali","Free WiFi, swimming pool, 24-hour front desk, restaurant","Smart Room Queen, Smart Room Twin",18 m² - 24 m²,Economical choice with complete facilities,0.28888367298244855,0.29676111143888373,0.6603773583659663,4
amaroossa suite bali,13.62495640616384,13.178669984115126,Inclusive of taxes,7.9,"Nusa Dua, Bali","Free WiFi, swimming pool, fitness center, business facilities","Junior Suite, Executive Suite, Presidential Suite",30 m² - 90 m²,Boutique hotel with elegant design and affordable prices,0.3739186359050857,0.34694404438202503,0.6037735847917409,2
amatara arya ubud,14.32353345776624,13.90222389054308,Inclusive of taxes,9.1,"Ubud, Bali","Free Wi-Fi, swimming pool, free parking, spa, 24-hour reception, restaurant, bar, water sports","3 Bedroom Premium with Private Pool, 3 Bedroom Family Deluxe, Deluxe Room, Two-Bedroom Villa, Suite, Villa 3 Bedroom, Family Three Bedroom Villa with Private Pool, Two Bedroom Villa with Private Pool and Kitchen, 5-Bedroom Villa",50 m² - 250 m²  ,Nice villa,0.4756054671875118,0.4510999129032734,0.8301886790886436,0
amed lodge by sudamala resorts,13.86134492950806,13.422467969854667,Inclusive of taxes,8.6,"Amed, Bali","Beach, free Wi-Fi, swimming pool, restaurant, air conditioning in common areas, hand sanitizer, 24-hour security","Lipah Intimate Cottage, Karangasem Ocean View Cottage, Tirta Gangga Pool Access Cottage, Amed Romantic Beachfront Cottage, Jemeluk Premium Beachfront Cottage, Tulamben Ocean Breeze Cottage, Nyepi Retreat at Lipah Twin Room, Seraya Two Bedroom Ocean View Cottage, Amed Romantic Beachfront Cottage, Jemeluk Premium Beachfront Cottage",10 m² - 48 m²  ,A Lovely well done place,0.40832801112757267,0.38203886001752213,0.735849056464934,3
amed sari beach guesthouse,12.493763467943674,12.206082645480175,Inclusive of taxes,8.5,"Amed, Bali","Beach, Free WiFi, Spa, Restaurant, Happy Hour, Massage, Airport Transfer, Luggage Storage","Double Room with Balcony and Sea View, Deluxe Twin Room with Sea View, Single Bed in Mixed Dormitory Room, Superior Double Room, Double Bed Room, Room 1 Double Bed Fan, Double Room AC",20 m² - 24 m²  ,Comfortable stay,0.20925902506786295,0.20693971565357572,0.7169811319401922,1
amnaya resort kuta,14.870341616779989,14.093813281521658,Inclusive of taxes,9.0,"Kuta, Bali","Free wifi, swimming pool, free parking, spa, 24 hour front desk, gym, restaurant, bar","Deluxe Room, Grand Deluxe, Grande Suite, Grand Deluxe Poolside, Junior Suite, Amnaya Room, ",45 m² - 100 m²  ,"Clean rooms, friendly service",0.5552003935910375,0.4786792808529892,0.8113207545639017,3
amnaya resort nusa dua,16.04977130595773,15.273242632840525,Inclusive of taxes,9.1,"Tanjung Benoa, Bali","Spa, outdoor pool, rice field views","Deluxe Room, Suite, Pool Villa",45 m² - 150 m²,"Quiet setting, attentive staff",0.7268814809353745,0.6484585984058839,0.8301886790886436,3
ananda ubud resort,14.013952316645977,13.72627051753,Inclusive of taxes,8.8,"Kedewatan, Bali","Beach, free Wi-Fi, swimming pool with view, free parking, spa, 24-hour front desk, restaurant, bar.","Deluxe Room, Connecting Room Deluxe Garden View, Villa Rice Field View, Suite Rice Field View, Superior Room, Connecting Rooms, Bungalow, Honeymoon Deluxe, Suite Room, Room Assigned on Arrival",25 m² - 75 m²  ,Best stay around ubud!,0.4305419696204111,0.4257713558702594,0.773584905514418,3
ananta legian hotel,13.34558852538944,13.24022818749487,Inclusive of taxes,8.0,"Legian, Bali","Beach, Free WiFi, Swimming pool with a view, Free parking, Spa, 24-hour reception, Fitness center, Restaurant","Deluxe, Nature Scene, Junior Suites, Family Room, Deluxe Plus, Superior Deluxe, Twin Room Plus",22 m² - 44 m²  ,It's a fun life,0.33325306509529057,0.35580537189427336,0.6226415093164828,3
anantara bali uluwatu resort,16.189722955942738,15.966579381356583,Inclusive of taxes,8.8,"Pecatu, Bali","Private beach, free wifi, pool with view, free parking, spa, 24 hour front desk, fitness center, restaurant","Ocean View Villa, Ocean Front Suite, Penthouse",84 m² - 202 m²,Villa with Amazing Views,0.7472532348987763,0.7482646951981746,0.773584905514418,3
anantara seminyak resort & spa,15.876121664615845,15.588439677081464,Inclusive of taxes,8.3,"Seminyak, Bali","Beach, free Wi-Fi, swimming pool, free parking, spa, 24-hour reception, fitness center, restaurant","Three Bedroom Penthouse, 1 Bedroom Suite, 2 Bedroom Suite, Studio Plus, Penthouse, Penthouse, Three Bedroom Suite with Plunge Pool, Special Offer - One Bedroom Apartment Suite Room with Full Board and Free Exclusive Benefit, Penthouse, Two-Bedroom Apartment Suite",45 m² - 145 m²  ,"If you want a quiet trip to Bali, we recommend",0.7016045530132758,0.6938313365067933,0.6792452828907085,0
aneka lovina villas & spa,13.794032547997995,13.363250967987378,Inclusive of taxes,8.5,"Lovina, Bali","Private beach, free Wi-Fi, swimming pool with view, free parking, spa, 24-hour reception, fitness center, restaurant","Superior Room, Cottage, Free Dolphin Watching for 2 People at Cottage, Deluxe Double Cottage, Standard Room, Deluxe Cottage",24 m² - 36 m²  ,A stunning peaceful retreat,0.3985298324354274,0.37351454938092965,0.7169811319401922,3
angsoka hotel,12.364502727070859,12.07682349955715,Inclusive of taxes,8.5,"Lovina, Bali","Internet access, swimming pool, car parking, spa, 24-hour front desk, restaurant, massage, airport transfer","Simple Standard, Super Standard Room, Standard Double or Twin Room, Villa Apartment, Simple Standard Room, Superior, Deluxe Double Room, Simple Standard Room, Superior Single Room, Room Assigned on Arrival",15 m² - 32 m²  ,Great location,0.19044346976379825,0.1883328109180432,0.7169811319401922,1
aniniraka resort and spa,13.635485162971953,13.547632419997361,Inclusive of taxes,8.5,"Sayan, Bali","Free Wi-Fi, swimming pool, free parking, 24-hour reception, fitness center, massage, airport transfer, children's pool","Superior Room, Deluxe Room, Superior Double, Standard Twin Room, Superior Room for Single Use Local Promo, Deluxe Single Room",25 m² - 32 m²  ,Very friendly staff,0.3754512312210992,0.4000563316900283,0.7169811319401922,1
anja jimbaran,14.43122632678118,14.220505555587819,Inclusive of taxes,8.6,"Jimbaran, Bali","Beach, free WiFi, swimming pool, free parking, spa, 24-hour reception, fitness center, restaurant","Premium Suite, Triple Room, Family Room, Pool Access Suite, Suite, Deluxe Suite, Anja Suite, Deluxe Suite Special Offer, Lagoon Suite",36 m² - 66 m²  ,Very comfortable hotel for families,0.49128154268515845,0.49691668337830736,0.735849056464934,3
annapurna river view villas,14.891650558961983,14.603968372873895,Inclusive of taxes,8.42253807106599,"Mengwi, Bali","24-hour reception, Family room, English language, Indonesian language","Annapurna 1, Annapurna Family 1, Annapurna Family 2, Annapurna 2, Two-Bedroom Villa, Panoramic Villa, 2 Bedrooms, One-Bedroom Villa, Room Assigned on Arrival",20 m² - 40 m²  ,"Beautiful, quiet and beautiful villa",0.5583021828689663,0.5521163062747018,0.702365673653514,3
annora villas sanur,15.486753571645302,14.970234397888046,Inclusive of taxes,9.2,"Sanur, Bali","Beach, free Wi-Fi, swimming pool, free parking, spa, 24-hour reception, fitness center, restaurant","One Bedroom Pool Villa, Two Bedroom Pool Villa, Two Bedroom Villa with Private Pool, Two Bedroom Villa, Villa, 1 Bedroom, Private Pool, VILLA, 2 BEDROOMS, PRIVATE POOL, Villa with Private Pool, Villa, 2 Bedrooms, Private Pool, Two Bedrooms Villa with Pool",144 m² - 185 m²  ,Beautiful Villa,0.6449270433730214,0.6048404441810357,0.8490566036133854,0
antari hotel pemuteran,13.880049391601796,13.592367006650065,Inclusive of taxes,8.3,"Pemuteran, Bali","Beach, free Wi-Fi, swimming pool with a view, free parking, spa, 24-hour front desk, restaurant, massage","1 Bedroom Deluxe, Double Room, Double - 2 People, Classic Double, Superior Double Room, Classic Double or Twin, Deluxe Double or Twin",16 m² - 20 m²  ,"The price is very good, the pool is quite large, and there are many restaurants and cafes nearby. It seems to be family-run, and the service is friendly.",0.41105068499266945,0.40649589297821725,0.6792452828907085,1
apple suite,13.79387825783716,13.50619618538538,Inclusive of taxes,8.1,"Kerobokan, Bali","Free Wi-Fi, swimming pool, free parking, restaurant, airport transfer, living room, shared kitchen, balcony/terrace","Deluxe Apartment, Suite, Apartment with Pool View, Suite with Pool View, Two Bedroom Apartment, Studio Room, Two-Bedroom Apartment, Room Assigned on Arrival, Studio, Deluxe Two Bedrooms Apartment",35 m² - 95 m²  ,Cozy and comfortable,0.3985073735276844,0.3940915694713186,0.6415094338412245,3
aq-va hotel & villas,13.768253318265536,13.329375920771072,Inclusive of taxes,8.6,"Legian, Bali","Beach, free WiFi, swimming pool, free parking, spa, 24-hour reception, fitness center, restaurant","Three-Bedroom Villa with Private Pool and Fully Equipped Kitchenette, Four Bedroom Luxury Pool Villa - Jejas with Fully Equipped Kitchenette, 2 Bedroom Apartment, Two Bedroom Luxury Pool Villa with Fully Equipped Kitchenette, Standard Pool Villa 2 Bedroom, Deluxe with Pool Access, One Bedroom Apartment, Studio Suite, Three Bedroom Villa with Private Pool, Two Bedroom Villa with Private Pool",40 m² - 200 m²  ,Cleanliness and comfort,0.3947773355871807,0.3686382230524173,0.735849056464934,0
aqua octaviana villa,13.353476685668044,13.130333531178522,Inclusive of taxes,8.2,"Umalas, Bali","Beach, free Wi-Fi, swimming pool with a view, free parking, spa, 24-hour front desk, bar, water park","2 Bedroom Villa, Penthouse Suite with Jacuzzi, 1 Bedroom Suite Pool Villa, Deluxe Garden, 4 Bedroom Villa, 3 Bedroom Villa, One Bedroom Private Pool, 4 Bedroom Private Pool, Penthouse (Jacuzzi), One Bedroom Room with Private Pool",55 m² - 250 m²  ,"Great villa, will definitely come back again!",0.3344012877881764,0.33998599303004906,0.6603773583659663,0
arana suite,14.661035848276969,13.967889097048706,Inclusive of taxes,9.0,"Legian, Bali","Free Wi-Fi, swimming pool, free parking, 24-hour reception, airport transfer, family room, balcony/terrace, garden","Deluxe, Family Deluxe, Three Bedroom Suite, Deluxe Suite, Arana Villa, Family Suite, Family Room",28 m² - 84 m²  ,Comfortable hotel,0.5247332599808158,0.46055244512576593,0.8113207545639017,3
arena living,14.04662307257814,13.225643530608007,Inclusive of taxes,8.9,"Sanur, Bali","Cozy boutique hotel, swimming pool, free WiFi","Standard Room, Deluxe Room",30 m² - 50 m²,Small and comfortable hotel at an affordable price,0.4352976163149635,0.35370590481705866,0.7924528300391599,2
argasoka bungalows,12.665609185426066,12.377927112974284,Inclusive of taxes,8.8,"Monkey Forest, Bali","Free wifi, Swimming pool with view, Free parking, Spa, 24-hour reception, Yoga room, Massage, Airport transfer","Superior Family, Superior Double, Standard - 1 Double Bed, Deluxe Double, Standard Family, Family Superior, Family Room, Standard Double Room",12 m² - 30 m²  ,very nice place,0.23427336878292826,0.23167679412611467,0.773584905514418,1
argya santi resort,13.399996629152975,13.112315061750808,Inclusive of taxes,8.7,"Jimbaran, Bali","Beach, free Wi-Fi, swimming pool, free parking, 24-hour reception, restaurant, bar, yoga room","Three-Bedroom Villa with Private Pool, Deluxe Room, 3 Bedroom Villa, Private Pool, Standard Suite, Suite Pool View, Standard Room, Three-Bedroom Villa with Private Pool, Exclusive Double Room, Suite Pool View",29 m² - 170 m²  ,Great Stay for Family,0.34117286099340755,0.3373922272912499,0.7547169809896759,0
aria exclusive villa & spa,15.096444681204078,14.80876270134486,Inclusive of taxes,8.8,"Seminyak, Bali","Private pool, spa, free Wi-Fi, room service","Bedroom Pool Villa, Exclusive Pool Villa",180 m² - 200 m²  ,Outstanding attention and friendliness,0.5881125886191927,0.5815965301538372,0.773584905514418,0
ariks hotel ubud,12.798902129575252,12.100723240921731,Inclusive of taxes,8.4,"Ubud, Bali","Free Wi-Fi, spa, 24-hour reception, massage, airport transfer, shared kitchen, luggage storage, balcony/terrace","Standard Room, Deluxe Double Room, Deluxe Balcony, Superior Balcony",20 m² - 28 m²  ,very recommended and nice,0.2536758628839663,0.1917731880580828,0.6981132074154504,1
arimba at bisma,13.279368835614243,12.92269462427472,Inclusive of taxes,7.9,"Ubud, Bali","Beach, free Wi-Fi, swimming pool, free parking, spa, 24-hour reception, massage, airport transfer","Grand Suite, Deluxe, Suite, Suite with 1 King Bed, Terrace, Garden View, King Bed Suite with Garden View (Terrace)",37 m² - 91 m²  ,Perfect jungle resort,0.32361394167103935,0.31009629097020475,0.6037735847917409,3
arkamara dijiwa ubud,15.731378496526528,15.443696424074748,Inclusive of taxes,8.9,"Ubud, Bali","Free Wi-Fi, pool with a view, free parking, spa, 24-hour reception, restaurant, bar, yoga room","Suite Room, Two Bedroom Pool Villa, Double or Twin Room, One Bedroom Pool Villa, Royal Pool Villa with Extra Benefit, Royal Two Bedroom Pool Villa, Pool Access Room, Royal Two Bedroom Pool Villa, One Bedroom Pool Villa with Rice Field View",53 m² - 270 m²  ,The best resort in Ubud Arkamara Dijiwa,0.6805353322608608,0.6729954884855561,0.7924528300391599,0
arnata guest house,11.80061253740951,11.51293546492023,Inclusive of taxes,7.5,"Susut, Bali","free WiFi, free parking, yoga room, pets allowed, garden, air conditioning in public areas, body thermometer, English","Twin Room with Shared Bathroom, Twin Room with Garden View, Family Room with Garden View",12 m² - 60 m²  ,"Nice green location with gardens and a shala to move or meditate but Things I didn't like The bed was very uncomfortable, the room was moldy, the staff was absent",0.1083620351584366,0.10716090724289329,0.5283018866927732,4
artaloka hotel penida,13.41004744985411,13.122365377402328,Inclusive of taxes,8.3,"Nusa Penida, Bali","free WiFi, car park, 24-hour check-in, daily housekeeping, 24-hour security","Deluxe Double Room, Deluxe Twin Room",12 m² - 24 m²  ,"Beautiful hotel and nice swimming pool, there is hot water as well",0.34263588659171756,0.33883897416981307,0.6792452828907085,4
artotel haniman ubud,14.45087925012483,14.074670463182729,Inclusive of taxes,9.0,"Ubud, Bali","Restaurant, Spa, Free Wi-Fi, Room service","Studios 30, Studios 40",30 m² - 40 m²  ,A hotel with contemporary design and friendly service. Strategic location near the center of Ubud,0.4941422772249892,0.475923664647586,0.8113207545639017,2
artotel sanur - bali,13.983226807962962,13.760083468047164,Inclusive of taxes,8.8,"Sanur, Bali","Beach, free wifi, pool with view, free parking, spa, 24 hour front desk, restaurant, bar","Studio 30, Studio 55, Studio 40, Studio",30 m² - 55 m²,A comfortable and beautiful boutique hotel,0.4260694785611218,0.4306387433545833,0.773584905514418,3
aru house ubud,11.80061253740951,11.51293546492023,Inclusive of taxes,8.4,"Monkey Forest, Bali","Free WiFi, free parking, 24-hour reception, restaurant, bar, airport transfer, balcony/terrace, garden","Dormitory, Room Assigned on Arrival, Shared Dormitory (1 Twin Bed), Bed in 10-Bed Mixed Dormitory Room, Single Bunk Bed Room with Garden View",30 m² - 35 m²  ,"Very good for the price-quality ratio. I recommend it, the location is very good and convenient.",0.1083620351584366,0.10716090724289329,0.6981132074154504,4
aryaduta bali,14.137594781770806,13.849912950864715,Inclusive of taxes,8.7,"Kuta, Bali","Swimming pool, international restaurant, rooftop bar, fitness center",Deluxe Room,20 m² - 35 m²,"Comfortable and strategic, close to Kuta tourist area",0.44853971297835876,0.44356973262650456,0.7547169809896759,3
asher bali transit,12.775169064210813,12.487488878546145,Inclusive of taxes,7.3,"Tuban, Bali","Free Wi-Fi, 24-hour reception, room service, daily housekeeping, air conditioning in public areas, elevator, shared lounge/TV area, CCTV in public areas",Standard Double or Twin Room,20 m² - 20 m²  ,Very comfortable and close to the airport,0.250221211449321,0.24744825323715033,0.4905660376432894,4
ashoka tree resort at tanggayuda,14.04662307257814,13.312654757285246,Inclusive of taxes,8.6,"Kedewatan, Bali","Riverside view, spa, yoga retreat, swimming pool","Deluxe Room, Suite, Villa with Pool",40 m² - 120 m²,Exotic resort on the river bank with a natural feel,0.4352976163149635,0.3662312050126004,0.735849056464934,3
askara guest house & hostel,12.206077645517674,11.918397239722838,Inclusive of taxes,8.2,"Ubud, Bali","free WiFi, swimming pool, 24-hour front desk, airport transfer, family room, shared kitchen, luggage storage, balcony/terrace","Deluxe Room, Single Bed in Dormitory Room, Superior Twin Room, Executive Triple Room, Deluxe Quadruple Room, Queen Room, Shared Dormitory, Non Smoking, Room Assigned on Arrival",14 m² - 40 m²  ,"New property, very clean, great staff",0.16738267138536503,0.16552728869914152,0.6603773583659663,1
askara villa,14.406071703765585,14.322690143001864,Inclusive of taxes,8.0,"Canggu, Bali","Beach, free Wi-Fi, swimming pool, free parking, spa, 24-hour reception, massage, airport transfer","One Bedroom Villa with Private Pool, Villa With Private Pool, One Bedroom Villa, VILLA 1 BEDROOM PRIVATE POOL, Room Assigned on Arrival, VILLA, 1 BEDROOM PRIVATE POOL, One Bedroom Villa with Private Pool (No Window), VILLA DOUBLE BED PRIVATE POOL, VILLA SINGLE ROOM PRIVATE POOL, DOUBLE ROOM HOUSE DOUBLE BED EXTRABED 1 BEDROOM PRIVATE POOL",200 m² - 300 m²  ,Very good,0.48761996533919133,0.5116261948010822,0.6226415093164828,0
asoka city bali,12.873904582205107,12.586223364451623,Inclusive of taxes,8.0,"Kuta, Bali","Swimming pool, free Wi-Fi, free parking","Standard Room, Deluxe Room, Family Suite",22 m² - 38 m²  ,Clean and comfortable hotel at an affordable price. Close to various places to eat,0.26459342985649414,0.2616611211950514,0.6226415093164828,1
asri sari ubud resort & villa,13.487007879880162,12.570719231334277,Inclusive of taxes,7.9,"Ubud, Bali","Beach, Free wifi, Swimming pool, Free parking, Spa, 24-hour reception, Bar, Yoga room","1-Bedroom Villa, Deluxe Room, Two-Bedroom Villa, Suite with Pool View, Suites Room, 1 - Bedroom Villa Private Pool, One Bedroom Villa Pool, 1-bedroom Villa Private Pool, One Bedroom Villa - Private Pool, Suite Single Room Pool View",26 m² - 100 m²  ,Balinese style hotel villa surrounded by greenery for a relaxing holiday,0.35383846223535065,0.2594292951539504,0.6037735847917409,0
astagina resort villa and spa,15.040149440234977,14.341964815906916,Inclusive of taxes,8.4,"Legian, Bali","Beach, free Wi-Fi, swimming pool, free parking, spa, 24-hour reception, restaurant, bar","2 Bedroom Pool Villa, 3 Bedroom Pool Villa, 2 Bedroom Garden Villa, 1 Bedroom Pool Villa, 2 Bedroom Suite, Suite Room, 1 Bedroom Temple Villa, 1 Bedroom Garden Villa, Deluxe Double Room with Terrace",31 m² - 200 m²  ,Amazing Stay,0.5799180957464343,0.5144007915229762,0.6981132074154504,0
aston kuta hotel & residence,14.503143060601191,14.34062421982664,Inclusive of taxes,8.6,"Kuta, Bali","Rooftop pool, restaurant, bar/lounge, free Wi-Fi, kids club","Superior Room, Junior Suite",24m² - 36m²,"Close to Ngurah Rai Airport and Kuta Beach, friendly and professional staff service",0.501749943789323,0.5142078121915998,0.735849056464934,3
atta mesari ubud,15.005120711454374,14.311974139574016,Inclusive of taxes,8.5,"Ubud, Bali","Free Wi-Fi, pool with view, free parking, spa, front desk [24-hour], restaurant, bar, yoga room","Two Bedroom Pool Villa, One Bedroom Pool Villa, Suite, Two Bedroom Villa, Grand Suite with Balcony, Pool Villa, Villa with Garden View, Suite with Terrace, 2 Bedroom Villa with Private Pool, 2 Bedroom Rice Terrace Pool Villa",50 m² - 200 m²  ,A nice resort but housekeeping spoiled my stay,0.5748192159229695,0.5100836219061138,0.7169811319401922,0
aurora house ubud,12.44521945882148,11.752076214750227,Inclusive of taxes,8.2,"Ubud, Bali","Free Wi-Fi, express check-in/check-out, airport transfer, balcony/terrace, garden, breakfast, room service, tour","Deluxe Double Room, Twin Room, Single Room, Double Room, Twin Room B, Deluxe Room, Double Room - Room Only FC, Single Room - Breakfast FC",12 m² - 49 m²  ,The location is quite central. The room is clean but small.,0.2021928232021443,0.14158531194320315,0.6603773583659663,1
avani seminyak bali resort,14.82636937617768,14.663850446679906,Inclusive of taxes,9.2,"Seminyak, Bali","Beach, free Wi-Fi, swimming pool, free parking, spa, 24-hour reception, fitness center, restaurant","One Bedroom Pool Villa, Two Bedroom Suite, One Bedroom Suite, Two Bedroom Pool Villa, Two Bedroom Apartment Suite, Two Bedroom Apartment (2 BDS), One Bedroom Suite Apartment, Two Bedroom Apartment Suite, One Bedroom Apartment Suite, Two Bedroom Villa (2 BDR)",56 m² - 254 m²  ,Highly recommend!! hehe,0.5487996711496395,0.5607363542776345,0.8490566036133854,0
aventus resort ubud,13.615840583835682,13.259166163182412,Inclusive of taxes,8.3,"Tegallalang, Bali","free WiFi, swimming pool, free parking, balcony/terrace, garden, private check-in/check-out, non-smoking rooms, daily housekeeping","Deluxe Valley View Room, Copy of Deluxe Valley View, Deluxe Valley View with Bathtub, Deluxe Double Room Balcony, Bungalow Suite, Special Offer Room, Deluxe Room, Room Assigned on Arrival",24 m² - 48 m²  ,A cozy and warm little resort,0.3725917112874539,0.35853150091969477,0.6792452828907085,1
avisara villa and guesthouse,13.78090772596626,12.982402215186214,Inclusive of taxes,8.8,"Nusa Dua, Bali","Free Wi-Fi, swimming pool, free parking, spa, 24-hour reception, fitness center, massage, airport transfer","Two Bedroom Villa with Private Pool, Deluxe Room, Work from Hotel Package Deluxe Room, Deluxe Room, Basic Double or Twin Room, Two Bedroom Villa, Two Bedroom House",16 m² - 150 m²  ,This is a great family run guest house,0.3966193465978358,0.3186912220920606,0.773584905514418,0
awan bali house,13.199326270390594,12.506180941677357,Inclusive of taxes,8.9,"Ubud, Bali","Free Wi-Fi, swimming pool, car parking, 24-hour front desk, restaurant, airport transfer, luggage storage, balcony/terrace","Deluxe Room, Superior Room, Superior Room Smoking, Deluxe Room Smoking, Room Assigned on Arrival, Single Room Smoking Deluxe, Single Room Smoking Superior",32 m² - 45 m²  ,"An excellent location if you want to explore the Ubud palace area. This guesthouse has everything: clean rooms, a comfortable veranda for enjoying coffee and pool views, and a beautiful family temple on site",0.31196272179967405,0.25013898305367055,0.7924528300391599,1
awatara boutique resort,13.801174282904116,13.20333857325252,Inclusive of taxes,8.3,"Kedewatan, Bali","Outdoor swimming pool, non-smoking rooms, spa & wellness center, airport shuttle, room service, free parking, restaurant, tea/coffee maker in all rooms, bar, breakfast","Deluxe Double or Twin Room with Pool View, Super Deluxe Double Room with Pool View",33 m² - 42 m²  ,Friendly and welcoming staff,0.399569403361493,0.3504950974604108,0.6792452828907085,4
ayola bali jimbaran,12.85840043573314,12.570719231334277,Inclusive of taxes,8.4,"Jimbaran, Bali","Budget hotel, swimming pool, free WiFi","Standard Room, Deluxe Room",20 m² - 40 m²,Economical hotel with a strategic location in Jimbaran,0.2623366028925156,0.2594292951539504,0.6981132074154504,4
ayu laba beach villa and resto,13.247528873296742,12.959846800844963,Inclusive of taxes,8.3,"Nusa Penida, Bali","Beach, free Wi-Fi, swimming pool with view, free parking, spa, 24-hour front desk, restaurant, happy hour","Double Deluxe Room, Deluxe Bungalow with Sea View, Standard Villa 1 Bedroom, Standard Villa 1 Bedroom, Bungalow - Beach Front",20 m² - 50 m²  ,Nice! But don't expect too much because it's cheap. The breakfast is very good and the sunshine is also very nice.,0.31897922762082576,0.3154443613541128,0.6792452828907085,1
b hotel bali & spa,14.283601734637823,13.353476685668044,Inclusive of taxes,8.5,"West Denpasar, Bali","Free WiFi, swimming pool, fitness center, kids club, spa","Superior Room, Deluxe Room, Suite",32 m² - 60 m²,Suitable for family vacation with complete facilities,0.4697928937809537,0.3721075376087618,0.7169811319401922,3
bagus agro pelaga,14.547398047840515,14.259716135722138,Inclusive of taxes,8.7,"Plaga, Bali","Free Wi-Fi, swimming pool, free parking, spa, 24-hour front desk, restaurant, bar, yoga room","Deluxe Double Room (2 Adults + 1 Child) (Superior Farm Room), Luxury Farm Villa, Two Bedroom Farm Villa with Private Pool, Two Bedroom Pool Villa, Large Double or Twin Room, Luxury One Bedroom Farm Villa, Deluxe Farm Room, Villa Two Bedroom Pool",28 m² - 166 m²  ,Quiet clean comfortable,0.5081918236227481,0.5025610617623231,0.7547169809896759,0
balam bali villa,13.35045785264374,12.872424003302957,Inclusive of taxes,8.9,"Mengwi, Bali","Free Wi-Fi, swimming pool, parking space, 24-hour check-in, fitness center, airport transfer, luggage storage, rooftop area","Family Triplex Room, Family Room with Pool Access, Deluxe Double Room B, Wood Suite, Deluxe Double Room A, Deluxe Room Pool Access, Family for 4, Standard Room Garden View, Quadruple Room for 4 People, Triple Room Pool Access",20 m² - 100 m²  ,A quiet place to enjoy the Balinese countryside,0.33396185800200157,0.3028598153712192,0.7924528300391599,1
balangan inn,12.154784614286667,11.86710429621008,Inclusive of taxes,7.9,"Jimbaran, Bali","Beach, Free wifi, Swimming pool, Free parking, Express check-in/check-out, Restaurant, Bar, Water sports","Standard - 1 Double, Superior Double Room, Double Capsule, Single Capsule, Single Bed in Dormitory Room, Standard Fan, Shared Room, Standard Room, Superior Room, 1 Bedroom",15 m² - 25 m²  ,"They have so good facilities, spacious room, clean. Near by Balangan Beach, restaurants and cafe. They also provide another facilities like rent bike/car and surfing lessons",0.15991631416566038,0.1581436493695478,0.6037735847917409,4
bale bali house,12.468440756144114,12.180759965737863,Inclusive of taxes,9.3,"Ubud, Bali","free WiFi, 24-hour reception, water sports, massage, airport transfer, family room, kitchen, balcony/terrace","Deluxe Room, Room Assigned on Arrival, Deluxe Double Bed Room (No Window)",20 m² - 20 m²  ,Bale Bali house is a wonderful homestay with very friendly and welcoming staff and owners.,0.20557298024794093,0.20329450597615623,0.8679245281381276,1
bali asli lodge by eps,12.88887399203587,12.286504508242295,Inclusive of taxes,8.5,"Ubud, Bali","free WiFi, free parking, airport transfer, balcony/terrace, garden, takeaway breakfast service, room service, laundry service","Standard Room, One Bedroom with Garden and Private Bathroom, Room Assigned on Arrival, Double Room with Private Bathroom",15 m² - 99 m²  ,"The owners are fantastic, they make you feel like family. The place is spotless and convenient for getting around Ubud! Highly recommended.",0.2667724190579956,0.21851647432997903,0.7169811319401922,4
bali bhuana beach cottage,13.095984493857907,12.959844447906553,Inclusive of taxes,9.0,"Amed, Bali","Private beach, free Wi-Fi, swimming pool with a view, free parking, spa, express check-in/check-out, restaurant, bar","1 Bedroom Bungalow, Standard Double Room, Deluxe Double Room, 1 Bedroom Standard Room, Deluxe Room 1 Bedroom Garden View, 1 Bedroom Deluxe Cottage, Double Bed Cottage Room, Standard Room, Deluxe Room",15 m² - 45 m²  ,5 Stars,0.29692000350453235,0.3154440226477062,0.8113207545639017,1
bali bobo hostel,11.98294159413784,11.695263688291963,Inclusive of taxes,9.3,"Jimbaran, Bali","Beach, free Wi-Fi, swimming pool, free parking, foot soak, 24-hour front desk, fitness center, bar","Female Dormitory Room, Basic Triple Room with Shared Bathroom, Mixed Dormitory Room, Family Room with Shared Bathroom, Private Room, Family Standard Room, Standard Queen Shared Facilities, Shared Dormitory Women Only (1 Twin Bunk Bed), Single Bed in 10-Bed Dormitory Room",28 m² - 40 m²  ,Excellent cleanliness and preservation,0.13490236308201972,0.1334071264844862,0.8679245281381276,4
bali breezz hotel,13.946539697563276,13.658857917508856,Inclusive of taxes,8.8,"Jimbaran, Bali","Free WiFi, swimming pool with view, free parking, spa, 24-hour reception, restaurant, massage, airport transfer","Executive Room, Deluxe Room, Premier Room, Villa with Private Pool, Villa Signature with Private Pool, Studio, Cozy Double Bed Room, Cozy Double, Premier",17 m² - 120 m²  ,Pretty good value and a great breakfast,0.4207292000665801,0.41606728566609,0.773584905514418,3
bali bungalo,13.443095238884958,13.155413166433178,Inclusive of taxes,8.0,"Kuta, Bali","Beach, free WiFi, swimming pool with view, free parking, foot soak, 24-hour reception, restaurant, bar","Twin Room with Terrace, Standard Double or Twin Room, Pool View Single Room, DOUBLE ROOM DOUBLE BED POOL VIEW, Double Garden View Room, Deluxe Twin Room, Deluxe Double Room, Single Room, Deluxe Pool View, Single Room with Park View",26 m² - 39 m²  ,Amazing location,0.3474464152796105,0.3435962163581777,0.6226415093164828,1
bali caps hostel,11.895926808094103,11.608244735642321,Inclusive of taxes,9.0,"Kuta, Bali","Beach, free Wi-Fi, swimming pool with a view, parking, 24-hour reception, restaurant, golf course, airport transfer","Capsule Mixed Dormitory, 1 Person in 2-Bed Dormitory Mixed, 2 People in Dormitory Mixed, Bed in 2 Beds Mixed Dormitory Room, Single Bed in 14 Bed Mixed Dormitory Room, Double Bed in 4 Bed Mixed Dormitory Room, Double Bed Capsule Mixed, Standard Shared Dormitory, Mixed Dorm, Shared Bathroom",21 m² - 43 m²  ,Clean and private,0.12223624722950258,0.12088071413218793,0.8113207545639017,4
bali chaya hotel,13.184143096544792,13.006952525893,Inclusive of taxes,8.5,"Legian, Bali","Free Wi-Fi, swimming pool, car parking, spa, 24-hour reception, restaurant, bar, airport transfer","Superior Room, Superior Pool Access Room, Deluxe Room, Superior Room with Pool Access, Room Assigned on Arrival, Standard Room, Double Room Queen Bed - De Luxe, Junior Suite - Balcony, Deluxe Double Room Double Bed Extra Bed, Superior 1 Bed Double Bed",22 m² - 30 m²  ,Good price for the value paid,0.30975261650971586,0.32222524894398585,0.7169811319401922,1
bali diva hotel,12.89399369361852,12.415960730041935,Inclusive of taxes,6.8,"Poppies, Bali","Free Wi-Fi, swimming pool with a view, free parking, 24-hour reception, restaurant, bar, massage, family room","Bungalow Room, Superior Twin Room, Superior Double Room, Deluxe Twin Room, Standard Twin Room, Room Assigned on Arrival",12 m² - 18 m²  ,Just Average,0.2675176571528588,0.2371517482152198,0.39622641501957984,1
bali dive resort and spa,14.02440588369326,13.721202076292816,Inclusive of taxes,8.9,"Tulamben, Bali","Beach, free Wi-Fi, swimming pool with a view, spa, restaurant, bar, yoga room, massage","Deluxe Triple Room, Bungalow with Sea View, Deluxe Double Room with Pool Access, Deluxe Twin Room with Pool Access, Bungalow Twin with Garden View, Bungalow Double with Garden View, Double or Twin Room with Pool View, Deluxe Double Room Pool Access, Deluxe Triple Room (1 King Bed and 1 Semi-Double Bed), Bungalow Garden View (2 Semi-Double Beds)",30 m² - 45 m²  ,Best resort for scuba diving,0.43206362010434607,0.42504175176693265,0.7924528300391599,1
bali dynasty resort,14.556087453893173,14.094052486272982,Inclusive of taxes,8.6,"Kuta, Bali","Beach, free wifi, swimming pool, free parking, spa, fitness center, restaurant","Family Studio, Deluxe Room, Superior Room, Deluxe Family",33 m² - 42 m²,Comfortable hotels in Kuta Bali,0.5094566778935753,0.4787137144707297,0.735849056464934,3
bali eco living dormitory,11.532737896139919,11.245059091624615,Inclusive of taxes,7.8,"South Denpasar, Bali","Free Wi-Fi, free parking, 24-hour reception, restaurant, breakfast, 24-hour room service, non-smoking property, daily housekeeping","1 Person in 8-Bed Dormitory - Mixed, Cottage, Bed in Dormitory Capacity 8, Bed in 6-Bed Mixed Dormitory Room, Villa, Rumah Joglo Healing Room, Traditional Room, Bed in 8-Bed Mixed Dormitory",37 m² - 60 m²  ,So far so good,0.06936945246603411,0.06859999827804755,0.5849056602669989,4
bali elephant,13.199326270390594,12.506180941677357,Inclusive of taxes,7.9,"Jimbaran, Bali","Eco-friendly hotel, free WiFi, restaurant","Standard Room, Family Room",20 m² - 50 m²,Unique hotel with an environmentally friendly concept in Jimbaran,0.31196272179967405,0.25013898305367055,0.6037735847917409,4
bali garden beach resort,14.585619242623203,14.297937324492327,Inclusive of taxes,8.4,"Kuta, Bali","Beachfront, swimming pool, multiple restaurants, spa","Deluxe Room, Family Suite, Ocean View Suite",35 m² - 100 m²,Resort in Kuta with beach views and complete facilities,0.5137554077347151,0.5080630168715518,0.6981132074154504,3
bali golden elephant,13.199326270390594,12.506180941677357,Inclusive of taxes,7.9,"Jimbaran, Bali","Swimming pool, free Wi-Fi, restaurant, bar","Bedroom Villa, Apartment With Pool, Family Room, Bed Dormitory, Deluxe One",20 m² - 150 m²  ,"Amazing room, Amazing service overall AMAZING",0.31196272179967405,0.25013898305367055,0.6037735847917409,0
bali jungle camping,14.093143052138025,13.805461232211272,Inclusive of taxes,8.7,"Pupuan, Bali","Free Wi-Fi, swimming pool with a view, free parking, restaurant, yoga room, massage, airport transfer, family room","Dome Tent with Hammock 4, Dome Tent with Hammock 5, Dome Tent with Hammock 1, Dome Tent with Hammock 2, Dome Tent with Hammock 6, Dome Tent with Hammock 7, Dome Tent with Hammock 3, Wooden Deluxe Room, Family Room, Dome Tent",18 m² - 36 m²  ,We are back and will be back again,0.442069194771366,0.437170890297716,0.7547169809896759,3
bali jungle huts,14.234968639506004,13.71844994704891,Inclusive of taxes,8.6,"Sebatu, Bali","Room service, elevator","Deluxe Villa Private Pool, Junior Double Room, Deluxe Villa, Double Room, Junior Double Bed Double Room, Villa Double Bed, Deluxe Villa Private Pool, Deluxe Non-Smoking, Deluxe House, Non-Smoking",16 m² - 55 m²  ,This is a very nice hotel! I like the room and also the staff,0.46271372430627966,0.4246455816832179,0.735849056464934,1
bali kuwi hotel,12.368591075027824,12.080911835906779,Inclusive of taxes,8.3,"Negara, Bali","24-hour reception, smoking area, ATM, laundry service (available at accommodation)","Standard AC Room with Hot Water, Standard AC Room with Hot Water - Room Only, Standard AC Room Only, Standard AC Room",15 m² - 20 m²  ,"The hotel location is okay, but the rooms and facilities are below estimate/standard.",0.1910385811376549,0.18892132853852672,0.6792452828907085,4
bali mandira beach resort & spa,15.588766725407043,15.301084709548345,Inclusive of taxes,8.3,"Legian, Bali","Beach, free WiFi, swimming pool with a view, free parking, spa, 24-hour reception, fitness center, restaurant","Club Pool Villa, Club Suite, Deluxe Club King Room, Superior Twin, Superior Family Room, Private Courtyard Room, Deluxe Cottage, ",32 m² - 94 m²  ,Enjoying the sea in Kuta,0.6597763636181737,0.6524664762642933,0.6792452828907085,3
bali mountain retreat,13.053373363056153,12.765691290604371,Inclusive of taxes,9.0,"Selemadeg, Bali","Free Wi-Fi, free parking, spa, restaurant, yoga room, massage, airport transfer, family room","Superior Bungalow Garden View, Private Bungalow, Superior Teak House Room, Deluxe Guest Room (1 King or 2 Twin/Single Beds), Deluxe Room 1 King, Standard Teak House Room, Standard King or Twin, Deluxe Room 1 King or 2 Twins, Deluxe Bungalow with Garden View, Standard Garden View Double Room (Shared Bathroom)",21 m² - 35 m²  ,Comfortable Room with Refreshing Fresh Air,0.2907174080161001,0.2874955995305063,0.8113207545639017,1
bali nusa cottage,12.614240763879113,12.326558691427334,Inclusive of taxes,8.3,"Nusa Lembongan, Bali","Beach, Free wifi, Swimming pool, Free parking, 24-hour reception, Restaurant, Bar, Shuttle service","Deluxe Pool Access Room, Deluxe Pool View, Cottage with Pool Access, COTTAGE POOL VIEW, Cottage Garden View, deluxe, Double Room, Pool View, Poolside, Deluxe Pool View – Room Only, DELUXE POOL ACCESS - Room Only, Room Assigned on Arrival",25 m² - 32 m²  ,Affordable and spacious accommodation,0.22679603753778102,0.22428228970390549,0.6792452828907085,1
bali nusa dua hotel,14.452087916136215,13.90736112383603,Inclusive of taxes,8.9,"Nusa Dua, Bali","Luxury hotel, swimming pool, business-friendly","Deluxe Room, Suite, Executive Room",40 m² - 80 m²,Elegant hotel with business and leisure facilities,0.49431821403324044,0.4518394196499993,0.7924528300391599,2
bali palms resort candidasa,14.269766465162304,13.576619919522388,Inclusive of taxes,8.5,"Candidasa, Bali","Beach, free Wi-Fi, swimming pool with a view, free parking, spa, 24-hour reception, restaurant, bar","2 Bedroom Apartment, 1 Bedroom Apartment, Studio, Superior Double or Twin Room, Superior Room with Breakfast, Studio Suite with Breakfast, Studio Suite, One-Bedroom Apartment, studio suite with, SUITE SUITE STUDIO",30 m² - 100 m²  ,Very satisfied staying overnight at Bali Palms Resort Candidasa,0.46777899322456273,0.4042290936120718,0.7169811319401922,3
bali paradise city hotel,13.487007879880162,12.49275797139508,Inclusive of taxes,7.6,"Kerobokan, Bali","Beach, free Wi-Fi, swimming pool, free parking, 24-hour reception, fitness center, bar, golf course","Superior Room, Superior Twin Room, Presidential Suite, Deluxe Room, Superior Double Room, Executive Room, Room Assigned on Arrival, Special Rate Room, Executive Room",28 m² - 100 m²  ,PRICE WORTH OWNED ONCE,0.35383846223535065,0.2482067412186598,0.5471698112175151,1
bali paragon resort hotel,14.08831399037258,13.1594452664416,Inclusive of taxes,8.5,"Jimbaran, Bali","Free WiFi, swimming pool, spa, fitness center, restaurant, kids club","Superior Room, Deluxe Room, Suite",28 m² - 60 m²,The right choice for families with comfortable and modern facilities,0.441366263021935,0.34417663873529536,0.7169811319401922,3
bali rani hotel,14.626441218624949,13.758941264676379,Inclusive of taxes,8.6,"Kuta, Bali","Free Wi-Fi, swimming pool, free parking, spa, 24-hour reception, restaurant, bar, golf course","Deluxe Double or Twin Room, Superior Room, Deluxe Family Room, Family Suite, Suite, Deluxe With Breakfast, Deluxe Family Room - Non Refundable, Business Studio Suite, Suite with Pool View",27 m² - 64 m²  ,Comfortable Hotel,0.5196975688417584,0.4304743227315238,0.735849056464934,3
bali relaxing resort & spa,14.207283014798548,13.514136510096257,Inclusive of taxes,8.5,"Tanjung Benoa, Bali","Beachfront, spa, swimming pool, restaurant","Deluxe Room, Suite, Ocean View Room",35 m² - 90 m²,Comfortable resort with direct access to the beach,0.45868372726856144,0.3952345823266913,0.7169811319401922,3
bali royal heritage villas,13.710151153416941,13.199326270390594,Inclusive of taxes,8.6,"Seminyak, Bali","Beach, free Wi-Fi, swimming pool, free parking, 24-hour front desk, restaurant, massage, airport transfer","3 Bedrooms Villa, 3 Bedroom Pool Terrace, 3 Bedroom Luxury Pool Villa, 3 Bedroom Pool Villa, Bungalow Room, Three Bedroom Villa, 2 Bedroom Villa, Wooden Bungalow, Two Bedroom Villa",36 m² - 300 m²  ,A great family vacation,0.3863198218160792,0.3499175248902933,0.735849056464934,0
bali sandy resort,13.919711101114046,13.430437609226455,Inclusive of taxes,8.0,"Poppies, Bali","Free Wi-Fi, swimming pool, free parking, front desk [24 hours], restaurant, bar, massage, airport transfer","Family Garden View, Superior Double or Twin, Deluxe Double or Twin Room, Balcony Room, Standard Room, Classic Deluxe, Superior Room with Balcony, Family Room, Classic Deluxe, Classic Deluxe",25 m² - 35 m²  ,Excellent Resort for the price,0.4168239544613611,0.3831860927298265,0.6226415093164828,1
bali seascape beach club,14.269766465162304,13.576619919522388,Inclusive of taxes,8.3,"Candidasa, Bali","Private beach, free Wi-Fi, swimming pool with view, free parking, spa, 24-hour front desk, restaurant, bar","Superior Double Room, Standard Suite Studio, 1 Bedroom Suite With Breakfast, Suite One Bedroom, Deluxe Ocean View, Studio Suite with Breakfast, 1 Bedroom Suite, Superior Room, Superior Room with Breakfast, Suite Standard",21 m² - 58 m²  ,"Good place, good view, good staff",0.46777899322456273,0.4042290936120718,0.6792452828907085,3
bali summer hotel,13.236516722585888,12.441646618046294,Inclusive of taxes,7.7,"Kuta, Bali","Beach, free Wi-Fi, swimming pool, free parking, spa, 24-hour reception, restaurant, bar","Standard Room, Deluxe Room, Deluxe Room Garden View, Deluxe Garden View, Classic Deluxe Double or Twin Room, Classic Superior Double or Twin Room, Modern Deluxe Room with Balcony, Superior Room",20 m² - 38 m²  ,"Good value for money, nice breakfast",0.31737626813507863,0.24084924186436774,0.566037735742257,1
bali taman beach resort & spa lovina,14.321979906928464,13.805461232211272,Inclusive of taxes,8.5,"Lovina, Bali","Private beach, Free wifi, Swimming pool with view, Free parking, Spa, 24-hour reception, Restaurant, Bar","Deluxe Twin Or Double, Suite Room, Family 2 Bedroom with Pool Villa, Deluxe, Two-Bedroom Suite, Suite with Sea View, Family Suite, Deluxe Suite",32 m² - 96 m²  ,Comfortable place,0.4753793279784334,0.437170890297716,0.7169811319401922,3
bali tropic resort & spa,14.5751479476292,14.144365283448428,Inclusive of taxes,8.5,"Tanjung Benoa, Bali","Beachfront, traditional Balinese design, multiple pools","Deluxe Room, Suite, Beachfront Bungalow",50 m² - 100 m²,A resort with a traditional Balinese feel and a beachfront location,0.5122311767212266,0.48595626135077163,0.7169811319401922,3
balian paradise resort,12.676079399771027,12.319405795112926,Inclusive of taxes,7.2,"Balian, Bali","Beach, free Wi-Fi, swimming pool, free parking, 24-hour front desk, restaurant, bar, massage","Superior Double or Twin Room with Pool View, Smart Double Room, Standard Twin or Double, Deluxe Double Pool View, Superior Double or Twin, Standard Double or Twin, Deluxe Room, Smart Room, Standard Double Bed, Deluxe Pool Front",20 m² - 26 m²  ,Balian Paradise Best Hotel,0.2357974424941169,0.2232526274749397,0.47169811311854754,1
balisanti bungalows,13.561648744995164,13.473796004379512,Inclusive of taxes,8.8,"Candidasa, Bali","Private beach, Free wifi, Swimming pool with view, Free parking, Spa, 24-hour reception, Restaurant, Bar","Two-Bedroom Villa, Standard Double Room, Suite Garden View Room, Deluxe Beach View Room, King Suite with Sea View, Serenity Suite - Newly Renovated, Deluxe Room with Balcony, Deluxe Garden View Room, Two Bedroom Villa with Private Pool, Deluxe",48 m² - 180 m²  ,"Amazing place, a true gem!",0.3647033955169602,0.3894275507120643,0.773584905514418,3
balitone guest house,12.793862088206213,12.654600435941708,Inclusive of taxes,8.3,"West Denpasar, Bali","Swimming pool, car parking, 24-hour front desk, smoking area","Deluxe Double, Deluxe Twin, Deluxe Triple",16 m² - 33 m²  ,"Comfortable, clean place",0.2529422203528034,0.2715040274453246,0.6792452828907085,4
balitung villa seminyak,14.258716438499631,13.71633200564559,Inclusive of taxes,8.9,"Seminyak, Bali","Free Wi-Fi, swimming pool, free parking, spa, 24-hour check-in, airport transfer, family room, shared kitchen","One Bedroom Villa, Villa Twin Room, Villa Double Room, Villa, Two Bedroom Villa",72 m² - 96 m²  ,The host is very helpful and friendly,0.466170520409236,0.42434070318780776,0.7924528300391599,0
balquisse heritage hotel,14.297937324492327,14.074793927498998,Inclusive of taxes,9.0,"Jimbaran, Bali","Outdoor pool, spa, free Wi-Fi, restaurant","Plantation Suite, Superior Room, Traditional Suite, Deluxe Room, Junior Suite, Vintage Teax House, Family Bungalow, ",36 m² - 84 m²  ,"Balquisse Heritage Hotel offers a unique blend of traditional Balinese and Moroccan design, providing a serene retreat for travelers",0.4718796223723456,0.4759414373843208,0.8113207545639017,3
batan sabo cottage,13.997832948091215,13.710151153416941,Inclusive of taxes,8.7,"Nusa Penida, Bali","Free Wi-Fi, swimming pool with view, free parking, 24-hour reception, restaurant, bar, golf course, shuttle service","Queen Bed Room, Adventure Cabin Double Room, Adventure Cabin Room, Single Room - Cabin, Twin/Double Room, Double Room Cabin Double Bed, Twin/Double Room - Cabin, Deluxe Room",20 m² - 35 m²  ,A very pleasant meeting in Nusa Penida,0.4281955892077602,0.4234509670861058,0.7547169809896759,1
bataran garden cottage,13.304686600863562,13.017005083966255,Inclusive of taxes,8.3,"Nusa Penida, Bali","Beach, free Wi-Fi, swimming pool with a view, free parking, 24-hour check-in, luggage storage, balcony/terrace, garden","Double Bungalow Sea View, Double Bungalow Garden View, Twin Bungalow Sea View, Twin Bungalow Garden View, Deluxe Room with Sea View, Twin Bungalow with Sea View, Deluxe Bungalow with Garden View, Double Bungalow with Sea View, Deluxe Twin Room, Bungalow Twin with Garden View",28 m² - 40 m²  ,Beautiful view with affordable price,0.3272992664572605,0.3236723186200369,0.6792452828907085,1
batu ampar eco resort menjangan,13.304686600863562,13.081543466215237,Inclusive of taxes,8.8,"Menjangan, Bali","Beach, free Wi-Fi, swimming pool, free parking, spa, 24-hour front desk, restaurant, bar","Deluxe Double Room, Superior Garden, Superior King Room, Family Cottage, Superior Twin Room, Premium Twin, Premium Double Room, Two-Bedroom Cottage, Superior Twin Room, Deluxe Double Room 1 King Bed Patio Garden Area",45 m² - 96 m²  ,Lovely little hotel,0.3272992664572605,0.33296264404898035,0.773584905514418,1
batukaru garden 5 bali sevilla residence,12.441938918691436,12.15425816271595,Inclusive of taxes,8.9,"Canggu, Bali","Free Wi-Fi, swimming pool, free parking, 24-hour reception, restaurant, luggage storage, balcony/terrace, room service","Twin Room with View, Deluxe Double Swimming Pool Access for 2 People, Standard Twin Room, Standard Double, Standard Double Room, Deluxe Double Room, Standard Room, Twin Room 1 Twin Bed",13 m² - 20 m²  ,Good place to stay,0.20171529859701473,0.19947956104032746,0.7924528300391599,1
batur mountain view,13.41004444985561,13.122363377404328,Inclusive of taxes,7.7,"Kintamani, Bali","Free Wi-Fi in all rooms, smoking area, elevator, pets","Superior 1 Bed, Studio Double Bed, Corner 2 Beds, Corner Double Bed, Studio Queen Bed Mountain View, Deluxe Double Room Double Bed, Deluxe Double Room, Double or Twin Room, Grand Bed, Suite",20 m² - 30 m²  ,Enough,0.3426354499035374,0.3388386862693168,0.566037735742257,1
bayad ubud bali villa,14.3883725124989,14.100691003956204,Inclusive of taxes,8.0,"Payangan, Bali","Free Wi-Fi, swimming pool, free parking, spa, 24-hour reception, restaurant, bar, massage","2 Bedroom Villa with Private Pool, One Bedroom Villa with One King Bed, Villa One Bedroom, 2 Bedroom Deluxe Pool Villa Include ABF, One-Bedroom, 2 Bedroom Deluxe Villa Include ABF, One Bedroom Garden Villa, Villa Two Bedrooms with Pool View (Private Pool), Room Assigned on Arrival, Villa 2 Bedroom",60 m² - 250 m²  ,Bring your own drinking water,0.48504362150991376,0.4796693316940588,0.6226415093164828,0
bayak bali hotel,12.100717685412471,11.813037464800539,Inclusive of taxes,6.6,"West Denpasar, Bali","Free Wi-Fi, 24-hour front desk, airport transfer, family room, breakfast, valet parking, non-smoking property, daily housekeeping","Standard Twin Room, Indonesia Standard Double, Standard Double Room, Standard Family Room, Room Assigned on Arrival, Indonesia Deluxe Double, Deluxe Double Room",16 m² - 40 m²  ,PUSH PUMP FOR SHOWER TURNED OFF,0.15204618063954728,0.15036070778962646,0.35849056597009604,4
bayside residence,14.690979295318174,14.403297222866392,Inclusive of taxes,8.6,"Candidasa, Bali","Beach, free Wi-Fi, swimming pool, free parking, spa, restaurant, bar, golf course","Bungalow with Pool View, Bungalow with Garden View, Bungalow with Water View, Room Assigned on Arrival, Standard Double Room, Bungalow Double Bed with View, Executive Double, Single Room, Single Room House with View, House with View",25 m² - 40 m²  ,Amazing resort,0.5290919119581587,0.5232296155519969,0.735849056464934,3
bb homestay two,12.429220196836383,12.345838935721968,Inclusive of taxes,6.9,"Pecatu, Bali","free Wi-Fi, swimming pool, free parking, 24-hour front desk, restaurant, shuttle service, kitchen, pets allowed","Standard Room (Fan) (No Window), Standard Room (No Window), Standard Twin, Standard Double, Standard Room (Air Conditioning) (No Window), Air Conditioning Room",30 m² - 30 m²  ,Cheap but not cheerful,0.19986392583800944,0.2270576884295144,0.41509433954432184,4
beautiful bali villas,14.953440029491288,14.73029655829755,Inclusive of taxes,8.6,"Legian, Bali","Beach, free Wi-Fi, swimming pool, free parking, spa, 24-hour reception, happy hour, massage","1 Bedroom Villa, Four Bedroom Private Pool Villa, 2 Bedroom Pool Villa, Three-Bedroom Villa with Private Pool and 6 mins walk to the beach, 3 Bedroom Pool Villa, Four-Bedroom Villa with Private Pool and 6 mins walk to the beach, 4 Bedroom Villa with Private Pool, 3 Bedrooms Private Pool Villas, 1 Bedroom Private Pool Villas",150 m² - 300 m²  ,Recommended Villa,0.5672964311774835,0.5703012980971792,0.735849056464934,0
bedrock hotel kuta bali,14.240778946963175,13.46425092472681,Inclusive of taxes,8.6,"Kuta, Bali","Beach, free wifi, swimming pool, free parking, spa, 24 hour front desk, fitness center, restaurant","Grand Deluxe Twin, Deluxe Twin, Superior, Junior Suite, Luxury Suite, Suite Standard",18 m² - 42 m²,BEST HOTELS TO STAY IN KUTA,0.4635594889255742,0.38805353275362403,0.735849056464934,3
beluran serene guesthouse,12.89921982609012,12.611537753638338,Inclusive of taxes,8.6,"Kerambitan, Bali","Air conditioning, swimming pool, 24-hour reception, parking, WiFi","Double With Private Bathroom, Second Floor Standar AC Shared Bathroom, First Floor With Standar AC Private Bathroom",12 m² - 20 m²  ,"The atmosphere is really nice, comfortable and peaceful, the facilities are complete",0.26827838762586825,0.2653051374437422,0.735849056464934,4
bendesa accomodation,12.785894340777995,12.498212268326215,Inclusive of taxes,7.3,"Legian, Bali","Beach, free Wi-Fi, swimming pool, free parking, 24-hour front desk, restaurant, bar, airport transfer","Superior Room, Deluxe Room, One-Bedroom Deluxe Room, Standard Room, Economy Room, Economy Twin Room, Room Assigned on Arrival, Single Standard, Deluxe Room with Breakfast, Deluxe Room Pool View",10 m² - 20 m²  ,"Even though it is an old type of hotel, the hotel is beautiful, clean, the staff are friendly, the rooms are quite clean.",0.25178241273161733,0.24899188940041703,0.4905660376432894,1
benoa sea suites and villas,14.873301199334291,13.981703579711455,Inclusive of taxes,8.6,"Tanjung Benoa, Bali","Private villa with pool, direct beach access, spa","Suite Room, Villa",50 m² - 150 m²,"The perfect choice for couples, with a romantic and exclusive atmosphere.",0.5556311987129283,0.46254104532144963,0.735849056464934,2
beraban beach house,15.327556344848254,13.941262645103661,Inclusive of taxes,9.2,"Selemadeg, Bali","Swimming pool, 24-hour front desk, bar, massage, shared kitchen, luggage storage, garden, room service","1 Bedroom Beachfront, One Bedroom Beachfront Room, One Bedroom Poolside, Villa-Beach Front, One Bedroom Villa, One Bedroom Poolside Room, 5 Bedroom Pool Villa, Four-Bedroom Villa with Pool, Five-Bedroom Villa with Private Pool, Four-Bedroom Villa with Private Pool",65 m² - 95 m²  ,Good Hotel,0.6217538493712879,0.45671955692858,0.8490566036133854,0
berlian inn,12.628945358293372,12.34126328584159,Inclusive of taxes,8.2,"Poppies, Bali","Beach, free WiFi, swimming pool, free parking, 24-hour reception, airport transfer, children's pool, luggage storage","Budget Double Fan, Deluxe Double or Twin, Double Room with Pool View, Budget Twin Room with Fan, Comfort Triple Room with Shower, Family Room with Garden View, Deluxe Triple Room, Superior Double or Twin Room with Garden View, Studio with Pool View, Superior Double or Twin",24 m² - 26 m²  ,Amazing stay at Berlian Inn,0.228936479465911,0.22639902183521365,0.6603773583659663,1
best western kuta villa,13.199326270390594,12.976183182038383,Inclusive of taxes,8.1,"Kuta, Bali","Beach, free wifi, swimming pool, free parking, spa, 24 hour front desk, restaurant, bar","Deluxe Room, Superior Room, Premium Room, Queen Room, Superior Premier Room",25 m² - 40 m²,Very Satisfied,0.31196272179967405,0.3177959898320724,0.6415094338412245,3
best western premier agung resort ubud,14.088587239061411,13.86544387800579,Inclusive of taxes,8.8,"Ubud, Bali","Swimming pool, spa, traditional Balinese design","Deluxe Room, Suite, Pool View Room",40 m² - 80 m²,Resort with a calm atmosphere and typical Balinese design,0.441406037866035,0.4458054156778267,0.773584905514418,3
best western resort kuta,13.367661298303675,13.144518138225083,Inclusive of taxes,8.1,"Kuta, Bali","Free wifi, swimming pool, free parking, spa, 24 hour front desk, restaurant, bar, massage","Deluxe Room, Superior Room, Deluxe Pool, King Junior Suite",30 m² - 70 m²,Best value for investment,0.3364660397129318,0.34202787277590085,0.6415094338412245,3
bhanuswari resort & spa,16.032153483978075,14.64585944978112,Inclusive of taxes,8.5,"Kemenuh, Bali","Free wifi, swimming pool with view, free parking, spa, 24 hour front desk, restaurant, bar, golf course","Deluxe Room, Cottage, Superior Room",25 m² - 50 m²,The place and place and place :),0.7243169814473085,0.5581465432201461,0.7169811319401922,3
bhuwana ubud hotel and farming,13.81083062413714,13.507625778194974,Inclusive of taxes,8.8,"Ubud, Bali","free WiFi, pool with a view, free parking, spa, 24-hour reception, restaurant, bar, yoga room","Suite Room, Deluxe Double or Twin Garden View, Suite Villa, Double Or Twin Deluxe, Deluxe Room with Pool View, Deluxe King Room, Room Assigned on Arrival, Deluxe Triple Room, Deluxe Room",41 m² - 45 m²  ,Great stay,0.4009750074240881,0.39429735991677445,0.773584905514418,1
bintang bali resort,14.56881213215365,13.952626393789757,Inclusive of taxes,8.6,"Kuta, Bali","Private beach, free wifi, pool with view, free parking, spa, 24-hour front desk, fitness center, restaurant","Residence, Deluxe Suite, Deluxe, Family Room, Romantic Double Room, Thematic Room",36 m² - 200 m²,Very good!,0.5113089176836286,0.45835537300744095,0.735849056464934,3
bintang bungalow nusa penida,13.63470904531764,13.347027372258223,Inclusive of taxes,8.7,"Nusa Penida, Bali","Beach, free Wi-Fi, swimming pool, free parking, 24-hour front desk, restaurant, bar, family room","Twin Deluxe Room, Superior Room with 1 Double Bed, Famille Room, Family Suite Room, Deluxe Double Room, Familier Suite, Bungalow Lumbung Double, Family Duplex Room, Family Suite with Terrace",17 m² - 50 m²  ,Friendly staff and clean rooms!,0.375338257362613,0.37117915641477195,0.7547169809896759,1
bintang kuta hotel,14.240778946963175,13.547632419997361,Inclusive of taxes,8.7,"Kuta, Bali","Swimming pool, free Wi-Fi, restaurant, bar","Deluxe Room, Family Rooms, Suite Room, Interconnecting Double",32 m² - 64 m²  ,Excellent value,0.4635594889255742,0.4000563316900283,0.7547169809896759,3
black penny villas ubud,15.892282038200516,15.604599965748736,Inclusive of taxes,8.8,"Kedewatan, Bali","Free wifi, swimming pool, free parking, spa, 24 hour front desk, restaurant","Deluxe Pool Villa, Deluxe Pool River, Bedroom Pool Villa, Deluxe Villa",100 m² - 108 m²  ,Beautiful Private Villa in Ubud,0.7039569022328732,0.6961576163965715,0.773584905514418,0
blu-zea resort by double-six,14.708586295033006,14.420904631975766,Inclusive of taxes,8.7,"Seminyak, Bali","Free Wi-Fi, swimming pool, free parking, spa, 24-hour front desk, fitness center, restaurant, bar","Superior Room, Deluxe Room, Suite, Junior Suite, Junior Suite Room, Junior Suite Standard, Connecting Deluxe Room (Ground Floor), Interconnecting Superior Room, Junior Suite, Interconnecting Superior Room",29 m² - 64 m²  ,Amazing Seminyak Hotels,0.5316548361270605,0.5257642089968025,0.7547169809896759,3
bluehill resort tulamben,13.60982743234803,12.911642346088676,Inclusive of taxes,8.9,"Tulamben, Bali","Free Wi-Fi, swimming pool, free parking, restaurant, massage, airport transfer, children's swimming pool, luggage storage","Deluxe Room, Deluxe Double Room, Deluxe Twin Room, Deluxe Double or Twin Room, Twin/Double Room, Room Assigned on Arrival, Deluxe Twin Room, Single Room - Deluxe - Partial Sea View, Deluxe Room, Double Room - Single Use - Deluxe",24 m² - 50 m²  ,"Big room, clean, nice garden, very quiet",0.37171642012322514,0.3085053111919475,0.7924528300391599,1
boss legian hotel,13.104859066953441,13.017007306181071,Inclusive of taxes,8.2,"Legian, Bali","Beach, free wifi, swimming pool, free parking, spa, 24 hour front desk, restaurant, bar","Aparment Suite, Junior Suite, Family Suite, Superior Room, Deluxe Room, Superior Double",18 m² - 35 m²,Good for long stay,0.2982118112084916,0.3236726385087309,0.6603773583659663,3
bramasa guesthouse & gallery,13.353476685668044,12.660331092405906,Inclusive of taxes,8.42253807106599,"Ubud, Bali","Free parking, English language, Indonesian language",Double Room,20 m² - 20 m²  ,Pretty Enough,0.3344012877881764,0.27232895769022114,0.702365673653514,4
buana bali villas & spa,15.534699513568947,15.178024646435114,Inclusive of taxes,8.9,"Jimbaran, Bali","Free wifi, swimming pool, free parking, spa, 24 hour front desk, bar, golf course, water park","2 Bedroom Pool Villa,  1 Bedroom Pool Villa,  ",150 m² - 250 m²,Quiet and Comfortable Private Pool Villa,0.6519061889030433,0.6347519319297664,0.7924528300391599,0
bubble hotel bali ubud,17.17935038837522,16.891668327457484,Inclusive of taxes,7.9,"Tampaksiring, Bali","Free Wi-Fi, swimming pool, free parking, 24-hour reception, massage, airport transfer, luggage storage, balcony/terrace","Suite with Spa Bath, King Suite with Private Pool, Suite with Private Pool, Suite with Garden View, Deluxe Room with Pool View, Queen Suite with Private Pool, Pool Suite, Suite with Private Pool",50 m² - 60 m²  ,Amazing,0.8913061744040058,0.8814316116981823,0.6037735847917409,3
buda cottage ubud,12.74818179693564,12.66032791780777,Inclusive of taxes,8.42253807106599,"Tampaksiring, Bali","free WiFi, pool with a view, express check-in/check-out, golf course, airport transfer, balcony/terrace, garden, breakfast","Standard Double Room, Deluxe Room",12 m² - 16 m²  ,Good quality for the money,0.24629286927448227,0.27232850070557474,0.702365673653514,1
budhi kuta beach inn,12.154784614286667,11.86710429621008,Inclusive of taxes,7.6,"Kuta, Bali","Beach, Free wifi, Swimming pool, Free parking, 24-hour reception, Restaurant, Airport transfer, Children's pool","Room with Pool View, Standard, Deluxe Room, Superior Room, Deluxe Double or Twin Room with Pool View, Deluxe Double or Twin Room, Junior Suite, Deluxe Room (No Window), Superior Room (no window)",24 m² - 25 m²  ,Renovations in progress - improvements,0.15991631416566038,0.1581436493695478,0.5471698112175151,1
bukit indah homestay,12.154784614286667,11.86710429621008,Inclusive of taxes,8.5,"Amed, Bali","beach, free WiFi, free parking, spa, 24-hour reception, restaurant, water sports, massage","Family Two-Bedroom Suite, Superior Double Room with Sea View, Double Room with Balcony and Sea View, Superior Room with Air Conditioning, Family Room, Standard Room with Fan, Family Room with Air Conditioning, Superior Double Room with AC",12 m² - 37 m²  ,I recommend accommodation with peaceful sea views,0.15991631416566038,0.1581436493695478,0.7169811319401922,1
bukit permata lembongan,12.716903269283664,12.429220196836383,Inclusive of taxes,9.1,"Nusa Lembongan, Bali","Free Wi-Fi, swimming pool, free parking, restaurant, airport transfer, balcony/terrace, garden, non-smoking rooms","Room Assigned on Arrival, Bungalow with Sea View, Double Room with Balcony and Sea View, Room Deluxe Sea View, Deluxe King Cottage with Sea View, Deluxe 2 Bedroom Residence with Sea View",22 m² - 22 m²  ,Great Place Locally Owned by a Lovely Family,0.24173987922590645,0.23906045365905104,0.8301886790886436,1
bulan bali homestay & hostel,12.611541086966115,12.323860125621126,Inclusive of taxes,8.9,"Ubud, Bali","Private bathroom, Free wifi, Free parking, Non-smoking rooms, Room service, Parking, Airport shuttle, On-site water sports facilities, Tour desk, Private parking","Double or Twin Room with Terrace, Double Room with Terrace, Superior Double or Twin Room with Terrace, Double or Twin Room with Garden View",32 m² - 32 m²  ,Staff was very kind and helpful. Location is good for those looking to go walking to Yogs Barn back area. It was clean and bed was comfortable. Pressure in shower very good,0.22640306500863852,0.22389383009804847,0.7924528300391599,1
bulan bali hostel,11.51293546492023,11.225256725762893,Inclusive of taxes,8.2,"Ubud, Bali","free parking, massage, airport transfer, shared kitchen, balcony/terrace, garden, breakfast, tours","Standard Double or Twin Room, Budget Twin Room",16 m² - 16 m²  ,It was the perfect place for a solo traveler like myself!,0.06648695514122291,0.06574943994814306,0.6603773583659663,4
bulgari resort bali - chse certified,17.43580780625657,17.14812573380479,Inclusive of taxes,9.2,"Pecatu, Bali","Private beach, free wifi, swimming pool with view, free parking, spa, 24-hour front desk, fitness center, restaurant","The Bulgari Villa, Mansion, One Bedroom, 2 Bedroom, 5 Bedroom",50 m² - 300 m²,Best Resorts in Bali,0.9286368340977487,0.9183487558936715,0.8490566036133854,0
bumi ayu bungalows - chse certified,13.244618177579452,13.15676480412166,Inclusive of taxes,7.6,"Sanur, Bali","Beach, free Wi-Fi, swimming pool, free parking, spa, 24-hour front desk, restaurant, bar","Deluxe Room, Superior Room, Room Assigned on Arrival, Superior Single Room, Twin/Double Room - Premier - Plus, Single Room - 3 Bedrooms - Riviera - Garden, Triple Room, Villa, Deluxe Room, Double Deluxe",26 m² - 32 m²  ,Great place to stay in Sanur,0.318555538603788,0.3437907851333848,0.5471698112175151,1
bumi linggah villas bali,14.42819360873152,13.629686875882147,Inclusive of taxes,8.8,"Sukawati, Bali","Private pool, family-friendly, traditional Balinese design","One-Bedroom Villa, Two-Bedroom Villa",90 m² - 250 m²,Traditional villa with modern facilities in Sukawati,0.4908400917558221,0.4118681027865461,0.773584905514418,0
bunut garden luxury private villa - chse certified,14.385789859435619,14.297937324492327,Inclusive of taxes,8.8,"Kedewatan, Bali","Free Wi-Fi, swimming pool, free parking, 24-hour front desk, restaurant, bar, water sports, massage","1-Bedroom Valley View Pool Villa, 1-Bedroom Villa Private Pool, Valley View Villa, Villa two bedrooms, Room Assigned on Arrival, HOUSE 2 BEDS SEPARATE ROOMS MOUNTAIN VIEW FOR NON-SMOKERS, 1 BEDROOM VALLEY VIEW PRIVATE POOL, Triple Room House, VILLA 2 KING BEDS 2 BEDROOMS PRIVATE POOL, DOUBLE ROOM VILLA EXTRABED 1 BEDROOM PRIVATE POOL",3 m² - 175 m²  ,Jewels in the Gods,0.48466768329994164,0.5080630168715518,0.773584905514418,0
bvilla+spa,15.180510800066985,15.137933108978725,Inclusive of taxes,8.3,"Seminyak, Bali","Private villas, spa, private pool, luxury service","One-Bedroom Villa, Two-Bedroom Villa, Three-Bedroom Villa",80 m² - 300 m²,Exclusive villa with the best spa services,0.6003494882221391,0.6289807393938331,0.6792452828907085,0
cameng homestay,13.053375505904878,12.765694147734985,Inclusive of taxes,7.4,"Sanur, Bali","Free wifi, Free parking, Luggage storage, Balcony/terrace, Garden, AC in common areas, English language",Standard Double Room,25 m² - 25 m²  ,"Due to a delayed flight, I checked in at 1 a.m., but you're awake and ready to go. However, there was a slight odor from the toilet, the water pressure was weak, and due to the location, the sound of motorbikes was very audible before 5 a.m. It's close to Sanur harbor, so that's a good thing.",0.2907177199351593,0.2874960108155784,0.5094339621680314,4
candi beach resort and spa,15.194478395536093,14.683652939662325,Inclusive of taxes,8.7,"Candidasa, Bali","Private beach, free wifi, swimming pool with view, free parking, spa, 24-hour front desk, restaurant, bar","Luxury Villa, Garden Bungalow, Garden Room, Deluxe Ocean, Bungalow Deluxe Ocean, Suite Junior, Suite Luxury, Luxury Pool, Deluxe Twin Room",39 m² - 265 m²  ,Great stay,0.6023826505206005,0.5635869309066133,0.7547169809896759,3
canggu dream village,14.963199001648567,14.27005213845811,Inclusive of taxes,8.4,"Canggu, Bali","Free Wi-Fi, swimming pool with a view, free parking, spa, 24-hour reception, restaurant, bar, yoga room","Jacuzzi Suite, Deluxe Double, Deluxe Twin, Standard Double Room, Junior Suite, Standard Room, Superior Room, Deluxe Double Room, Suite",16 m² - 65 m²  ,Fulfillment of dreams on an affordable budget,0.5687169744847262,0.5040489334087052,0.6981132074154504,1
canggu village,14.508657738524219,14.22097566607244,Inclusive of taxes,8.9,"Canggu, Bali","Free Wi-Fi, pool with a view, free parking, spa, 24-hour reception, restaurant, bar, yoga room","Jacuzzi Suite, Deluxe Double, Deluxe Twin, Standard Double Room, Junior Suite, Standard Room, Superior Room, Standard Room, Deluxe Double Room, 1 King Bed, Suite",16 m² - 65 m²  ,Dream stay on a budget,0.5025526757460191,0.49698435596688934,0.7924528300391599,1
cara cara inn,12.875441857585288,12.614077858172898,Inclusive of taxes,8.8,"Kuta, Bali","Free WiFi, swimming pool, 24-hour front desk, family room, luggage storage, breakfast balcony/terrace, second lock on windows","Suite With Balcony, Superior Room, Deluxe Room, Standard Room",15 m² - 30 m²,Budget hotel with unique and colorful design,0.2648171999644022,0.2656707864874161,0.773584905514418,1
casa padma suites bali,14.10067145492234,13.502834727582416,Inclusive of taxes,8.2,"Legian, Bali","Free Wi-Fi, swimming pool, free parking, 24-hour reception, bar, airport transfer, family room, luggage storage","Superior Suite, Standard Room, TWIN Deluxe (4 Adults), Deluxe (4 Adults), Family Room Deluxe, Deluxe Suite, Superior, Superior Suite with pool view, Deluxe Suite, Mini Suite",25 m² - 63 m²  ,Location close to the beach,0.4431650501562499,0.393607686302622,0.6603773583659663,1
castaway resort lembongan,14.865503867809904,14.577821795358123,Inclusive of taxes,8.1,"Nusa Lembongan, Bali","Free wifi, Swimming pool, Free parking, Express check-in/check-out, Bar, Massage, Airport transfer, Family room","Three-Bedroom Villa with Private Pool, Two-Bedroom Villa, One-Bedroom Suite, Three-Bedroom Private Villa, SUITE 1 BEDROOM, Room Assigned on Arrival, 3-Bedroom Private Villa, Suite 1 Bedroom",40 m² - 250 m²  ,"Great location, friendly staff, and decent rooms",0.5544961973077795,0.5483524961897587,0.6415094338412245,0
cattleya pool suite - seminyak by marbella,14.026582337760486,13.738900535213983,Inclusive of taxes,8.4,"Seminyak, Bali","Beach, free Wi-Fi, pool with a view, parking, spa, 24-hour reception, fitness center, restaurant","Junior Suite Room, Villa 3 Bedrooms Private Pool, Two Bedroom Villa with Private Pool, One Bedroom Pool Villa Suite, One Bedroom Pool Suite, Suite with Balcony Room Only, 1 Bedroom Suite, Two Bedroom Pool Suite, Junior Suite, 3 Bedroom Suite",44 m² - 54 m²  ,the facilities are old but the staff are nice,0.43238043085130695,0.4275894518678447,0.6981132074154504,0
cempaka losmen,11.982935344196433,11.695255355062795,Inclusive of taxes,7.3,"Legian, Bali","Free Wi-Fi, swimming pool, free parking, 24-hour front desk, restaurant, massage, airport transfer, balcony/terrace","Standard Room with Fan, Standard Room with AC, Triple Room, Standard Single, Standard Single with Fan",24 m² - 28 m²  ,"pretty good for the price, clean pool is a strong point",0.13490145332305195,0.13340592691288017,0.4905660376432894,4
champlung sari hotel ubud,14.145102752710498,13.451956291367267,Inclusive of taxes,8.3,"Monkey Forest, Bali","Free wifi, Swimming pool, Free parking, Spa, 24-hour reception, Restaurant, Bar, Yoga room","One Bedroom Private Pool Villa, Deluxe, Special Offer One Bedroom Pool Villa with Complimentary One Time Massage, Standard Room, Superior, Twin/Double room - De Luxe - Smoking, Deluxe - Room Only, Twin/Double room - Smoking - Superior, Campaign Superior - Smoking, Standard Double or Twin Room",32 m² - 150 m²  ,Love staying here! Will return!,0.4496325942467408,0.3862837154610391,0.6792452828907085,1
chez ida,13.30468826752606,13.017007306181071,Inclusive of taxes,8.4,"Ubud, Bali","free WiFi, swimming pool, car parking, 24-hour reception, restaurant, happy hour, massage, airport transfer","Superior Room - Free WiFi, Standard Room, Superior Double Room, Superior Room with Pool View, Superior Double Bed Room, Single Room, Superior Room with Pool View (No Window), Standard Room (No Window), Superior Single Room Pool View, Superior Water View",20 m² - 20 m²  ,"It's really great, really great",0.32729950906131955,0.3236726385087309,0.6981132074154504,1
chillhouse lembongan homestay,12.30139646160516,12.013712874021378,Inclusive of taxes,9.2,"Nusa Lembongan, Bali","Beach, free Wi-Fi, swimming pool, free parking, bar, shuttle service, children's pool, luggage storage","Double Room with Garden View, Deluxe Double Room, Double Room - Second Floor, Superior Double Room Garden View, Standard Double Room, Superior Double Room with Garden View, Double Room Ground Floor, Deluxe Room",16 m² - 32 m²  ,Excellent all around,0.1812575450980009,0.1792480116277609,0.8490566036133854,1
chillin kuta homestay,12.28096209796291,12.164427395561459,Inclusive of taxes,8.3,"Tuban, Bali","Free Wi-Fi, swimming pool, free parking, 24-hour reception, fitness center, massage, airport transfer, kitchen","Standard Double, Standard Twin, Family Suite, Double Room, Standard Room, Double Room with Balcony, Standard Double Room, Double Single Use, Triple Room",17 m² - 26 m²  ,Spectacular,0.17828306192068075,0.20094342609559035,0.6792452828907085,1
cicada luxury townhouses,15.252387998828992,15.116247030722517,Inclusive of taxes,8.6,"Seminyak, Bali","Free Wi-Fi, swimming pool, free parking, spa, 24-hour front desk, airport transfer, luggage storage, garden","Junior Suite, Three Bedroom Villa, Three Bedroom Townhouse, One Bedroom Villa, Two Bedroom Villa, Rooftop Suite with Pool View, Executive Studio, One Bedroom Townhouse, Rooftop Suite, Studio",50 m² - 230 m²  ,Comfortable Stay & Fantastic Staff,0.610812134492583,0.6258590199261767,0.735849056464934,0
city garden bali dwipa hotel,12.799214390805032,12.322792894406485,Inclusive of taxes,8.6,"Legian, Bali","Free Wi-Fi, free parking, spa, 24-hour front desk, restaurant, massage, airport transfer, family room","Superior Family Room, Deluxe Twin Room, Superior Twin Room, Superior Double Room, Deluxe Double Room, Superior Room, Family Room, Deluxe Room",24 m² - 30 m²  ,"Friendly staff, free drinking water, free tea/coffee, water kettle, clean room",0.2537213165027416,0.22374020174626097,0.735849056464934,1
clio apartments,13.710151153416941,13.60479076121576,Inclusive of taxes,8.7,"Seminyak, Bali","Apartment-style, kitchen facilities, free WiFi","Studio Apartment, One-Bedroom Apartment, Penthouse",40 m² - 100 m²,An ideal choice for a long term stay in Seminyak,0.3863198218160792,0.4082842973190536,0.7547169809896759,2
coco de heaven,13.017005083966255,12.218500103788143,Inclusive of taxes,8.1,"Jimbaran, Bali","Free Wi-Fi, swimming pool, parking space, 24-hour reception, kitchen, balcony/terrace, garden, breakfast","Deluxe Room, Single Standard, Standard, Deluxe 2 Double Beds, Double Standard, Deluxe Room, Standard Room, 1 Queen Bed, Non-Smoking, Standard Queen Room-Non-Smoking, Double Standard",16 m² - 35 m²  ,"Great Staff, Clean Rooms",0.28542353949957255,0.20872721364564364,0.6415094338412245,1
coliving bali sweet home kost lengkap di tabanan kota,11.611874470755124,11.324195417595107,Inclusive of taxes,8.9,"Tabanan Kota, Bali","Free Wi-Fi, free parking, 24-hour check-in, yoga room, massage, airport transfer, family room, shared kitchen","Family Room with Private Bathroom, Economy Double, Twin Room with Private Bathroom, Standard Triple Studio, Double shared bathroom, Family Room with Private Bathroom, Standard Triple Room, Standard Triple Studio @ 5, Family Suite with Balcony, Deluxe Room with View",12 m² - 35 m²  ,Clean and comfortable,0.0808887938081336,0.0799917034292627,0.7924528300391599,4
collection o 91125 puri dewa bharata,12.435893851597625,11.973863122202218,Inclusive of taxes,7.0,"Jimbaran, Bali","Free Wi-Fi, swimming pool with a view, free parking, 24-hour reception, restaurant, family room, luggage storage, garden","Standard Family, Deluxe Twin Room, Deluxe Family, Deluxe Suite, Standard Family Room, Deluxe Twin Room, Deluxe Family Room, Suite Double, Suite Capacity 2, Family Studio",12 m² - 111 m²  ,Not all that glitters is gold,0.20083536170780636,0.17351162422910604,0.4339622640690637,1
collection o 91300 sunny side villa,12.626383672281474,12.377922902456833,Inclusive of taxes,8.42253807106599,"Seminyak, Bali","Internet access, swimming pool, 24-hour reception, restaurant, family room, luggage storage, pets allowed, 24-hour room service","Suite Family Room, Suite Double Room, Suite Triple Room",16 m² - 17 m²  ,Not Good Place,0.22856359327863515,0.2316761880204767,0.702365673653514,1
conrad bali,15.239662925327838,14.951981093588442,Inclusive of taxes,8.7,"Tanjung Benoa, Bali","Lagoon swimming pool, spa, beachfront restaurant, fitness center, children's play area",Deluxe Room,30 m² - 50 m²,"Luxury hotel with best service, perfect for honeymoon",0.6089598371701901,0.6022128738703539,0.7547169809896759,3
container smart stay,13.287428562440311,12.809393581985784,Inclusive of taxes,8.9,"Bedugul, Bali","Free Wi-Fi, free parking, 24-hour reception, airport transfer, luggage storage, garden, breakfast, room service","Superior Room, Standard Room, Deluxe Room, Standard Room, 1 Bedroom, Null, Standard Room (2 King Beds), Room Assigned on Arrival",15 m² - 20 m²  ,"Comfortable place, all staff are friendly and very helpful. The owner is very helpful and responsive in answering questions. Highly recommended to come back here again.",0.32478713807087095,0.2937865615096508,0.7924528300391599,1
cool breeze bungalow nusa penida,12.729323752253295,12.44164266745242,Inclusive of taxes,5.0,"Nusa Penida, Bali","free WiFi, breakfast, private check-in/check-out, daily housekeeping, keyless access","Standard Room, Double Room",19 m² - 38 m²  ,the bathroom doesn't have a door,0.24354783949783643,0.24084867317483072,0.05660377357422567,4
core hotel benoa,13.35632975012823,12.86203444025224,Inclusive of taxes,8.5,"Tanjung Benoa, Bali","Beach, free Wi-Fi, swimming pool, free parking, spa, 24-hour reception, restaurant, bar","Deluxe Room with Sea View, Superior Room, Deluxe Double Room with Sea View, Deluxe Room, Deluxe Twin Room with Sea View, Room Assigned on Arrival, Single Room, Deluxe Room with Sea View (2 Single Bed / 1 Double Bed), Double Pool",26 m² - 28 m²  ,"Recommended hotels around Nusa Dua, Tanjung Benoa",0.3348165878380927,0.3013642336965296,0.7169811319401922,1
courtyard by marriott bali nusa dua resort,14.76381687753487,14.476135063347451,Inclusive of taxes,8.6,"Nusa Dua Beach, Bali","Private beach, free wifi, pool with view, free parking, spa, 24-hour front desk, fitness center, restaurant","Premium Deluxe Room, Guest Room",35 m² - 41 m²,Clean spacious rooms,0.5396943543328397,0.5337146512474986,0.735849056464934,3
courtyard by marriott bali seminyak resort,14.794588653594523,14.506906706361821,Inclusive of taxes,9.0,"Seminyak, Bali","Free wifi, swimming pool, free parking, spa, 24-hour front desk, fitness center, restaurant, bar","Guest Room,  King Room",32 m² - 56 m²,Room cleanliness,0.5441735802009972,0.53814424132436,0.8113207545639017,3
cozy palm,12.49375221797883,12.206072645530174,Inclusive of taxes,8.3,"Jimbaran, Bali","Free Wi-Fi, swimming pool, free parking, 24-hour front desk, family room, pets allowed, laundry service, non-smoking rooms","Deluxe Double Room with Shower, Frangipani Villa, Orchid, Rose, Tulipe, Sunflower, Sakura",25 m² - 25 m²  ,Great Accommodation in Jimbaran,0.2092573874914862,0.20693827615685237,0.6792452828907085,4
cozy residence wedasari bali,12.218006157094704,11.524863917209606,Inclusive of taxes,8.0,"West Denpasar, Bali","Free Wi-Fi, swimming pool, 24-hour reception, poolside bar, room service, nearby parking, smoke-free property, daily housekeeping","Superior Room, Deluxe Room, Executive Deluxe Room, Family Deluxe, Deluxe Room, Deluxe Room, Deluxe Double Room with Shower, Deluxe Double Room with Shower, Deluxe, Deluxe Room",16 m² - 35 m²  ,Very satisfied,0.16911901892412495,0.10887801262685547,0.6226415093164828,1
cross bali breakers,15.304499810119363,15.01681781286777,Inclusive of taxes,7.4,"Jimbaran, Bali","Beach, free Wi-Fi, swimming pool with view, free parking, spa, 24-hour reception, fitness center, restaurant","3 Bedroom Deluxe Pool Villa, 2 Bedroom Deluxe Pool Villa, 1 Bedroom Deluxe Pool Villa, 2 Bedroom Deluxe Pool Villa, Villa Two Bedrooms Deluxe Pool, Deluxe Villa, 1 Bedroom, Private Pool, Villa Three Bedrooms Pool, Deluxe Villa, 2 Bedrooms, Pool View, Deluxe Villa, 2 Bedrooms, Private Pool, Villa Three Bedrooms Pool",100 m² - 135 m²  ,I LOVE IT SO MUCH!,0.6183976756298857,0.6115461450317876,0.5094339621680314,0
d'tunjung resort & spa,12.847929163278053,12.560247968016562,Inclusive of taxes,8.4,"Candidasa, Bali","Beach, free Wi-Fi, swimming pool, free parking, spa, 24-hour reception, bar, massage","Deluxe Double or Twin, Superior Bungalow, Superior Room, Superior Double or Twin Room, Run of House, Triple Room, Twin/Double Room",12 m² - 58 m²  ,Quiet holiday,0.2608123751598549,0.2579219526937934,0.6981132074154504,1
dajan buyan homestay,12.94323910384853,12.655557828842689,Inclusive of taxes,8.6,"Bedugul, Bali","Free Wi-Fi, free parking, 24-hour front desk, restaurant, golf course, water park, airport transfer, family room","Standard - 1 Double, Standard (2 Beds), Two Bedroom, Superior One Bedroom, Superior King Room, Standard One Bedroom, Superior One Bedroom Suite, Superior One-Bedroom Suite, Standard Room 2 Bedrooms, Superior Quadruple Room",25 m² - 30 m²  ,"Clean place, friendly staff, cool air, fragrant room",0.27468595692738806,0.27164184452879525,0.735849056464934,1
danakha villa ubud,15.137266664613225,14.220976332738882,Inclusive of taxes,8.8,"Tegallalang, Bali","free WiFi, swimming pool with view, free parking, spa, 24-hour front desk, restaurant, bar, golf course","Villa with Private Pool, Two-Bedroom Villa with Ricefield View, Joglo Villa, 1-Bedroom Pool Villa, 2 Bedroom Villa with Private Pool, Suite Room, Joglo Infinity Pool with Ricefield View, One-Bedroom Private Pool Villa, Two-Bedroom Private Pool Villa",70 m² - 200 m²  ,Must be recommended,0.5940547508044781,0.49698445193378515,0.773584905514418,0
danoya villa seminyak,15.113793314761187,14.683010545668829,Inclusive of taxes,8.7,"Seminyak, Bali","Private pool, butler service, private garden, fully equipped kitchen",Villa 2 Bedroom,100 m² - 150 m²,"Spacious villa with friendly service, suitable for families",0.5906379042868858,0.5634944580393797,0.7547169809896759,0
darba guest house,13.279368835614243,12.545401512381012,Inclusive of taxes,9.3,"Ubud, Bali","free Wi-Fi, balcony/terrace, garden, breakfast, tours, private check-in/check-out, air conditioning in public areas, room heating",Double Room,25 m² - 25 m²  ,This accommodation has everything you need,0.32361394167103935,0.25578479958405925,0.8679245281381276,4
de lemon gatsu hotel,12.899222326086994,12.206077645517674,Inclusive of taxes,8.2,"North Denpasar, Bali","Free WiFi, free parking, 24-hour check-in, bar, airport transfer, luggage storage, balcony/terrace, room service","Deluxe Room, Room Assigned on Arrival, Deluxe Double Bed Room (No Window), Deluxe Double Bed Room (No Window,Area:24)",24 m² - 48 m²  ,Family hotel,0.268278751532412,0.20693899590701334,0.6603773583659663,1
de umah bali - eco tradi home,14.093143052138025,13.805461232211272,Inclusive of taxes,9.0,"Tembuku, Bali","Free Wi-Fi, swimming pool, free parking, spa, 24-hour reception, restaurant, bar, yoga room","Superior Room, Deluxe Room, Bale Batu Double or Twin Room, Bale Batu, Bale Dangin (1 Double Bed), Bale Dangin, Guest Room (No Window, Area: 23), Single Room, Guest Room, Double Room Single Room",23 m² - 45 m²  ,Beautiful Resort,0.442069194771366,0.437170890297716,0.8113207545639017,1
dea graha,12.33124167081982,12.04355959836804,Inclusive of taxes,8.1,"South Denpasar, Bali","Car parking, tours, car rental, cash withdrawal, Indonesian language","Standard, Valley Terrace Big Bed Room, Family Friendly Loft Suite, Boutique Room (Double Bed) (Terrace), Room Assigned on Arrival, Deluxe Bathtub and Big Bed Room, Valley Terrace Parent Child Room, Valley Terrace Twin Room, Repeat1 Deluxe Bathtub and Big Bed Room, Boutique Parent Child Room",15 m² - 30 m²  ,"If you're stuck, you can just stay here",0.18560189730229734,0.1835444592997636,0.6415094338412245,4
dedanau hotel,14.474757566157932,14.18707549370615,Inclusive of taxes,8.42253807106599,"Bedugul, Bali","Free Wi-Fi, free parking, restaurant, bar, luggage storage, rooftop area, balcony/terrace, garden","Deluxe Room, Deluxe Double Room 1 Bedroom Lake View, Villa, Standard Room, Deluxe Room Ground Floor (1 King Bed), Deluxe Double Room 1 Bedroom Lake View, Deluxe Twin Room Lake View, Superior Room (1 King Bed), Deluxe Room Ground Floor, Deluxe Room Upper Floor",28 m² - 35 m²  ,One of the best hotels in Bedugul,0.4976180717535911,0.49210441286318574,0.702365673653514,1
dedary resort ubud,14.690979711984754,14.260197020251155,Inclusive of taxes,8.7,"Tegallalang, Bali","Free Wi-Fi, swimming pool with a view, free parking, spa, 24-hour reception, restaurant, bar, massage","Grand Two Bedroom Suite, 2 Bedroom Villa, Villa Garden View, Grand 1 Bedroom Villa with Private Pool, One Bedroom Pool Villa with Forest View, One Bedroom Garden Pool Villa, Grand Two Bedroom Suite Pool Terrace, Two Bedroom Forest View Villa with Private Pool, Forest View Villa, 1 Bedroom",100 m² - 200 m²  ,Great villa,0.5290919726093127,0.5026302852788201,0.7547169809896759,0
dee mansion,12.790907736598443,12.11756378423402,Inclusive of taxes,8.1,"West Denpasar, Bali","Free Wi-Fi, parking, room service, daily housekeeping","Standard Rooms, Superior Rooms, VIP Rooms",20 m² - 30 m²  ,Suitable accommodation just for resting,0.25251217666213377,0.19419739087072546,0.6415094338412245,4
dekara cottages penida,12.502842052798766,11.992018906414282,Inclusive of taxes,8.42253807106599,"Nusa Penida, Bali","Free Wi-Fi, non-smoking rooms, free parking","Double Room with Garden View, Deluxe Twin Room",16 m² - 16 m²  ,Finding peace in a green oasis of calm,0.2105805292946698,0.17612515648495078,0.702365673653514,4
delight art villas,16.085997265703934,15.798315227672791,Inclusive of taxes,7.9,"Seminyak, Bali","beach, free WiFi, swimming pool with view, free parking, spa, 24-hour front desk, fitness center, bar","Deluxe One-Bedroom Villa, Deluxe Two-Bedroom Villa, Executive One-Bedroom Villa, Delight Six-Bedroom Villa, Superior One-Bedroom Villa, Delight Seven-Bedroom Villa, Superior Two-Bedroom Villa, Unique Four-Bedroom Villa, Executive Three-Bedroom Villa, Executive Two-Bedroom Villa",200 m² - 270 m²  ,Good villa with 2 bedrooms and an great swiming pool,0.7321546330498142,0.7240430043024001,0.6037735847917409,0
denays guest house jimbaran,12.911165689295999,12.156146836760447,Inclusive of taxes,7.6,"Jimbaran, Bali","Beach, free Wi-Fi, swimming pool, free parking, spa, 24-hour reception, fitness center, restaurant","Double Room, Standard Twin or Double Room, Standard Room, Deluxe Double or Twin Room",16 m² - 24 m²  ,Good Stay,0.27001726091629885,0.19975143640954401,0.5471698112175151,1
desamuda village,14.622433199012326,14.191650523197085,Inclusive of taxes,8.9,"Seminyak, Bali","Beach, free Wi-Fi, swimming pool with view, free parking, spa, 24-hour reception, restaurant, bar","3 Bedroom Pool Villa, 2 Bedroom Pool Villa, Deluxe Pool Villa, 1 Bedroom Suite, 1 Bedroom Pool Villa, One Bedroom Suite Villa, Three Bedrooms Pool Villa, Suite 1 Bedroom - Smoking, One Bedroom Suite Villa, One Bedroom Suite Villa 1 Queen Bed",50 m² - 235 m²  ,Great Hotel,0.5191141502865818,0.49276299015218294,0.7924528300391599,0
deseruni guest house,12.831850635719265,12.353815697429381,Inclusive of taxes,8.7,"West Denpasar, Bali","free Wi-Fi, free parking, 24-hour front desk, airport transfer, family room, luggage storage, balcony/terrace, garden","Superior Room (No Window), Deluxe Single Room, Twin/Double Room, Room Assigned on Arrival, Superior Single Room, Superior Room, Deluxe Room, Deluxe Room (No Window), Deluxe Room",36 m² - 36 m²  ,"Comfortable, clean, super friendly staff, really cool place",0.2584719396769114,0.22820594640482444,0.7547169809896759,1
desila beach house,12.574721613846608,12.287039541394828,Inclusive of taxes,8.42253807106599,"Nusa Penida, Bali","beach, free Wi-Fi, swimming pool, free parking, 24-hour front desk, golf course, shuttle service, luggage storage",Double Room with Pool View,30 m² - 30 m²  ,Staff are very friendly,0.2210435194260531,0.21859349256206181,0.702365673653514,2
destiny boutique hotel,14.186701631240416,13.245094152784645,Inclusive of taxes,8.4,"Seminyak, Bali","Free Wi-Fi, swimming pool, spa, 24-hour reception, massage, airport transfer, luggage storage, rooftop area","Deluxe Room, Deluxe Balcony, Deluxe Pool Access, Deluxe Room with Pool Access, Family Room Sea View, Twin Room King Bed 2 Beds Big Bed, Quad Room Sea View, Triple Room Panoramic",22 m² - 24 m²  ,"Great value, great location and great staff",0.4556878434607064,0.3565058295055838,0.6981132074154504,1
dewi sinta hotel and restaurant by wizzela,12.972268129850695,12.615592853927648,Inclusive of taxes,8.4,"Tanah Lot, Bali","Beach, free Wi-Fi, swimming pool, free parking, 24-hour reception, restaurant, bar, golf course","Standard Double or Twin Room, Deluxe Double or Twin Room, Superior Double Room, Twin Room Smoking, Double Room Smoking, Family Room, Family Room, Superior Room, Special Offer Room, Superior Room",30 m² - 42 m²  ,Our favorite place we've ever stayed! We're so happy we booked here!,0.27891150321838676,0.26588887072031175,0.6981132074154504,1
dhyana pura city hotel,12.660331092405906,12.006407555388575,Inclusive of taxes,8.3,"Mengwi, Bali","Free Wi-Fi, swimming pool, free parking, 24-hour reception, restaurant, bar, golf course (within 3 km), massage","Deluxe Twin Room, Deluxe Double Room, Double Room, Twin Room",20 m² - 24 m²  ,Comfortable accommodation,0.23350507478700788,0.17819640814630036,0.6792452828907085,1
di uma residence hotel & dormitory,11.524903441729636,11.237224662917342,Inclusive of taxes,8.3,"South Denpasar, Bali","Free Wi-Fi, swimming pool, free parking, spa, 24-hour front desk, restaurant, bar, yoga room","Suite Pool View, Deluxe Room Pool View, Suite Pool View with Bathtub, Suite Garden Room with Bathtub, Suite Garden Room, Suite Pool View with Bathtub, Deluxe Room Balcony, 1 Person in 8-Bed Dormitory - Mixed, Deluxe Room Garden View with Balcony, Suite with Bathtub",32 m² - 42 m²  ,The best place to live in peace,0.06822904734968957,0.06747222919391355,0.6792452828907085,4
diamond hotel kuta bali,13.570889252111332,13.347746020081466,Inclusive of taxes,8.2,"Kuta, Bali","Free wifi, swimming pool, free parking, 24-hour front desk, fitness center, restaurant, airport transfer, swimming pool (kids)","Suite Room, Deluxe Double Bed, Deluxe Double Bed Balcony, Deluxe Twin Bed Balcony",24 m² - 48 m²,"Honestly, I was really satisfied while staying here, the room was spacious, clean, the staff was the friendliest.",0.3660484696013872,0.37128260605069513,0.6603773583659663,1
diatas by art cafe bumbu bali,13.505355175114877,13.217673557208654,Inclusive of taxes,8.2,"Nusa Dua, Bali","Free Wi-Fi, free parking, restaurant, bar, shuttle service, garden, breakfast, contactless check-in/check-out","Twin Room, Double Room Balcony, Room without Balcony, Double Room, Comfort Room, 1 Double Bed, Non Smoking (Without Balcony), Comfort Room with Balcony, Comfort Room, Balcony Room, Deluxe for Non Smokers",22 m² - 27 m²  ,Good stay,0.35650914589256766,0.3525586240213554,0.6603773583659663,1
dimpil homestay,12.437140714747185,12.149459965103594,Inclusive of taxes,8.2,"Pemuteran, Bali","Beach, free Wi-Fi, swimming pool, free parking, 24-hour front desk, restaurant, bar, massage","Standard Room (Fan), Deluxe Double Room with AC, King Room, Deluxe Twin Room, Executive Room with AC, Executive Triple Room, Deluxe Double Room with Fan, Standard Room (Air Conditioner)",30 m² - 32 m²  ,"The accommodation is clean, the service is very fast, comfortable and the place is very quiet.",0.20101685859842255,0.19878885861275197,0.6603773583659663,1
dinara ubud,14.888136439116856,13.958011354946288,Inclusive of taxes,8.8,"Ubud, Bali","Free Wi-Fi, pool with a view, parking, spa, 24-hour reception, restaurant, bar, yoga room","Suite with Balcony, Suite With Terrace, One Bedroom Villa, Dinara Suite, Pool Villa",40 m² - 70 m²  ,Special Service,0.557790657746608,0.4591305402772587,0.773584905514418,0
discovery kartika plaza bali,14.365557279498857,14.077875591662238,Inclusive of taxes,8.6,"Kuta, Bali","Beachfront Pool, Water Sports, Restaurants, Gym, Family Lounge","Superior Room, Deluxe Room, Ocean View Room",45m² - 55m²,Strategic location and affordable price,0.4817225723236815,0.4763850441488778,0.735849056464934,3
disini luxury spa villas,15.144646564067743,14.933925800725895,Inclusive of taxes,8.7,"Seminyak, Bali","Beach, free Wi-Fi, swimming pool, free parking, spa, 24-hour front desk, restaurant, happy hour","1-Bedroom Private Pool Villa, 1-Bedroom Garden View Bungalow - No Pool, Luxury Villa, One-Bedroom Luxury Spa Villa with Private Pool, One-Bedroom Garden View Bungalow - No Pool, Luxury Villa 1 Bedroom Private Pool, Garden View Bungalow (Without Private Pool), Bungalow Breakfast",40 m² - 195 m²  ,This place exceeded all expectations,0.595128989628945,0.5996138073836729,0.7547169809896759,0
disini villa,15.312554835795174,14.936330748868814,Inclusive of taxes,8.8,"Seminyak, Bali","Beach, free Wi-Fi, swimming pool, free parking, spa, 24-hour reception, restaurant, happy hour","1 Bedroom Private Pool Villa, 1 Bedroom Garden View Bungalow No Pool, 1 Bedroom Private Pool Villa, Luxury Villa, One Bedroom Luxury Spa Villa with Private Pool, One Bedroom Garden View Bungalow No Pool, Bungalow, Garden View (Without Private Pool), Luxury Villa, 1 Bedroom, Private Pool, Garden View Bungalow, Bungalow",40 m² - 195 m²  ,"Clean, spacious and in a perfect location",0.6195701877171249,0.5999600006117779,0.773584905514418,0
dolphin beach bali,14.447485810713179,13.641158361294979,Inclusive of taxes,8.0,"Lovina, Bali","Beach, free Wi-Fi, swimming pool, free parking, spa, 24-hour check-in, restaurant, bar","Sea View, Suite, Junior Suite, Superior Apartment with Sea View, Seaview Apartment, Superior Apartment",55 m² - 95 m²  ,"Spacious and Clean Room, Good View",0.49364831868436987,0.41351942760946214,0.6226415093164828,3
doubleyou home stay pemuteran,12.716906269264165,12.429224196812383,Inclusive of taxes,9.3,"Pemuteran, Bali","Free WiFi, swimming pool, free parking, 24-hour check-in, fitness center, restaurant, yoga room, massage","Standard Double or Twin Room with Balcony, Deluxe Room, Superior Room, Harmony Room, Standard Double Room 1 Bedroom Pool View, Deluxe Double or Twin Room 1 Bedroom Pool View Poolside, Standard Double or Twin Room, Deluxe Room, Standard Double or Twin Room 1 Bedroom Pool View, Room Assigned on Arrival",22 m² - 45 m²  ,"The place is comfortable, clean, and the staff is super friendly. It's a pleasure to stay here. The rooms are spacious. The breakfast is delicious.",0.2417403159114665,0.2390610294571646,0.8679245281381276,1
draper startup house for entrepreneurs bali,11.759793355371237,11.472113887062386,Inclusive of taxes,8.4,"Canggu, Bali","Free Wi-Fi, swimming pool, free parking, express check-in/check-out, restaurant, bar, yoga room, airport transfer","Dormitory Room (Bunk Beds), Executive Queen Room, Mezzanine Double, Double Room with Private Bathroom, Design Double Room with Mezzanine, Queen Room, Double Room with Private Bathroom, Vision Room - Executive Private, Commitment Room - 6 Beds Dorm, Queen Room with Garden View",12 m² - 22 m²  ,Amazing and wonderful!,0.102420280748538,0.1012846251049366,0.6981132074154504,4
dream beach cottages,13.087036672749363,12.89921982609012,Inclusive of taxes,9.6,"Nusa Lembongan, Bali","Free Wi-Fi, swimming pool, free parking, 24-hour front desk, restaurant, bar, massage, airport transfer","Family Room with Pool View, Deluxe Cottages with Garden View, Family Room with Terrace, Deluxe Double Room Smoking, Deluxe House, Room Assigned on Arrival, Deluxe Cottage with Pool View, Deluxe, Deluxe Cottage",24 m² - 60 m²  ,Really great place!,0.2956175336147432,0.3067170845675348,0.9245283017123531,1
"dua dari, a residence by hadiprana",15.137266664613225,15.03190617858502,Inclusive of taxes,9.9,"Ubud, Bali","Beach, Free Wi-Fi, Swimming pool, Free parking, Spa, Front desk [24-hour], Restaurant, Bar","One Bedroom Residence with Valley View, Deluxe Jungle View King Room, Deluxe Valley View Room, One Bedroom Residence with Jungle View, Private Villa",80 m² - 90 m²  ,Perfect vacation hotel,0.5940547508044781,0.6137181211926308,0.9811320752865789,3
dukuh sebatu villa,13.505355175114877,13.217673557208654,Inclusive of taxes,8.6,"Sebatu, Bali","Free WiFi, swimming pool with view, free parking, spa, 24-hour reception, restaurant, bar, yoga room","1-Bedroom Valley View Pool Villa, 2 Bedroom Pool Villa, 3 Bedroom Pool Villa, 2 Bed Room Suite, Valley View Suite, Two Bedroom Superior Suite, One-Bedroom Villa Private Pool with Valley View and Free Benefit, Two-Bedroom Suite with Garden View and Free Benefit, Superior Suite, Superior Suite with Garden View and Free Benefit",40 m² - 250 m²  ,Best experience in Bali so far,0.35650914589256766,0.3525586240213554,0.735849056464934,0
dukuh village villas,13.50189647184849,13.214214855517126,Inclusive of taxes,8.8,"Tegallalang, Bali","Free wifi, Swimming pool with view, Spa, Massage, Airport transfer, Family room, Balcony/terrace, Garden","One Bed Room Pool Villa, Double Room, Family (1 Double Bed + 2 Single Beds), Villa with Private Pool, Deluxe Suite, Villa with Garden View, Family Room, Apartment - Ground Floor",21 m² - 80 m²  ,I really enjoyed my 4 days at this Homestay,0.3560056873625481,0.3520607425567725,0.773584905514418,1
dâ€™primahotel seminyak,13.78711211224863,13.624593364304756,Inclusive of taxes,8.3,"Seminyak, Bali","Swimming pool, restaurant, free Wi-Fi, room service","Superior Room, Deluxe Room, Family Room",25 m² - 53 m²,A comfortable hotel with a location near the center of action. Staff are friendly and helpful,0.3975224744341413,0.4111348897979172,0.6792452828907085,1
easton kuta,13.276516914370363,12.07254696717504,Inclusive of taxes,7.9,"Tuban, Bali","Free Wi-Fi, swimming pool, 24-hour reception, fitness center, sauna, children's pool, garden, elevator","Standard Room, Superior Room (Fan), Large Standard, Transit Only 5 Hours, Standard Include Relaxation Spa, Standard Room (Free Rent Bike), Reflexology Massage, Body Scrub (1 Hour), Massage (2 Hours), Massage and Facial Package (2 Hours)",30 m² - 30 m²  ,The air conditioner was leaking,0.32319880803088913,0.18771720240489595,0.6037735847917409,4
eat sleep skate,13.980326447428542,13.89247345095054,Inclusive of taxes,8.6,"East Denpasar, Bali","Air conditioning, restaurant, swimming pool, 24-hour front desk, parking, Wi-Fi","Deluxe Bungalow (Joglo), Standard Bungalow (Gladak Double)",25 m² - 30 m²  ,These four are a great place to spend some healing time or me time because it's quiet and you can skateboard! Come book now and make your day. I hope you enjoy it!,0.42564729396223566,0.4496963333009758,0.735849056464934,3
ecosfera hotel,14.030623550483146,13.742942015664761,Inclusive of taxes,8.2,"Canggu, Bali","Beach, free Wi-Fi, swimming pool, free parking, spa, restaurant, bar, yoga room","Suite with private garden, Suite with Ocean View, Suite with Garden, Standard Double Room, Superior Double Room, Suite with Balcony, Classic Family Room, Standard Twin Room, Budget Triple Room",30 m² - 48 m²  ,Great service and hospitality,0.43296868108850395,0.4281712245633175,0.6603773583659663,1
eden the residence,16.23700054598398,15.882306099988334,Inclusive of taxes,8.8,"Seminyak, Bali","Beach, free Wi-Fi, swimming pool, free parking, 24-hour reception, yoga room, massage, airport transfer","3 Bedroom Villa with Private Pool, 5 Bedroom Villa, 3 Bedroom Villa, 5 Bedroom Villa with Private Pool, Two Bedroom Pool Villa River View",80 m² - 90 m²  ,We are very happy because of the good service,0.7541350932577592,0.7361335233033554,0.773584905514418,0
element by westin bali ubud,14.476135063347451,14.188453163071875,Inclusive of taxes,9.0,"Ubud, Bali","Yoga studio, spa, swimming pool, restaurant, fitness center","Deluxe Room, Suite, One-Bedroom Villa",35 m² - 100 m²,An ideal choice for relaxation amidst the natural atmosphere of Ubud,0.49781858410077084,0.4923027289085384,0.8113207545639017,3
eliska sari bungalows,12.52815976788113,12.240478903153711,Inclusive of taxes,9.0,"Menjangan, Bali","free WiFi, swimming pool, free parking, 24-hour front desk, restaurant, water sports, golf course, water park","Superior Room, Bungalow, Deluxe Room, Deluxe Bungalow with Garden View, Superior Deluxe Double or Twin Room, Deluxe King Bungalow, Room Assigned on Arrival",19 m² - 55 m²  ,"The place is nice, comfortable, thank you for serving our family well.",0.2142658467784485,0.21189107043176267,0.8113207545639017,1
fairfield by marriott bali kuta sunset road,14.273611126019361,13.985929053567581,Inclusive of taxes,8.7,"Kuta, Bali","Free WiFi, swimming pool, fitness center, restaurant, meeting rooms","Standard Room, Deluxe Room, Executive Suite",28 m² - 50 m²,Strategic location near Kuta city center with complete facilities,0.4683386328219599,0.46314930393976234,0.7547169809896759,3
fairfield by marriott bali legian,14.45932777869132,14.171646056428456,Inclusive of taxes,8.7,"Legian, Bali","Free WiFi, swimming pool, fitness center, restaurant","Deluxe Room, Executive Suite, Ocean View Room",30 m² - 80 m²,Marriott hotel with modern facilities in a strategic location,0.49537206869459843,0.4898833393174894,0.7547169809896759,3
familytel bali,13.30967413408274,12.55465341988207,Inclusive of taxes,8.3,"Tuban, Bali","Free Wi-Fi, swimming pool, free parking, 24-hour check-in, children's swimming pool, luggage storage, garden, tours","Family Room, Deluxe Double Room, Deluxe Suite, Deluxe Room, Standard Double or Twin Room (2 Queen Beds)",20 m² - 34 m²  ,The perfect place to stay on a budget near the airport,0.32802526575513435,0.25711661529632357,0.6792452828907085,1
famous hotel kuta,15.56644820628317,14.722478366124234,Inclusive of taxes,8.4,"Tuban, Bali","Swimming pool, free WiFi, spa, restaurant, rooftop bar","Standard Room, Family Suite, Grand Deluxe Room",30 m² - 80 m²,Trendy hotel with complete facilities and competitive prices,0.6565276174942966,0.5691758662684744,0.6981132074154504,3
favehotel sunset seminyak,13.612758921066792,13.325077256871008,Inclusive of taxes,8.5,"Seminyak, Bali","Beach, free Wi-Fi, swimming pool, free parking, front desk [24-hour], restaurant,  bar, airport transfer","Funroom Family, Superior Double Room, Deluxe Double Room, Family Room, Junior Suite, Deluxe Room",22 m² - 27 m²,Exceptional,0.37214313582776665,0.3680194286985833,0.7169811319401922,1
febri's hotel & spa,13.586526232489552,13.298844579145127,Inclusive of taxes,8.8,"Kuta, Bali","Free Wi-Fi, swimming pool with a view, free parking, spa, 24-hour reception, fitness center, restaurant, bar","Family Quad, Standard King Bed, Superior King Bed, Quadruple Room, Standard, Superior Room, Quintet Bedroom, Superior Queen Room, Superior Room, Family Quadruple Room 1 Bedroom",26 m² - 55 m²  ,"Comfortable Stay with Friendly Service, But Breakfast Needs Improvement",0.36832463224062556,0.364243224454637,0.773584905514418,1
flamingo dewata suite,15.024760712548906,13.820788604538313,Inclusive of taxes,9.0,"Pecatu, Bali","Beach, free Wi-Fi, swimming pool, free parking, spa, 24-hour front desk, massage, airport transfer","1 Bedroom Studio, One Bedroom Pool Villa, One-Bedroom Honeymoon Villa, 1 Bedroom Studio Villa, 1 Bedroom Private Pool Villa (1 Queen Bed), Deluxe 2 Bedrooms, One Bedroom Honeymoon Pool Villa, Triple Room House Private Pool, Deluxe Sextuple Room House, Two Bedroom Pool Villa Deluxe",50 m² - 118 m²  ,A true holiday feeling,0.5776780694640431,0.4393772715537482,0.8113207545639017,0
"four points by sheraton bali, kuta",14.29381340324776,14.006131744018864,Inclusive of taxes,8.5,"Legian, Bali","Free WiFi, rooftop pool, spa, fitness center, restaurant","Deluxe Room, Family Room, Suite",32 m² - 65 m²,"Hotel with a relaxed atmosphere, suitable for families or friends.",0.47127933285115914,0.4660574891512934,0.7169811319401922,3
"four points by sheraton bali, ungasan",14.070670471767812,13.782988399316032,Inclusive of taxes,8.7,"Jimbaran, Bali","Infinity pool, free WiFi, fitness center, restaurant, luxurious dining","Deluxe Room, Ocean View Room, Suite Room",30 m² - 60 m²,Modern hotel with stunning views in Ungasan,0.4387980230611805,0.43393591719130015,0.7547169809896759,3
four seasons resort bali at jimbaran bay - chse certified,17.009169821004672,16.72148774855289,Inclusive of taxes,8.8,"Jimbaran, Bali","Beach, free wifi, pool with view, free parking, spa, 24 hour front desk, fitness center, restaurant","Deluxe Villa King, Premier Ocean Villa King, Garden Villa",250 m² - 280 m²,One of the top hotel choices,0.8665342146007718,0.8569340506404811,0.773584905514418,3
four seasons resort bali at sayan - chse certified,16.911208883183328,16.623526810731548,Inclusive of taxes,9.2,"Sayan, Bali","Private pool, spa, luxurious dining, river view","One-Bedroom Villa, Riverfront Villa, Royal Suite",120 m² - 250 m²,Luxury resort with stunning river views,0.8522747462519935,0.8428325352325843,0.8490566036133854,0
four star by trans hotel,13.541075028051122,13.17001193781113,Inclusive of taxes,8.4,"South Denpasar, Bali","Free wifi, swimming pool, free parking, restaurant, bar, playground, golf course","Suite Room, Deluxe Room, Limited Room",20 m² - 50 m²,Cool Hotel,0.3617086276829146,0.3456977152219189,0.6981132074154504,3
fourteen roses beach hotel,13.322063056127735,12.95394709264047,Inclusive of taxes,7.9,"Legian, Bali","Beach, free Wi-Fi, swimming pool with a view, free parking, 24-hour front desk, restaurant, bar, airport transfer","Deluxe Room Pool View, Premier Room Poolside (Ground Floor), Premier Double or Twin Room Garden Poolside, Deluxe Room Garden View, Premier Double or Twin Room Poolside, Deluxe Double or Twin Room with Pool View, Superior Room Non Smoking Balcony, Deluxe Garden Access Room, Superior Twin Room, Deluxe Double or Twin Room",25 m² - 28 m²  ,"Super comfortable classic hotel, location near the beach, a little hidden, incredibly friendly staff",0.3298286319305201,0.31459509604491914,0.6037735847917409,1
fourteen roses boutique hotel kuta,13.60479076121576,13.158504353030688,Inclusive of taxes,8.1,"Legian, Bali","Beach, free Wi-Fi, swimming pool with a view, free parking, spa, 24-hour reception, fitness center, restaurant","One Bedroom, Two Bedroom, Utama Suite Room, Studio Room, Sweet Room, Manda Room, Classic Deluxe, Cabana Deluxe Room, Mandala One Bedroom Suite, Madya Studio Room with Balcony",28 m² - 65 m²  ,Very beautiful property,0.3709832681731612,0.34404119388088145,0.6415094338412245,3
"furamaxclusive resort & villas, ubud",14.115615891155079,13.587983663824232,Inclusive of taxes,8.5,"Abiansemal, Bali","Free Wi-Fi, swimming pool, free parking, spa, 24-hour reception, restaurant, bar, yoga room","Lagoon Villa 1 Bedroom, Premier Room, Deluxe Pool Villa, Royal Pool Villa, Family Pool Villa, Duplex Family Pool Villa, Lagoon Villa with Access Pool, 1 Bedroom Deluxe Villa with Private Pool, Villa Pool View One Bedroom",50 m² - 265 m²  ,Amazing,0.44534040413090975,0.40586490905981804,0.7169811319401922,0
g7 residence,12.847929163278053,12.560247968016562,Inclusive of taxes,8.2,"Nusa Dua, Bali","free Wi-Fi, free parking, spa, 24-hour front desk, massage, luggage storage, garden, tours","Standard Room, Standard Double Room",32 m² - 32 m²  ,"Indeed, the best place to stay if you go to Bali is G7 Residence",0.2608123751598549,0.2579219526937934,0.6603773583659663,2
gaing mas residence by gaing mas group,13.130105330992391,12.375085195762441,Inclusive of taxes,9.3,"Jimbaran, Bali","Free Wi-Fi, free parking, 24-hour front desk, family room, luggage storage, balcony/terrace, garden, breakfast","Superior Room with Terrace, Family Room with 2 Rooms, Family Room, Superior Room, Superior Double Room, Family Room 2 Bedrooms",24 m² - 52 m²  ,Nice room and great hospitality,0.3018867280783653,0.2312676990292113,0.8679245281381276,1
gana hotel & restaurant,14.04662307257814,13.353476685668044,Inclusive of taxes,8.9,"Monkey Forest, Bali","Free Wi-Fi, free parking, restaurant, airport transfer, kitchen, luggage storage, garden, room service","Twin Bed Room, Double Room, Superior Room",20 m² - 45 m²  ,"Flowers in the back, hard to find, tingling feeling",0.4352976163149635,0.3721075376087618,0.7924528300391599,1
ganggas homestay,12.245533714411087,12.022390163096878,Inclusive of taxes,8.3,"Jimbaran, Bali","Free WiFi, free parking, 24-hour reception, massage, family room, shared kitchen, balcony/terrace, garden","Deluxe Double or Twin Room, Deluxe Family Room",30 m² - 38 m²  ,We really enjoyed our stay there,0.17312600722989235,0.18049711079236977,0.6792452828907085,1
gapul homestay,12.225880174775122,11.938199736300925,Inclusive of taxes,8.1,"Nusa Penida, Bali","Beach, free WiFi, free parking, 24-hour reception, restaurant, airport transfer, shared kitchen, luggage storage","Double Room, Superior Room, Deluxe Room",16 m² - 16 m²  ,We had a wonderful stay!,0.17026518298082693,0.16837786584571812,0.6415094338412245,1
gayatri bungalows nusa penida,12.974097680379948,12.463273603040784,Inclusive of taxes,8.7,"Nusa Penida, Bali","Free Wi-Fi, swimming pool, free parking, 24-hour check-in, restaurant, massage, airport transfer, luggage storage","Deluxe, Double Room with Garden View, 2-Bedroom Tropical Suite with Private Pool, FOR NON-SMOKERS, Double Bed, Queen Bed Double Twin, DOUBLE OR TWIN ROOM 2 KING BEDS, CASAL QUEEN BED, DOUBLE ROOM QUEEN BED GRAND LIT DOUBLE BED, ANNEX QUEEN BED",20 m² - 35 m²  ,Spectacular,0.27917781771521155,0.24396245483383083,0.7547169809896759,1
gedhong hostel,12.34825773666415,11.655119230673403,Inclusive of taxes,9.5,"Nusa Penida, Bali","free WiFi, swimming pool, free parking, 24-hour reception, restaurant, airport transfer, shared kitchen, luggage storage","Mixed Dormitory Room, Deluxe Twin Room, Deluxe Double Room, Dormitory (Bunk Bed), Bed in 4-Bed Mixed Dormitory, Bed in 4-bed mixed dormitory, Bed in 4-bed mixed dormitory, Room Assigned on Arrival, Bed in 4-Bed Mixed Dormitory",10 m² - 16 m²  ,"Everything was perfect. Clean room, comfortable bed, and air conditioning in the room",0.1880788034827024,0.12762831607045955,0.9056603771876113,4
gending kedis luxury villas & spa estate,16.2438469444473,15.681728092818084,Inclusive of taxes,8.7,"Jimbaran, Bali","Free Wi-Fi, swimming pool with a view, free parking, spa, 24-hour reception, fitness center, restaurant, bar","2 Bedroom Pool Villa, 1 Bedroom Pool Villa, 3 Bedroom Pool Villa, 4 Bedroom Pool Villa, 4-Bedroom Villa with Private Pool, 3-Bedroom Villa with Private Pool, 1-Bedroom Villa with Private Pool, 1-Bedroom Villa with Private Pool - Flash sale, 1-Bedroom Villa with Private Pool - Non Refundable, 4-Bedroom Villa with Private Pool - Non Refundable",150 m² - 200 m²  ,A true hidden gem in Jimbaran,0.7551316741844224,0.7072602405285925,0.7547169809896759,0
genta house,12.820179324373711,12.532498153794986,Inclusive of taxes,7.8,"Kuta, Bali","Beach, free WiFi, kids' pool, shared kitchen, balcony/terrace, garden, tours, laundry service",Standard Double Room,300 m² - 300 m²  ,Nice sheets but oddly damp,0.2567730309238717,0.2539273560564532,0.5849056602669989,4
gk bali resort,14.921595192322973,14.123087900479584,Inclusive of taxes,8.42253807106599,"Sebatu, Bali","free WiFi, swimming pool with view, free parking, spa, 24-hour front desk, restaurant, bar, yoga room","Suite Room, Royal Suite Room, 1 Bedroom Pool Villa, One-Bedroom Pool Villa, Suite, Deluxe Suite, One Bedroom Private Pool Villa, Villa, Executive Suite, GK Garden View Room",50 m² - 150 m²  ,I like to rest in peace,0.5626610075303383,0.4828933737299724,0.702365673653514,0
gm hotel lovina,13.280093358170213,12.655726873025818,Inclusive of taxes,8.5,"Singaraja, Bali","Free Wi-Fi, free parking, 24-hour reception, garden, breakfast, room service, contactless check-in/check-out, laundry service","Standard Room, Single Room, Standard Room (No Window), Room Assigned on Arrival",25 m² - 30 m²  ,quite good,0.32371940520257136,0.2716661785052356,0.7169811319401922,4
gora beach inn,13.508409144752644,12.815264683146662,Inclusive of taxes,8.2,"Poppies, Bali","Free Wi-Fi, swimming pool, free parking, 24-hour reception, restaurant, airport transfer, children's swimming pool, luggage storage","Superior Pool View, Deluxe Room, Superior Plus Room, Deluxe Room with Balcony, Standard Room with Air Conditioner, Superior King Room, Standard Double or Twin Room with Fan, Deluxe Room, Standard Fan Room (Garden View)",10 m² - 25 m²  ,"The location is close to the airport, just a short walk to Kuta Beach and Beachwalk Mall. The staff is friendly. The rooms are clean, with towels, shampoo, soap, and a drying area",0.35695369026256224,0.29463170882369993,0.6603773583659663,1
goya boutique resort,15.739904455164305,15.42519384029272,Inclusive of taxes,8.8,"Ubud, Bali","Free Wi-Fi, swimming pool with a view, free parking, spa, 24-hour reception, restaurant, bar, yoga room","Deluxe Suite, 2 Bedroom Pool Villa, Deluxe Double or Twin Room, Balcony, 1 Bedroom Pool Villa, Deluxe Double or Twin Room, Balcony, Goya Pool Suite, Goya Pool Suite, Superior Suite, Superior Suite, Room Deluxe",40 m² - 150 m²  ,Amazing Experience in Ubud,0.6817763946684106,0.6703320342956418,0.773584905514418,0
graha socio  hotel nusa dua,14.31127452226475,13.61309077819004,Inclusive of taxes,8.42253807106599,"Nusa Dua, Bali","Swimming pool, fitness center, restaurant, and complimentary Wi-Fi","Superior Room, Deluxe Room",30 m² - 35 m²  ,"As the hotel is relatively new, there are limited reviews available",0.47382102221729294,0.409479088016771,0.702365673653514,2
grand asahan house,12.219324451205921,11.931642378754141,Inclusive of taxes,8.3,"West Denpasar, Bali","Free Wi-Fi, free parking, 24-hour reception, room service, smoke-free property, daily housekeeping, cash withdrawal, 24-hour security",Standard Room,28 m² - 28 m²  ,No wifi for a week,0.16931091350548919,0.16743393165585044,0.6792452828907085,4
grand barong resort bali,13.658857917508856,13.435714658591923,Inclusive of taxes,8.6,"Poppies, Bali","2 pools, spa, restaurant, free Wi-Fi","Deluxe Room, Suite",32 m² - 64 m²,"Great location near nightlife, friendly staff",0.378853434803006,0.3839457260550106,0.735849056464934,3
grand hyatt bali,15.016989856085932,14.72930778363415,Inclusive of taxes,8.5,"Nusa Dua Beach, Bali","Large swimming pool, tropical garden, fine dining, spa, direct access to the beach",Grand Room,30 m² - 45 m²,"Complete facilities, quiet location, suitable for families",0.5765469218429499,0.5701589635967043,0.7169811319401922,2
grand inna kuta,14.467836264837162,13.851650569085855,Inclusive of taxes,8.5,"Kuta, Bali","Swimming pool, restaurant, beach bar, spa, direct beach access",Deluxe Room,20 m² - 35 m²,"Strategic location in Kuta, suitable for families",0.4966105877573082,0.4438198634507229,0.7169811319401922,2
grand istana rama hotel,14.032626378958597,13.516108068981602,Inclusive of taxes,8.3,"Kuta, Bali","Beach, free wifi, swimming pool, free parking, spa, 24 hour front desk, restaurant, bar","Garden Suite, Grand Deluxe, Family Suite, Superior Deluxe, Superior Room",32 m² - 45 m²,Travel with extended family,0.4332602184082651,0.39551838900124525,0.6792452828907085,3
grand kuta hotel & residence,14.04662307257814,13.291601383266912,Inclusive of taxes,8.4,"Legian, Bali","Beach, free wifi, swimming pool, free parking, 24 hour front desk, restaurant, airport transfer, family room","Junior Suite, Executive Suite, Deluxe Balcony, Grand Studio, Executive Premiere Room, Grand Deluxe Room",35 m² - 67 m²,"Great location, close to restaurants",0.4352976163149635,0.36320056356805636,0.6981132074154504,3
grand la walon hotel,13.353476685668044,13.130333531178522,Inclusive of taxes,8.7,"Legian, Bali","Beach, free Wi-Fi, swimming pool with a view, free parking, spa, 24-hour reception, restaurant, bar","Upper Floor Grand Deluxe Room, Deluxe Upper Floor Room, Twin Bed with Pool View, Deluxe Upper Floor Room, Double Bed with Pool View, Deluxe Upper Floor Room, Twin Bed with City View, Deluxe Premier Room, Double Bed with City View, Deluxe Premier Room, Twin Bed with City View, Deluxe Ground Floor Room, Deluxe Premier Room, Twin Bed with Pool View, Deluxe Premier Room, Double Bed with Pool View, Deluxe Upper Floor Room, Double Bed with City View",28 m² - 32 m²  ,A very satisfying accommodation with nothing lacking,0.3344012877881764,0.33998599303004906,0.7547169809896759,1
grand mirage resort & thalasso bali,14.447414050125603,14.359561264652543,Inclusive of taxes,8.5,"Tanjung Benoa, Bali","Beachfront, free WiFi, swimming pool, water sports, spa","Ocean View Room, Deluxe Room, Thalasso Suite",35 m² - 120 m²,Luxury hotel with an all-inclusive concept and complete facilities,0.4936378730123502,0.5169338072191231,0.7169811319401922,3
grand mirah boutique hotel,13.317109100286022,12.870822923581574,Inclusive of taxes,8.5,"East Denpasar, Bali","Garden, free Wi-Fi, laundry service","Deluxe Double Room, Deluxe Room, Standard Twin Room, Junior Suite, Deluxe Suite, Deluxe Room Balcony, Deluxe Room Without Balcony",16 m² - 47 m²  ,Strategic location near city center,0.3291075202497092,0.302629339317575,0.7169811319401922,1
grand palace hotel sanur - bali,13.849912950864715,13.339087971220277,Inclusive of taxes,8.7,"Sanur, Bali","Swimming pool, restaurant, spa, fitness center, shuttle service",Superior Room,30 m² - 40 m²,"Strategic location in Sanur, adequate facilities at affordable prices",0.406663940312673,0.37003627652248,0.7547169809896759,2
grand pondok puri ayu,12.676079399771027,12.245298166364206,Inclusive of taxes,8.0,"West Denpasar, Bali","Free Wi-Fi, free parking, 24-hour reception, family room, luggage storage, takeaway breakfast service, room service, laundry service","Superior Room, Deluxe Double, Deluxe Twin Room, Economy Twin Room, Deluxe Twin Room, Deluxe Double Room, Superior Room, Superior Room, Superior Room, Superior",12 m² - 54 m²  ,Suitable for all Hotel visitors,0.2357974424941169,0.21258480526044962,0.6226415093164828,1
"grand sehati hotel & spa, ubud",13.710151153416941,13.42246945133505,Inclusive of taxes,8.1,"Monkey Forest, Bali","Beach, free WiFi, swimming pool, free parking, spa, 24-hour reception, fitness center, restaurant","Premium, Deluxe Studio Double or Twin Room, Superior Double or Twin Room, Premium Suite, Deluxe Studio Double or Twin Room, Superior, Superior Double or Twin Room, Premium Double or Twin Room, Prestige Suite",20 m² - 64 m²  ,Good room,0.3863198218160792,0.3820390732772042,0.6415094338412245,1
grand whiz hotel nusa dua,13.96780322704382,13.42307667344593,Inclusive of taxes,8.5,"Nusa Dua Beach, Bali","Swimming pool, gym, spa, restaurant","Superior Room, Deluxe Room",30 m² - 50 m²,"Close to the beach, suitable for family vacations",0.42382437894455394,0.3821264831381449,0.7169811319401922,2
grand zuri kuta bali,13.943544869284404,13.528029798580992,Inclusive of taxes,8.6,"Kuta, Bali","Swimming pool, spa, restaurant, fitness center","Superior Room, Deluxe Room",25 m² - 50 m²,Comfortable hotel and close to the center of Kuta,0.4202932644783512,0.39723452665134795,0.735849056464934,3
grandmas plus hotel - legian,14.796339935975993,13.975359827087827,Inclusive of taxes,8.8,"Legian, Bali","Budget-friendly, modern design, free WiFi, near nightlife","Standard Room, Deluxe Room, Suite",20 m² - 50 m²,Cheap and modern hotel with a strategic location in Legian,0.5444285017671207,0.4616278596440204,0.773584905514418,3
grandmas plus hotel airport,15.084022008427773,14.263041686471524,Inclusive of taxes,8.8,"Tuban, Bali","Free Wi-Fi, swimming pool, free parking, spa, 24-hour reception, restaurant, bar, massage","Cozy Double Room, Cozy Double or Twin Room, Day Use (max. 6 hours), Cozy Room, Cozy Double or Twin Room",16 m² - 18 m²  ,A great choice for those looking to be close to the airport!,0.586304309592873,0.5030397760965788,0.773584905514418,3
green beach inn,13.185285593023602,13.097433186594486,Inclusive of taxes,8.8,"Nusa Penida, Bali","Beach, free Wi-Fi, swimming pool with view, free parking, 24-hour front desk, restaurant, bar, airport transfer",Standard Double,20 m² - 20 m²  ,"Sea view, spacious and clean room",0.3099189214955653,0.33524997552761326,0.773584905514418,1
green field hotel and restaurant,14.43985734851152,14.352004513273993,Inclusive of taxes,8.9,"Monkey Forest, Bali","Free WiFi, swimming pool with view, free parking, spa, 24-hour reception, restaurant, bar, massage","Double or Twin Room with Garden View, Deluxe Room, Super Deluxe Double Room, Premier Room, Premium Double or Twin Room, Room Assigned on Arrival, Junior Suite Pool View, deluxe single room with queen bed, Double or Twin Room, Suite Pool View",50 m² - 55 m²  ,Spacious villa with beautiful views!,0.49253789837058326,0.5158460098953306,0.7924528300391599,1
green palace homestay nusa penida,12.822047162563551,12.344011187390121,Inclusive of taxes,8.3,"Nusa Penida, Bali","free Wi-Fi, swimming pool, free parking, 24-hour front desk, fitness center, water sports, massage, luggage storage","Superior Room, Deluxe Room, Standard Room",18 m² - 18 m²  ,100% recommended,0.257044918679757,0.2267945833405217,0.6792452828907085,1
guesthouse 999,12.44246405516989,12.154784614286667,Inclusive of taxes,8.4,"Kerobokan, Bali","Parking, Wi-Fi",Standard Room. Guest Room,15 m² - 20 m²  ,Nice and good hotel,0.20179173893292646,0.19955534395034333,0.6981132074154504,4
hadi poetra hotel,13.848946301168032,12.770138517139207,Inclusive of taxes,8.2,"Kuta, Bali","Free wifi, swimming pool, free parking, 24-hour front desk, restaurant, airport transfer, family room, luggage storage","Superior Room, Single Room, Family Room, Traveller Transit Room, Room Pool Access, Superior Twin Room, ",14 m² - 151 m²,"Strategic location, comfortable place",0.40652323207670926,0.2881357795338641,0.6603773583659663,1
hana kuta beach,12.91164481522143,12.623963565812547,Inclusive of taxes,8.4,"Kuta, Bali","Free Wi-Fi, swimming pool, parking, 24-hour reception, kitchen, breakfast, daily housekeeping, convenience store","Standard Room, Deluxe Double or Twin Room, Superior King or Twin Room, Room Assigned on Arrival, Standard Room (No Window), Deluxe Room (No Window), Superior 2 Beds, Superior Double Room (Double Bed), Superior 2 Twin Beds, Superior 1 Bed",33 m² - 36 m²  ,strategic place,0.2700870038273073,0.2670938379781308,0.6981132074154504,1
harmony beach suite,13.933294482509151,13.64561270635336,Inclusive of taxes,8.0,"Seminyak, Bali","Beach, free Wi-Fi, swimming pool, free parking, spa, 24-hour check-in, restaurant, golf course","Superior Suite, Standard Suite, Family Suite, Family Suite 3 People, Family Suite 4 People, Quadruple Family Room, Studio Suite, Superior Studio Suite",45 m² - 45 m²  ,A bit too expensive for what they offer,0.4188011894836117,0.41416063232707523,0.6226415093164828,3
harris hotel and conventions denpasar bali,13.249878458265119,12.893204268851937,Inclusive of taxes,8.5,"North Denpasar, Bali","Convention hall, swimming pool, restaurant, fitness center, kids club","Standard Room, Superior Room, Family Room",25 m² - 50 m²,"The right choice for business and family, affordable price",0.3193212397864344,0.30585114274451936,0.7169811319401922,3
harris hotel kuta tuban bali,13.788482570507627,13.500801182986649,Inclusive of taxes,8.4,"Tuban, Bali","Swimming pool, restaurant, airport shuttle, fitness center","Standard Room, Superior Room, Family Room",25 m² - 50 m²,"Hotel near the airport, convenient for transit or short vacation",0.39772196217488875,0.3933149567607494,0.6981132074154504,3
harris hotel seminyak,13.820499094499693,13.71513868940007,Inclusive of taxes,8.5,"Seminyak, Bali","Swimming pool, spa, fitness center, restaurant, kids club","Superior Room, Deluxe Room",25 m² - 50 m²,Strategic location in Seminyak with complete facilities for families,0.40238237703673274,0.4241689248463899,0.7169811319401922,3
hartaning house by pramana villas,13.27316502691334,12.675329120725824,Inclusive of taxes,8.4,"Ubud, Bali","free Wi-Fi, swimming pool, free parking, 24-hour front desk, kitchen, luggage storage, balcony/terrace, garden","Deluxe Room, 1 Bed Suite, Suite, Deluxe Suite, 4 Hours Day Use At Deluxe, Room Assigned on Arrival, Deluxe, Suite",17 m² - 20 m²  ,Fun and quiet,0.3227108979091091,0.27448792974729874,0.6981132074154504,1
hidden hills villas,16.2182037568306,15.93052168437882,Inclusive of taxes,9.0,"Pecatu, Bali","Free Wi-Fi, pool with a view, free parking, spa, express check-in/check-out, fitness center, restaurant, bar","5 Bedroom Villa, 2 Bedroom Pool Villa, One Bedroom Pool Villa, Studio Ocean View, Studio Garden View, 3 Bedroom Ocean View Pool Villa, 3 Bedroom Pool Villa, Villa Ocean View Three Bedrooms, Studio Bedroom Ocean View Villa, 5 Bedroom Ocean View Pool Villa",25 m² - 300 m²  ,Perfect villa for a holiday!,0.7513989800073929,0.7430741755807275,0.8113207545639017,0
hideaway villas bali uluwatu by kanaan hospitality,15.050400755791673,14.827257277194134,Inclusive of taxes,8.8,"Pecatu, Bali","Swimming pool, free Wi-Fi, restaurant","Panoramic View Villa, Bedroom Garden View, Bedroom Deluxe Panoramic, Bedroom Suite Private Pool, Bedroom Garden Pool Villa, ",100 m² - 250 m²  ,The best start in Bali!,0.5814103059372007,0.5842588315986916,0.773584905514418,0
hikers camp at toya devasya,13.752843351491403,13.38472764187182,Inclusive of taxes,8.0,"Kintamani, Bali","Free Wi-Fi, swimming pool, free parking, spa, 24-hour reception, fitness center, restaurant, bar","Superior Tent, Luxury Tent, Executive Tent",10 m² - 12 m²  ,"Good location, with hot spring facilities but for ordinary camping, cleanliness is still ok",0.3925342176836729,0.37660612500716717,0.6226415093164828,3
hill dance bali american hotel,13.746518400762781,13.45883704259595,Inclusive of taxes,7.8,"Jimbaran, Bali","Beach, free Wi-Fi, swimming pool with view, free parking, 24-hour front desk, restaurant, bar, mini golf course","Cottage Room, Room Assigned on Arrival, Studio, Family Suite with Balcony or Terrace, Deluxe Double or Twin Studio, Cottage with Balcony or Terrace, Family Suite",10 m² - 20 m²  ,The location is quite difficult to find and the bathroom is separate from the room. But overall it's quite good.,0.3916135401490534,0.38727420229821236,0.5849056602669989,1
hilton bali resort,15.169281985643034,14.881599999279382,Inclusive of taxes,8.7,"Nusa Dua Beach, Bali","Swimming pool, private beach, fitness center, kids club, 6 restaurants","Ocean View Room, Family Suite, Deluxe Room",45m² - 80m²,"The sea view is very beautiful, the facilities are complete and suitable for family holidays.",0.5987149905597682,0.5920814877495524,0.7547169809896759,3
hilton garden inn bali ngurah rai airport,13.925486307029107,13.702342979678837,Inclusive of taxes,8.5,"Tuban, Bali","Beach, free wifi, swimming pool, free parking, spa, 24 hour front desk, fitness center, restaurant","Presidential Suite, King Guest Room, Family Room, Deluxe Room",30 m² - 149 m²,An ideal place to stay overnight after arriving in the evening,0.41766460960192003,0.42232697741507774,0.7169811319401922,3
holiday inn express baruna bali,14.16697133171363,13.879325379794661,Inclusive of taxes,8.4,"Kuta, Bali","Beach, free wifi, swimming pool with view, free parking, spa, 24 hour front desk, fitness center, restaurant","Premium Room, Standard Room, King Bed Suite Garden View, Bedroom Suite Ocean View, King Bed Standard, King Single Suite Garden View",28 m² - 78 m²,The best hotel if you are traveling with children,0.45281584582704526,0.4478036633029926,0.6981132074154504,3
holiday inn resort bali benoa,14.76058309126388,14.472920710288127,Inclusive of taxes,9.0,"Tanjung Benoa, Bali","Private beach, free wifi, pool with view, free parking, spa, 24-hour front desk, fitness center, restaurant","Standard Room, King Standard Room, Kids Adventure Suite",35 m² - 48 m²,The kids in the playroom loved it.,0.5392236353503206,0.5332519438643257,0.8113207545639017,3
holistic villa by holistic group,13.814177670063732,13.52649559761195,Inclusive of taxes,8.42253807106599,"Nusa Dua, Bali","Free Wi-Fi, car parking, 24-hour reception","Holistic Villa Bergenia 2BR Villa Nusadua, Holistic Villa Bellavie 2BR villa Nusa dua, Amore Villa Nusa Dua",90 m² - 101 m²  ,Normal,0.4014622127991447,0.39701367782032504,0.702365673653514,2
home 21 bali,13.902996572295777,13.209850307967098,Inclusive of taxes,8.5,"Sanur, Bali","Free wifi, swimming pool, free parking, 24-hour reception, massage, airport transfer, family room, luggage storage","Suite Room, Studio Room, Superior Room, Superior Apartment, Studio Apartment, Superior Apartment (No Window Area 20), Quadruple Room, Studio Apartment (No Window Area 35), Double Com, Studio (No Window Area 35)",20 m² - 50 m²  ,Great stay in Sanur,0.41439094085461586,0.3514324642256947,0.7169811319401922,2
homestay mas arjuna,12.583618273640203,12.10558357840937,Inclusive of taxes,9.0,"West Denpasar, Bali","Beach, Free wifi, Swimming pool, Free parking, Spa, 24-hour reception, Restaurant, Bar","Family Room, Superior Double Room, Superior Twin Room, Quadruple Family Room, Superior Room, Superior Triple Room, Standard Room",18 m² - 27 m²  ,"Great place, friendly, close to main eateries, main beach and minimart",0.22233854213161347,0.19247283554506903,0.8113207545639017,1
honai resort,15.46416937585933,13.950042325047372,Inclusive of taxes,8.8,"Ubud, Bali","Beach, free Wi-Fi, swimming pool, free parking, spa, 24-hour reception, restaurant, bar","Tropical Deluxe Room, Deluxe Garden View, Deluxe, Deluxe Room with Pool View, Best Deal Tropical Deluxe Room with Pool View, Tropical Deluxe Room with Pool View, Tropical Deluxe Garden Room, Best Deal - Tropical Deluxe Garden Room, Tropical Deluxe Garden View, Tropical Deluxe Room Pool View",25 m² - 55 m²  ,Beautiful mini jungle,0.6416396246104531,0.45798339529881327,0.773584905514418,3
horison seminyak,14.508658238524095,13.815511557963774,Inclusive of taxes,8.4,"Seminyak, Bali","Swimming pool, rooftop restaurant, spa, free shuttle to the beach",Standard Room,20 m² - 30 m²,"Strategic location in Seminyak, affordable price",0.5025527485274008,0.4386176386303194,0.6981132074154504,2
hotel & residences riverview kuta - bali (associated harris),13.73776629018622,13.632405894622412,Inclusive of taxes,8.4,"Kuta, Bali","Free WiFi, swimming pool, fitness center, restaurant, 24-hour front desk","Deluxe Room, Superior Room, Executive Suite",24 m² - 50 m²,Economical choice with strategic location in Kuta,0.39033955843218704,0.4122595066002799,0.6981132074154504,3
hotel cianjur bali,12.684379209813471,12.396697137361691,Inclusive of taxes,7.8,"East Denpasar, Bali","Free wifi, Breakfast, Free parking, AC, Room service, Child-friendly","Guest Room(Fan), VIP Twin Room, Deluxe Twin Room, Deluxe Single Room, Twin Room, Single Room, VIP Single Room",14 m² - 16 m²  ,"The place is okay, clean, comfortable and affordable of course",0.23700558607903188,0.2343787464960313,0.5849056602669989,4
hotel dafam savvoya seminyak,13.910054080325505,13.533864896336572,Inclusive of taxes,8.4,"Seminyak, Bali","Beach, free wifi, swimming pool, free parking, restaurant, luggage storage","Deluxe Room, Suite Room, Superior Room",20 m² - 36 m²,Nice place with good location,0.4154182514807625,0.3980744912610884,0.6981132074154504,3
hotel duta karya,12.898672176157266,12.395092551542222,Inclusive of taxes,6.7,"Singaraja, Bali","Free Wi-Fi, free parking, 24-hour reception, massage, luggage storage, garden, room service, hot spring bath","Queen Superior Room, Deluxe Room, Superior Room Air Conditioning, Standard Room, Superior Room, Standard Room(Fan), Room Assigned on Arrival, Single Room",15 m² - 24 m²  ,Room facilities need to be updated,0.2681986701685081,0.23414776573819276,0.37735849049483805,4
hotel gianyar,12.154784614286667,11.86710429621008,Inclusive of taxes,8.0,"Gianyar Kota, Bali","Free parking, 24-hour reception, restaurant, airport transfer, balcony/terrace, garden, room service, laundry service","Room Assigned on Arrival, Superior Double or Twin Room with Garden View",10 m² - 12 m²  ,Fits the price,0.15991631416566038,0.1581436493695478,0.6226415093164828,4
hotel gran surya,13.215890149700611,12.928208077248831,Inclusive of taxes,8.3,"Seririt, Bali","Free Wi-Fi, swimming pool, car parking, spa, 24-hour reception, restaurant, bar, airport transfer","Executive Suite, Executive Room, Executive Connection, Executive Long, Standard Deluxe Twin Room, Deluxe Room, Deluxe King Room, Executive Long (Suite), Standard Deluxe King Room, Executive Connection Suite",32 m² - 56 m²  ,Nice big hotel but expensive,0.31437380644225793,0.310889954687542,0.6792452828907085,1
hotel grand santhi,13.710151153416941,12.660331092405906,Inclusive of taxes,8.0,"West Denpasar, Bali","Swimming pool, free Wi-Fi, restaurant","Deluxe Suite, Super Deluxe, Junior Suite",32 m² - 48 m²  ,Comfortable. The room is spacious.,0.3863198218160792,0.27232895769022114,0.6226415093164828,3
hotel griya ayu inn sanur,12.71343226965299,12.425750197201209,Inclusive of taxes,8.5,"Sanur, Bali","Free Wi-Fi, 24-hour front desk, restaurant, balcony/terrace, garden, laundry service, non-smoking rooms, daily housekeeping",Double Or Twin Room,16 m² - 16 m²  ,"Comfortable and quiet, lots of plants in the hotel",0.24123463080267807,0.2385609458510507,0.7169811319401922,4
hotel indigo bali seminyak beach,15.444091664630081,15.156419664126675,Inclusive of taxes,9.0,"Seminyak, Bali","Direct beach access, large swimming pool, spa, restaurant, rooftop bar","Deluxe Room, Suite Room, Villa",50 m² - 150 m²,"Luxury hotel with complete facilities, perfect for a romantic getaway",0.6387170567568101,0.6316418862555873,0.8113207545639017,2
hotel karthi,12.49250643920608,12.204826869873813,Inclusive of taxes,8.4,"Kuta, Bali","Beach, free Wi-Fi, swimming pool, free parking, 24-hour reception, fitness center, restaurant, bar","Deluxe Double, Super Deluxe Room, Deluxe Twin Room, Superior Double Room, Standard Room with Bunk Bed, Budget Double or Twin Room, Standard Double Room, Family Room (5 person), Superior Room Breakfast, Super Deluxe Room Only",15 m² - 27 m²  ,Close to the beach. Food is easy to find.,0.20907604844579425,0.20675894626267557,0.6981132074154504,1
hotel komune and beach club bali,14.735418340416837,14.35918277713521,Inclusive of taxes,8.4,"Keramas, Bali","Private beach, free Wi-Fi, swimming pool with a view, free parking, spa, 24-hour reception, fitness center, restaurant","Beachfront Pool Suite, Standard Room, Suite - Garden View, One Bedroom Villa, Resort Room, Suite, Komune Suites, Deluxe Room, Two-Bedroom Villa, Suite, Beachfront View",25 m² - 140 m²  ,Our favorite hotel in Bali,0.5355605837688553,0.5168793237926057,0.6981132074154504,3
hotel kumala pantai,14.19229700306137,13.81609638633332,Inclusive of taxes,8.7,"Legian, Bali","Beach, free Wi-Fi, swimming pool, free parking, spa, 24-hour front desk, fitness center, restaurant","Junior Suite, Presidential Suite, Deluxe Twin Room, Deluxe Room, 2-Bedroom Apartment, Two-Bedroom Ambassador Suite, 2-Bedroom Ambassador Suite, Apartment, Ambassador Suite, Presidential Suite",30 m² - 93 m²  ,A peaceful oasis in the heart of bustling Legian,0.4565023214470856,0.43870182490341514,0.7547169809896759,3
hotel lestari gilimanuk,12.301387370778713,12.013706813470414,Inclusive of taxes,8.2,"Gilimanuk, Bali","Free Wi-Fi, free parking, 24-hour front desk, restaurant, family room, luggage storage, balcony/terrace, garden","Superior Double/Twin, VIP Room, Suite, Deluxe Room, Suite with Balcony, Standard Room, Standard Room (Fan), Standard Single Room, Two Bedroom Duplex Villa",15 m² - 25 m²  ,"Clean rooms and bathrooms, comfortable for sleeping, close to the Gilimanuk crossing",0.18125622181185366,0.17924713920907337,0.6603773583659663,1
hotel mahajaya,12.393344429706168,12.254081552216485,Inclusive of taxes,7.7,"North Denpasar, Bali","Internet access, swimming pool, free parking, 24-hour reception, restaurant, yoga room, airport transfer, luggage storage","Superior Room, RedDoorz Deluxe Twin Room, Deluxe Room, Economy Room, Suite, Suite, Deluxe Room (No Window), Suite (No Window, Area: 30), Deluxe Room (No Window, Area: 33), Suite (No Window)",24 m² - 62 m²  ,Cheap hotels near Ubung terminal,0.19464174874110982,0.2138491770976743,0.566037735742257,1
hotel mandari,12.847929163278053,12.560247968016562,Inclusive of taxes,8.6,"Singaraja, Bali","Restaurant, garden, terrace, and complimentary Wi-Fi.","Standard Room, Deluxe Room",20 m² - 25 m²  ,"Guests have noted the hotel's cleanliness, friendly staff, and convenient location in Singaraja",0.2608123751598549,0.2579219526937934,0.735849056464934,4
hotel mawar ii denpasar,12.285812230343542,11.998131696818527,Inclusive of taxes,7.6,"West Denpasar, Bali","free parking, laundry service, smoking area, daily housekeeping, 24-hour security, receipts available, English, Indonesian","Double Room with Fan, Double Room, Deluxe One Bedroom Room, Standard Room, Guest Room (Fan), Budget Twin Room, Twin/Double room - Fan, Twin/Double room - De Luxe, Deluxe Single Room, Single room - No A/C",15 m² - 16 m²  ,"too expensive for the comfort of the room, 260 thousand without a view",0.17898906076784507,0.17700509506034412,0.5471698112175151,4
hotel melamun lovina,13.24014819083691,13.112315061750808,Inclusive of taxes,8.9,"Lovina, Bali","Beach, free Wi-Fi, swimming pool, free parking, 24-hour reception, restaurant, bar, massage","Family Room, Deluxe, Family Room, Deluxe Pool View Room, Standard Double Pool View, Double Room with Pool View, Water View, Double Room Queen Bed Premium Sofa Bed, Family Single Room, Junior Suite",25 m² - 40 m²  ,Perfection,0.3179048748199134,0.3373922272912499,0.7924528300391599,1
hotel nikko bali benoa beach,14.407697527310875,14.012031655742376,Inclusive of taxes,8.6,"Tanjung Benoa, Bali","Private beach, free wifi, pool with view, free parking, spa, 24-hour front desk, fitness center, restaurant","Deluxe Room, Family Room, Family Suite, Oceanfront Suite, Deluxe Garden, Deluxe Ocean",45 m² - 106 m²,Suitable for families with small children,0.48785662476590114,0.4669067837571298,0.735849056464934,3
hotel oranjje,12.94104291934378,12.267699118267515,Inclusive of taxes,7.6,"South Denpasar, Bali","Internet access, swimming pool, free parking, 24-hour reception, restaurant, massage, airport transfer, children's swimming pool","Superior Room, Suite, Room Assigned on Arrival, Twin Room De Luxe, Suite (no window), Superior Double Room with 2 Twin Beds, Double Room with Double Bed, Single Room, Twin/Double Room Superior No Window, Superior Single Room",20 m² - 40 m²  ,Location Strategy,0.27436627416270604,0.215809431069894,0.5471698112175151,1
hotel puri ayu,13.493928313146206,12.695422302748442,Inclusive of taxes,8.2,"West Denpasar, Bali","Free wifi, swimming pool, free parking spa, 24 hour front desk, restaurant, massage, airport transfer","Deluxe Room, Suite Room, Twin Room, ",25 m² - 40 m²,Friendly comfortable clean,0.3548458198751577,0.27738035117758747,0.6603773583659663,3
hotel puri bali,12.415798581903038,12.128116509451258,Inclusive of taxes,8.5,"Mendoyo, Bali","Beach, Free wifi, Swimming pool with view, Free parking, Foot soak, 24-hour reception, Restaurant, Bar","Double or Twin Room, Superior Double or Twin Room, Triple Room, Deluxe Triple Room, Family Room",40 m² - 60 m²  ,Highly recommended,0.1979102379947943,0.1957164598032583,0.7169811319401922,1
hotel puriartha ubud,13.527828485512494,12.873902018105829,Inclusive of taxes,8.4,"Ubud, Bali","Free Wi-Fi, swimming pool, free parking, 24-hour reception, airport transfer, family room, balcony/terrace, garden","Pool View Suite, Deluxe Double Room, Deluxe Double with Pool View, Suite with Balcony & Pool View, Double Duplex, Deluxe Twin Room, Family Suite Pool View, Suite Room, Family Suite With Balcony And Pool View, Deluxe Twin Room with Pool View",14 m² - 46 m²  ,Holidays,0.3597804238675858,0.30307257618159256,0.6981132074154504,1
hotel ratu,12.644330802262578,12.356649805075568,Inclusive of taxes,7.8,"Negara, Bali","Free Wi-Fi, free parking, spa, 24-hour front desk, restaurant, massage, airport transfer, kitchen","Standard Room, Deluxe Room, Superior Room, Standard Single, Deluxe Twin Room, Indonesia Deluxe Twin, Single Indonesia Standard Single, Standard Twin Room, Deluxe Double Room",10 m² - 38 m²  ,"The price is very affordable, definitely worth it. The room is clean. Only the bathroom needs more attention to cleanliness. The AC is leaking.",0.23117602776128265,0.22861391731168973,0.5849056602669989,1
hotel santika kuta,13.758941264676379,13.328158918383728,Inclusive of taxes,8.6,"Kuta, Bali","Free WiFi, swimming pool, restaurant, spa, 24-hour front desk","Superior Room, Deluxe Room, Suite",22 m² - 40 m²,Relaxing hotel with affordable price and excellent service,0.39342184699785254,0.3684630350815969,0.735849056464934,3
hotel santika seminyak,13.800397935382136,13.107251770049071,Inclusive of taxes,8.7,"Seminyak, Bali","Free wifi, swimming pool, free parking, spa, 24 hour front desk, fitness center, restaurant, bar","Superior Room King, Deluxe Room Twin, Suite King, King Room, Deluxe Room",24 m² - 56 m²,Wish we could have stayed longer,0.3994563960428258,0.33666336446557005,0.7547169809896759,3
hotel santika siligita nusa dua,13.969662380648023,13.681980308196241,Inclusive of taxes,8.5,"Nusa Dua, Bali","Free wifi, swimming pool, free parking, spa, fitness center, restaurant, bar","Deluxe Room King, Superior Room King, Superior Room Twin, Suite Santika",24 m² - 52 m²,Elite area hotel at affordable prices,0.42409500254784155,0.4193957628713638,0.7169811319401922,2
hotel sari,12.37581963951765,12.213301454618094,Inclusive of taxes,7.8,"Gilimanuk, Bali","Free Wi-Fi, car parking, 24-hour reception, breakfast, private check-in/check-out, laundry service, daily housekeeping, 24-hour security","Suite, Suite with Air Conditioner, Exclusive 1 Bed, Exclusive 2 Bed AC, Exclusive 1 Bed, Exclusive 2 Bed AC, Standard Double Room with Fan, Exclusive 1 Bed, Exclusive 2 Bed AC, Exclusive 1 Bed",12 m² - 25 m²  ,Enjoy the morning in Bali at Hotel Sari,0.1920907912210021,0.2079788660593292,0.5849056602669989,4
hotel satriya cottages,13.764725555427162,13.544096769794999,Inclusive of taxes,8.7,"Poppies, Bali","Beach, free Wi-Fi, swimming pool with a view, free parking, spa, 24-hour front desk, restaurant, bar, about us","Deluxe Room, Ground Floor Superior Room, Standard Double Room, Superior Room with Bathtub, Superior Double or Twin Room with Futon, Superior Double Room with Shower, Family Superior Room, Standard Room, Superior Cottages Double Bed, Standard Twin City View",25 m² - 50 m²  ,Great Location and Service,0.3942638245525321,0.3995473734571408,0.7547169809896759,1
hotel segara agung,13.717126759429664,13.239091634755386,Inclusive of taxes,8.5,"Sanur, Bali","Beach, free Wi-Fi, swimming pool, free parking, 24-hour front desk, restaurant, bar, massage","Superior Room, Junior Suite, Deluxe Double or Twin Room, Family Suite for 2 Adults and 2 Children, Deluxe Family Suite, Suite with Garden View, Junior Room, Standard Room",16 m² - 45 m²  ,We really enjoyed staying here,0.3873352105553477,0.35564176468180525,0.7169811319401922,1
hotel segara mandala,12.729323752253295,12.623963565812547,Inclusive of taxes,7.7,"Negara, Bali","Free Wi-Fi, swimming pool, free parking, 24-hour reception, restaurant, massage, airport transfer, children's pool","Double or Twin Room, Deluxe Double Room",16 m² - 20 m²  ,Very good,0.24354783949783643,0.2670938379781308,0.566037735742257,1
hotel sentral bali,12.187236351183879,11.899554278732099,Inclusive of taxes,7.8,"Singaraja, Bali","Beach, internet access, parking, spa, express check-in/check-out, restaurant, bar, shuttle service","Standard Air Conditioning, Standard Room, Superior Twin Room, Standard Room with Air Conditioner, Deluxe Twin Room, VVIP Twin Room, Economy Twin Room, VIP II, Guest Room With Fan, VIP I",12 m² - 36 m²  ,Enough,0.16464007983634638,0.1628148370765784,0.5849056602669989,4
hotel singasari seririt,11.96322371219131,11.675545889317227,Inclusive of taxes,8.3,"Seririt, Bali","Free Wi-Fi, free parking, 24-hour front desk, room service, non-smoking rooms, air conditioning in public areas, Indonesian language","Small Twin Room, Economy Twin Room, Budget Twin Room, Twin Room, Double Room",15 m² - 20 m²  ,Conveniently located in the downtown area,0.13203217298610348,0.1305687415911204,0.6792452828907085,4
hotel sorga cottages kuta,12.38263598892178,12.24649456002909,Inclusive of taxes,8.0,"Poppies, Bali","Free Wi-Fi, swimming pool, free parking, 24-hour reception, restaurant, airport transfer, children's pool, luggage storage","Deluxe Double or Twin Room, Standard Double or Twin Room with Fan, Deluxe Premier, Deluxe Double or Twin Room for 1 Person, Standard Double or Twin Room with Fan for 1 Person, Standard Room, Room Assigned on Arrival, Deluxe Room (Super), 2 Twin Beds, Double Fan",20 m² - 60 m²  ,A Tranquil Oasis in the Heart of Kuta - Sorga Cottages Kuta Hotel Review,0.1930829981224885,0.21275702659759158,0.6226415093164828,1
hotel terrace at kuta,13.537188543178814,13.036807667689546,Inclusive of taxes,8.7,"Legian, Bali","Free Wi-Fi, swimming pool, free parking, 24-hour reception, restaurant, luggage storage, balcony/terrace, garden","Deluxe Room, Deluxe Pool Access, Premier Room, Connecting Room, Single Room Deluxe, Apartment 3 Room, Junior Suite Cliff Private Pool Ocean",22 m² - 44 m²  ,Hotel needs some updates,0.3611429000647722,0.3265229083111996,0.7547169809896759,1
hotel the flora kuta bali,12.948012371209098,12.660331092405906,Inclusive of taxes,8.5,"Kuta, Bali","free Wi-Fi, swimming pool, free parking, 24-hour front desk, restaurant, bar, massage, airport transfer","Deluxe Pool View Room, Standard Non-Smoking Room, Suite, Standard Triple Room, Deluxe Room, Interconnecting Room, Standard Double or Twin Room, Superior Room, Deluxe Non-Smoking Room",11 m² - 24 m²  ,Simple and calm,0.2753807670870499,0.27232895769022114,0.7169811319401922,1
hotel vila lumbung,13.972515161474428,13.7367930551521,Inclusive of taxes,8.1,"Seminyak, Bali","Free Wi-Fi, swimming pool with a view, free parking, spa, 24-hour reception, fitness center, restaurant, bar","Deluxe Lumbung with Air Conditioning, Superior Room, Family Deluxe Bungalow, Deluxe Lumbung, Deluxe Family Bungalow, Deluxe Room, Deluxe Room Room Only, Deluxe Lumbung 2 Bedroom, Deluxe Bungalow",45 m² - 130 m²  ,A wonderful week but there is potential for much more,0.42451026131123065,0.42728607928663614,0.6415094338412245,1
hotel zia bali - kuta,14.080897940509683,13.87017675770586,Inclusive of taxes,8.3,"Kuta, Bali","Free WiFi, swimming pool, restaurant, rooftop lounge","Standard Room, Deluxe Room, Suite",22 m² - 50 m²,Modern and comfortable hotel with friendly prices,0.4402867620428223,0.44648671556631875,0.6792452828907085,3
hyatt regency bali,14.979249319892226,14.691567455651303,Inclusive of taxes,8.7,"Sanur, Bali","Private beach, free wifi, pool with view, free parking, spa, 24-hour front desk, fitness center, restaurant","1 King Bed, 1 King Bed Deluxe, 2 Twin Beds Premium, 1 King Bed With Garden View",30 m² - 39 m²,Suitable for family vacation,0.5710533037407882,0.5647262285863492,0.7547169809896759,3
ibis bali kuta,13.361065267634391,13.07338319518261,Inclusive of taxes,8.2,"Tuban, Bali","Budget-friendly, free WiFi, business-friendly hotel","Standard Room, Superior Room",20 m² - 35 m²,Budget hotel with a strategic location near the airport,0.3355059030232672,0.3317879698343554,0.6603773583659663,4
ibis bali legian street,13.45448473408822,13.166803139903163,Inclusive of taxes,8.6,"Legian, Bali","Swimming pool, free Wi-Fi, restaurant, bar","Superior Room, Deluxe Room, Family Room, ",24 m² - 32 m²  ,"Great housekeeping staff. If you want quiet, ask for a room further in the hotel as rooms facing the street get nightly free live music entertainment",0.3491043020860402,0.34523580750496174,0.735849056464934,1
ibis styles bali benoa,13.793634001563081,13.505952269817111,Inclusive of taxes,8.3,"Tanjung Benoa, Bali","Free WiFi, swimming pool, fitness center, restaurant, spa","Standard Twin Room, Superior Double Room, Deluxe Family Room",20 m² - 38 m²,A comfortable and modern choice for a family vacation,0.39847181890063926,0.3940564577296321,0.6792452828907085,1
ibis styles bali denpasar,13.253873979606539,12.966193660693179,Inclusive of taxes,8.3,"West Denpasar, Bali","Free WiFi, restaurant, fitness center, 24-hour front desk","Standard Room, Superior Room, Deluxe Room",20 m² - 40 m²,Economical choice for business or leisure travel,0.31990283905826605,0.3163579943177397,0.6792452828907085,1
ila villa ubud,13.45406424914665,13.166382176694869,Inclusive of taxes,8.6,"Ubud, Bali","Beach, free Wi-Fi, swimming pool with a view, free parking, 24-hour check-in, restaurant, bar, yoga room","One Bedroom Villa 1 King Bed, Deluxe Double Room, Suite with Private Pool, Superior Room, One-Bedroom Villa, Junior Suite With Private Pool, Deluxe Double Room with Balcony, Deluxe Room, Suite with Private Pool, Villa Deluxe",30 m² - 150 m²  ,Spectacular,0.3490430951208069,0.3451752096860766,0.735849056464934,0
indigo blue ceningan,13.880050329101064,13.592368256649284,Inclusive of taxes,8.9,"Nusa Ceningan, Bali","Beach, Free wifi, Swimming pool, Bar, Golf course, Balcony/terrace, Garden, Takeaway breakfast service","Deluxe, Apartment with Sea View, Middle - Superior Double Room, Deluxe Room with Hammock, Double Room, Room Assigned on Arrival, Upper Room, Middle Room, Upper - Superior Double Room",20 m² - 40 m²  ,Very satisfying accommodation,0.41105082145768734,0.4064960729160949,0.7924528300391599,1
inna bali heritage hotel,13.448786721172443,12.850950901051965,Inclusive of taxes,8.3,"North Denpasar, Bali","Free Wi-Fi, restaurant, room service","Deluxe Garden View, Standard, Deluxe Pool View, Deluxe Room, Standard Garden",24 m² - 32 m²  ,The hotel that provides the most comfort,0.34827488337455703,0.29976875388301705,0.6792452828907085,1
inna sindhu beach hotel & resort,13.995329819961649,13.70764802598356,Inclusive of taxes,8.6,"Sanur, Bali","Swimming pool, free Wi-Fi, restaurant, bar","Deluxe Garden, Deluxe Room, Junior Suite, Bungalow, Suite",23 m² - 48 m²  ,You can go from the hotel to the beach,0.42783122686976804,0.42309064091064447,0.735849056464934,3
interconnection kuta,12.94323910384853,12.655557828842689,Inclusive of taxes,8.9,"Kuta, Bali","Beach, free Wi-Fi, express check-in/check-out, water park, massage, airport transfer, kids' pool, shared kitchen","Deluxe King Room, Family Room, Bed in 4-Bed Mixed Dormitory Room, Bed in 4-Bed Female Dormitory Room, Deluxe Double Room with Pool View, Private Room With Private Pool, Bed in 6-Bed Mixed Dormitory Room, Private Room Pool View, Mixed Dormitory Room, Private Room",16 m² - 25 m²  ,"I would say I really liked this hostel. It was very clean, and everything was very nice. I will definitely come back again.",0.27468595692738806,0.27164184452879525,0.7924528300391599,4
intercontinental hotels bali resort,15.453730077498118,15.166028507508257,Inclusive of taxes,8.9,"Jimbaran, Bali","Swimming pool, Spa, Fitness center, Restaurant","Classic Rooms, Suites, Villas",49 m² - 55 m²  ,Luxurious resort with complete facilities and beautiful beach views,0.6401200511164077,0.6330250830278003,0.7924528300391599,3
ion bali benoa hotel,13.487007879880162,12.710480720812354,Inclusive of taxes,8.1,"Tanjung Benoa, Bali","Free WiFi, swimming pool, free parking, 24-hour front desk, restaurant, bar, swimming pool (kids), rooftop area","ION Room, Sky Room, Deluxe Room, Superior Room, Basic Room, Transit Room, ",20 m² - 22 m²,Great hotel with great staff,0.35383846223535065,0.2795480163619907,0.6415094338412245,1
j4 hotels legian,15.756551873462481,14.840261356919882,Inclusive of taxes,8.6,"Legian, Bali","Rooftop pool, bar, nightlife-friendly hotel","Standard Room, Deluxe Room, Suite",25 m² - 55 m²,Stylish hotel with a cool rooftop pool,0.6841996394799765,0.5861307739738514,0.735849056464934,3
jangkrik homestay,12.33124167081982,12.04355959836804,Inclusive of taxes,8.5,"Ubud, Bali","Wi-Fi, parking, Green ticket, spa, airport shuttle, 24-hour front desk, free parking",Superior Room with Garden View,25 m² - 25 m²  ,"The homestay is located close to the city center, in an area full of restaurants and shops. They helped us rent a scooter and they are available for any kind of help you need. The breakfast is good and for the price you pay is the perfect deal. All the members of the family are nice, you feel like home",0.18560189730229734,0.1835444592997636,0.7169811319401922,4
jani's place cottage,14.520586803460517,13.553003583314169,Inclusive of taxes,8.9,"Monkey Forest, Bali","Free Wi-Fi, swimming pool, free parking, 24-hour reception, restaurant, bar, massage, airport transfer","Deluxe Room (Double or Twin), Family Room, Family Room, Room Assigned on Arrival, Superior, Deluxe Room (No Window), Superior King Bed Pool View, Deluxe Cottage King Bed, Double Com, Superior",25 m² - 45 m²  ,We love it here!,0.5042891038333032,0.4008295127554079,0.7924528300391599,1
jas boutique villas,15.225277519469522,14.054095081508775,Inclusive of taxes,8.5,"Seminyak, Bali","Beach, free Wi-Fi, swimming pool, free parking, spa, 24-hour reception, restaurant, bar","2 Bedroom Pool Villa, 1 Bedroom Suite Villa, 1 Bedroom Pool Villa, One-Bedroom Pool Villa with Return Airport Transfer, Two-Bedroom Villa with Return Airport Transfer",80 m² - 120 m²  ,Great service from the staff. Large pool.,0.6068658572218244,0.4729618303884267,0.7169811319401922,0
jas green villas and spa,15.203054388172456,14.031871962426134,Inclusive of taxes,8.1,"Seminyak, Bali","Beach, free wifi, swimming pool, free parking, spa, 24 hour front desk, restaurant, bar","Bedroom Pool Villa, Honeymoon",80 m² - 120 m²,Perfect location in the middle of Seminyak but in a quiet alley,0.6036309960170533,0.46976280368324225,0.6415094338412245,3
jasmine inn nusa penida,12.33124167081982,12.04355959836804,Inclusive of taxes,8.6,"Nusa Penida, Bali","Free parking, 24-hour reception, shared kitchen, room service, tours, bicycles, smoking area, daily housekeeping","Standard Double, Standard Double Room with Fan",20 m² - 20 m²  ,Good for short stay,0.18560189730229734,0.1835444592997636,0.735849056464934,4
jati 3 bungalow & spa,13.053371220202836,12.765691290604371,Inclusive of taxes,7.6,"Monkey Forest, Bali","free Wi-Fi, swimming pool with view, 24-hour front desk, restaurant, massage, airport transfer, children's pool, luggage storage","Standard Room, Deluxe Family Room, Deluxe Room, Deluxe Twin Room, Deluxe Double Room, Family Room, Room Assigned on Arrival, Family Double Bed Room, Deluxe Quadruple Room with 2 Beds",21 m² - 25 m²  ,"Courteous staff. Prompt service. Delicious breakfast. Clean swimming pool. Close to the main market. Upon entering, you'll get a sense of whether this is a good hotel or not, but inside, you'll have a great experience.",0.29071709609637236,0.2874955995305063,0.5471698112175151,1
jati hotel negara,11.980432229642377,11.692752245730048,Inclusive of taxes,8.2,"Negara, Bali","Internet access, car parking, 24-hour reception, garden, breakfast, 24-hour room service, laundry service, smoking area","Standard Room (Air Conditioner), Standard Room with Air Conditioner, Plus Room, Standard Room (Sweet), Standard Plus Room, Sweet Room",16 m² - 20 m²  ,Beautiful place,0.1345370929611491,0.13304560334301246,0.6603773583659663,4
jayâ€™s villa umalas,14.403297778421795,13.749371823835228,Inclusive of taxes,8.2,"Umalas, Bali","Free Wi-Fi, swimming pool, free parking, spa, 24-hour reception, restaurant, bar, massage","One Bedroom Pool Villa, Super Deluxe One Bedroom Pool Villa, Deluxe One Bedroom Pool Villa, Onebedroom Pool Villa Suite, Super Deluxe One Bedroom Pool Villa, 3 Bedrooms Pool Villa, Three Bedrooms Suite Villa, Super Deluxe Pool Villa, Deluxe One Bedroom Pool Villa, One Bedroom Suite Villa",170 m² - 173 m²  ,Hidden Gem,0.4872161850006058,0.4290967979704547,0.6603773583659663,0
jepun bali hotel,13.861211192543632,13.573529438534438,Inclusive of taxes,8.7,"Kuta, Bali","Beach, free Wi-Fi, swimming pool with a view, free parking, spa, 24-hour front desk, restaurant, massage","Deluxe Room, Junior Suite, Standard Room, Superior Room, Standard Deluxe Room, Standard Superior Room, Standard Room (1 Double Bed), Luxury Room Shared Bed, Junior Room, Room Assigned on Arrival",14 m² - 24 m²  ,A comfortable yet quiet place to stay near Kuta beach,0.4083085440006367,0.4037842176621409,0.7547169809896759,1
jesen's inn 2,12.89921982609012,12.611537753638338,Inclusive of taxes,8.1,"Kuta, Bali","Beach, free WiFi, swimming pool, free parking, spa, 24-hour reception, restaurant, bar","Standard Double or Twin Room, Deluxe Double or Twin Room with Garden View and Bathtub, Double or Twin Room with Swimming Pool Access, Superior Double or Twin Room with Bathtub, Deluxe Double or Twin Room (2 Bedrooms, Garden View, Ground Floor), Superior Room, Standard Pool View, Single Room, Deluxe Garden View, Deluxe Two Bedrooms Room with Garden View (Ground Floor)",18 m² - 22 m²  ,"The hotel is comfortable, clean, has complete facilities, there is a mini fridge, the staff is friendly and polite.",0.26827838762586825,0.2653051374437422,0.6415094338412245,1
jimbarwana hotel,13.45406424914665,13.166382176694869,Inclusive of taxes,6.5,"Negara, Bali","Free Wi-Fi, swimming pool, parking space, 24-hour reception, restaurant, airport transfer, children's pool, luggage storage","President Suite, Suite Villa, President Suite, Suite, Deluxe Double or Twin Room, Standard Room, Two-Bedroom Suite, Presidential Suite A, Room Assigned on Arrival, Suite with Bathtub",25 m² - 48 m²  ,Nice and clean hotel,0.3490430951208069,0.3451752096860766,0.3396226414453542,1
jukung cottage by pramana villas,13.833184450523303,13.610041144829408,Inclusive of taxes,8.7,"Nusa Penida, Bali","Free wifi, Car parking, 24-hour reception, Breakfast, Private check-in/check-out, Daily housekeeping service, UnionPay","Deluxe Wooden Bungalow Twin, Garden View Bungalow, Room Assigned on Arrival, Deluxe Bungalow Garden View, Deluxe Balcony, Twin Studio, Deluxe Wooden Bungalow Double, Double Room, DELUXE BUNGALOW TWIN GARDEN VIEW",32 m² - 32 m²  ,The place is spacious and comfortable. Beautiful.,0.40422889297190623,0.40904009209880804,0.7547169809896759,1
jukung guest house,13.017005083966255,12.729323752253295,Inclusive of taxes,8.9,"Sanur, Bali","Beach, free WiFi, swimming pool, free parking, 24-hour reception, restaurant, water sports, water park","Suite Double Room, Standard Double, Superior Double Room, Standard Room, Suite Room, Superior, Standard Suite with Terrace, Starfish Superior Room, Suite, Standard Room",15 m² - 34 m²  ,Spacious room,0.28542353949957255,0.28226047812588806,0.7924528300391599,1
jumana bali ungasan resort managed by hilton,16.37325463501032,16.08557256255854,Inclusive of taxes,8.8,"Ungasan, Bali","Private pool, luxury spa, ocean view villas, fine dining","Ocean View Villa, One-Bedroom Villa, Presidential Suite",150 m² - 500 m²,Exclusive resort with five-star service and extraordinary views,0.7739686198967758,0.765393810287031,0.773584905514418,3
jumeirah bali,16.554867482641285,16.17864111670082,Inclusive of taxes,8.42253807106599,"Pecatu, Bali","Private pool, beach access, luxurious dining, spa","Ocean Pool Villa, One-Bedroom Villa, Presidential Suite",200 m² - 400 m²,Exclusive resort with a premium staying experience in Pecatu,0.8004046944191349,0.778791065146122,0.702365673653514,0
jungut guest house,12.465582841014758,11.772439517594089,Inclusive of taxes,8.0,"Ubud, Bali","Free Wi-Fi, free parking, express check-in/check-out, airport transfer, luggage storage, balcony/terrace, garden, breakfast","Deluxe Double with Balcony, Deluxe Twin, Twin Room, Twin Room with Air Conditioning, Twin Room No Air Conditioning, Basic Twin Room, Deluxe Double Room",16 m² - 25 m²  ,The room is clean. Mrs. Ketut is very friendly. The place is quiet.,0.20515697412104097,0.1445166173716188,0.6226415093164828,1
kaamala resort ubud,15.439604937721919,15.228883950204061,Inclusive of taxes,9.1,"Ubud, Bali","	Private pool, spa, yoga studio, restaurant, free WiFi","One-Bedroom Pool Villa, Suite Room, Forest View Room",50 m² - 120 m²,Natural and comfortable atmosphere in the middle of Ubud forest,0.6380639562275642,0.6420731486482171,0.8301886790886436,3
kahayana suites,13.961341870479675,13.045052435059912,Inclusive of taxes,8.7,"Ubud, Bali","Free Wi-Fi, swimming pool, free parking, spa, 24-hour front desk, restaurant, bar, airport transfer","Suite Room with Pool View, Deluxe Room with Pool View, Deluxe Room, Deluxe Executive, New Years Package with Special Entertainment and BBQ Dinner, Suite with Pool View, Suite, Suite with Pool View, Deluxe Double or Twin Room with Pool View",25 m² - 60 m²  ,Good for value and price,0.42288384579465055,0.32770974580677137,0.7547169809896759,3
kailash homestay,13.184400648021263,12.896719202134523,Inclusive of taxes,8.5,"Padangbai, Bali","Beach, free Wi-Fi, pool with view, free parking, 24-hour front desk, restaurant, bar, airport transfer","Deluxe Double Room with Bath, Junior Suite with Balcony, Deluxe Double or Twin Room with Pool View, Double or Twin Room with View, Deluxe Double Room, Deluxe Double or Twin Room, Deluxe Room",30 m² - 42 m²  ,I found the place clean and cozy . The staff very really polite and helpful. Overall good value for money,0.30979010642364074,0.3063571187686824,0.7169811319401922,1
kaisa villas seminyak,14.711598990684092,14.354924221672386,Inclusive of taxes,8.8,"Seminyak, Bali","Free wifi, swimming pool, free parking, 24-hour front desk, restaurant, airport transfer, family room, kitchen","1 Bedroom, 2 Bedroom",100 m² - 200 m²,Happy and calm,0.5320933725400081,0.5162663030640382,0.773584905514418,3
kajane yangloni at ubud bali,14.394649382293254,14.106967496635038,Inclusive of taxes,9.1,"Ubud, Bali","Swimming pool, spa, free Wi-Fi, shuttle service","Bale Villa, Suite Junior, Bedroom Villa, Deluxe Balcony",35 m² - 65 m²  ,A very satisfying family vacation,0.48595730024913963,0.4805728352760636,0.8301886790886436,0
kak garden inn,12.73670383776449,12.138869243416009,Inclusive of taxes,8.7,"Kuta, Bali","Free Wi-Fi, free parking, kitchen, balcony/terrace, garden, room service, car rental, bicycle","Deluxe Room, Superior Room, Standard Room, Deluxe Room (smoking allowed), Double Room Comfort, Twin/Double Room Smoking Superior, Double Room Single Use Superior, Double Room Couple, Single",18 m² - 23 m²  ,Clean place and easy to find food stalls and close to Kuta beach and airport,0.24462210540523385,0.19726432007341502,0.7547169809896759,1
kali unda cottage,12.899222326086994,12.611541086966115,Inclusive of taxes,7.0,"Semarapura Kelod, Bali","Air conditioning, 24-hour front desk, parking, Wi-Fi","Backpacker - Room Only, Gelebeg Bungalows - Room Only",16 m² - 16 m²  ,"It seems like a new building, but it's clean and comfortable enough for just relaxing, and you can play YouTube on the TV. The fan is a little dusty, but it could be cleaned again. There were quite a few small insects that seemed to have gotten in from under the back door, but I don't have any photos, and they didn't bother me. Overall, it was okay and comfortable for me",0.268278751532412,0.2653056172775827,0.4339622640690637,4
kalya villa by supala,13.887113752923941,13.544623981539115,Inclusive of taxes,9.0,"Ubud, Bali","swimming pool, car parking, restaurant, bar, airport transfer, kitchen, hot tub, pets allowed","One-Bedroom Villa, 1 Bedroom Villa With Breakfast",30 m² - 30 m²  ,A secluded place for sophisticated travelers,0.4120789932032459,0.39962326579441537,0.8113207545639017,0
kamajaya villas,14.80876270134486,14.297937324492327,Inclusive of taxes,8.9,"Sayan, Bali","Free Wi-Fi, swimming pool, free parking, spa, 24-hour front desk, bar, massage, airport transfer","1 Bedroom Villa, 2 Bedroom Family Villa, Two Bedroom Villa with Private Pool, Villa with 2 Bedrooms and Private Pool, One Bedroom Villa with Private Pool, Room Assigned on Arrival, One Bedroom Villa Private Pool, Two-Bedroom Villa",145 m² - 158 m²  ,The villa is nice and clean and the price is not expensive. Worth to rent.,0.5462367942714728,0.5080630168715518,0.7924528300391599,0
kamandalu ubud,15.441554818561777,14.979519437023214,Inclusive of taxes,9.1,"Ubud, Bali","Private pool, yoga studio, spa, free WiFi, restaurant","Pool Villa, Forest Pool Villa, One-Bedroom Suite",80 m² - 150 m²,Exclusive resort with stunning natural views in Ubud,0.6383477863412625,0.6061770292050204,0.8301886790886436,0
kampi villas by premier hospitality asia,15.62707281788719,14.933925800725895,Inclusive of taxes,7.6,"Nusa Dua Beach, Bali","Beach, Free Wi-Fi, Swimming pool, Free parking, 24-hour reception, Golf course, Massage, Airport transfer","Luxury Bedroom, Bedroom Suite, Bedroom Pool Villa",250 m² - 300 m²  ,beautiful villa with views,0.6653523056766522,0.5996138073836729,0.5471698112175151,0
kampung 168 jimbaran,13.364827871395855,12.651479360731287,Inclusive of taxes,8.2,"Jimbaran, Bali","Free Wi-Fi, swimming pool, free parking, 24-hour reception, fitness center, restaurant, golf course (within 3 km), massage","Suite, Deluxe Double Room, Deluxe Room Outdoor Shower, Suite, Superior Room, Deluxe Double or Twin Room, Deluxe Room, Deluxe Queen or Twin Room, Deluxe Room, Superior Room",20 m² - 37 m²  ,Easy choice for staycation in Jimbaran Uluwatu,0.3360535981601129,0.2710547474450736,0.6603773583659663,1
kampung cenik,13.498515013175107,13.210833856053878,Inclusive of taxes,8.9,"Legian, Bali","Swimming pool, free Wi-Fi, restaurant","Super Deluxe, Superior Room, Suite Room, Deluxe Double, Standard Room",20 m² - 54 m²  ,Comfortable and good place,0.3555134727717309,0.351574046358416,0.7924528300391599,1
kangkung cottages karangasem,12.962196972666593,12.674515682685282,Inclusive of taxes,8.2,"Amlapura, Bali","Beach, free Wi-Fi, swimming pool, free parking, spa, 24-hour reception, restaurant, massage","Standard Room with Breakfast, Superior Double or Twin Room, Special Offer - Two Superior Double or Twin Room, Early Booker Hot Deal - Superior Double or Twin Room, Standard Room, Room Assigned on Arrival",16 m² - 24 m²  ,Highly Recommended Accommodation (Must stay here if you go to Karang Asem),0.27744551738468454,0.27437083502243004,0.6603773583659663,1
kania villa by wizzela,13.45883704259595,12.964541634128395,Inclusive of taxes,8.42253807106599,"Nusa Dua, Bali","Free wifi, Swimming pool, Car parking, 24-hour reception, Kitchen, Luggage storage, Garden, Daily housekeeping service","Vill Two Bedroom with Garden, Vill 3 Bedroom with Pool, Vill 2 Bedroom with Pool, One Bedroom Garden Villa, Two Bedroom Pool Villa, Classic Villa, 1 Bedroom, Garden View, One Bedroom Pool Villa, Two Bedroom Garden Villa, 3 Bedroom Pool Villa, Classic Villa, 1 Bedroom, Private Pool",35 m² - 200 m²  ,Good and nice enough,0.3497378362966179,0.31612018444601264,0.702365673653514,0
kanishka villas,14.177195132722314,13.966474737716952,Inclusive of taxes,8.2,"Seminyak, Bali","Private villa with pool, free Wi-Fi, room service, fully equipped kitchen","1 Bedroom Villa, 2 Bedroom Villa",100m² - 150m²,"Privacy guaranteed, perfect for couples. Modern design with a comfortable atmosphere",0.4543040509231768,0.46034884754541805,0.6603773583659663,0
kanvaz village resort seminyak,14.98236855016998,14.694686581499411,Inclusive of taxes,8.9,"Seminyak, Bali","Outdoor pool, spa, restaurant, free Wi-Fi, fitness center","Deluxe Room, Suite Room",30m² - 60m²,"Luxury hotel in the heart of Seminyak, close to shopping and restaurants. Very complete facilities",0.571507347632235,0.5651752279751311,0.7924528300391599,3
karang lila bhuana ubud,13.433550039953968,13.145868944271202,Inclusive of taxes,9.3,"Ubud, Bali","Free Wi-Fi, swimming pool, free parking, 24-hour reception, restaurant, bar, massage, shuttle service","Twin Room with Pool View, Deluxe Junior Suite, Family Suite",35 m² - 45 m²  ,Wonderful view and comfy quiet place,0.34605698940163987,0.3422223218358636,0.8679245281381276,1
karang sari guesthouse & restaurant,12.759960632315702,12.472279517715116,Inclusive of taxes,8.7,"Munduk, Bali","Free Wi-Fi, free parking, restaurant, yoga room, massage, airport transfer, luggage storage, balcony/terrace","Standard Room (1 Twin Bed/1 Double Bed), Standard Room, Standard Room (with Garden View), Standard Room (with Mountain View), Budget Single Room, Standard Room (No Window)",25 m² - 25 m²  ,very beautiful view and spacious room,0.24800742952699611,0.24525885978223894,0.7547169809896759,1
karma kandara,16.01720634674229,15.929353526361442,Inclusive of taxes,8.5,"Ungasan, Bali","Private pool, spa, beach club, luxurious villas","One-Bedroom Villa, Two-Bedroom Villa, Presidential Villa",100 m² - 400 m²,Premium resort with luxury villas and sea views,0.7221412343070841,0.7429060187761146,0.7169811319401922,0
kastara resort,15.423948170264971,14.770021887658437,Inclusive of taxes,8.9,"Payangan, Bali","Free wifi, swimming pool, free parking spa, 24 hour front desk, fitness center, restaurant, bar","Royal Suite, Deluxe Suite, Royal Pool Jungle View, Royal Room",60 m² - 85 m²,Recommended 5 star hotel with good value for money,0.6357849133257527,0.5760197748341823,0.7924528300391599,3
kawi resort by pramana,13.870851599160298,13.58316984209594,Inclusive of taxes,8.7,"Tampaksiring, Bali","Free Wi-Fi, swimming pool with view, free parking, spa, 24-hour front desk, restaurant, bar, yoga room","Valley Deluxe Room, Valley One-Bedroom Villa, Pool View Suite with Balcony, Villa One Bedroom Valley Pool Villa, Special Offer - Honeymoon Package at One-Bedroom Valley Pool Villa, One Bedroom Valley Pool Villa, Special Offer - Honeymoon Package at Deluxe Valley View Room, Early Booker Hot Deal - Deluxe Valley View Room, One-Bedroom Valley Pool Villa",35 m² - 100 m²  ,Amazing Hotel! 10/10,0.4097118285758662,0.40517195753462754,0.7547169809896759,0
kayangan villa ubud,14.132327313605614,13.701545350119776,Inclusive of taxes,8.9,"Tegallalang, Bali","Private pool, spa, jungle view, free WiFi","One-Bedroom Villa, Two-Bedroom Villa, Private Villa, Pool Side Villa, ",35 m² - 50 m²,best place ever!!,0.4477729655660715,0.42221215832731634,0.7924528300391599,0
kedin's inn,12.706850963741102,12.419169901386761,Inclusive of taxes,8.3,"Poppies, Bali","Swimming pool, free parking, restaurant, room service, non-smoking rooms, air conditioning in public areas, English language, Indonesian language","Superior Double Room, Deluxe Room",20 m² - 20 m²  ,Enough,0.2402766374899216,0.23761370968855916,0.6792452828907085,4
kejora suites,14.763300344494624,14.475618401241752,Inclusive of taxes,7.4,"Sanur, Bali","Private beach, free Wi-Fi, swimming pool, free parking, restaurant, water sports, golf course (within 3 km), airport transfer","Three Bedroom Villa, Deluxe Double or Twin Room, Signature, Premier, Premier Suite, Double/Twin Deluxe Suite with Garden View, Double Deluxe Suite with Garden View, Premier Suite, Signature Suite",35 m² - 45 m²  ,The right comfort,0.5396191663374786,0.5336402775348104,0.5094339621680314,3
kelan-tel bali,13.353476685668044,12.619509230160354,Inclusive of taxes,7.9,"Tuban, Bali","Beach, free WiFi, swimming pool, free parking, 24-hour reception, kitchen, luggage storage, balcony/terrace","Deluxe Room, Double or Twin STANDARD, Room Assigned on Arrival, Deluxe Room, Single room - De Luxe, Deluxe Room, Single, Twin/Double room - King - Superior",20 m² - 30 m²  ,That's enough,0.3344012877881764,0.26645263461454216,0.6037735847917409,1
kelingking sunset point hotel & spa,14.07402202531625,13.786340210264493,Inclusive of taxes,7.7,"Nusa Penida, Bali","Beach, Free wifi, Swimming pool with view, Free parking, 24-hour reception, Restaurant, Golf course, Airport transfer","Deluxe Double Room - Special Offer, Double Room with Pool View, Family Junior Suite, Deluxe Double Room, Standard Room",20 m² - 55 m²  ,"What impressed me most was the staff's incredible friendliness and helpfulness, making my stay very comfortable. The rooms were clean and equipped with all the necessary amenities",0.43928588457829193,0.43441841169150874,0.566037735742257,1
kememai hostel,11.836138760461665,11.23830439177331,Inclusive of taxes,8.6,"Monkey Forest, Bali","free WiFi, swimming pool, free parking, spa, restaurant, massage, airport transfer, luggage storage","Bed in 8-Bed Mixed Dormitory Room, Female Dormitory Room, Bed in 4-Bed Mixed Dorm with Shared Bathroom, 4-Bed Mixed Dormitory Room, Bed in 8-Capacity Dormitory, Bed in Bunk Bed Dormitory, Shared Dormitory Mixed Dorm, Bed in Dormitory with Shared Bathroom, Basic Shared Dormitory, Basic Shared Dormitory Women Only",20 m² - 30 m²  ,A good choice for travelers on a budget,0.11353333164079295,0.06762765658607017,0.735849056464934,4
kencana ubud cottage,12.762113479497113,12.599596742695686,Inclusive of taxes,9.1,"Ubud, Bali","free Wi-Fi, swimming pool, free parking, 24-hour front desk, massage, airport transfer, luggage storage, garden","Superior Double or Twin Room, Superior Room, Deluxe Room, Deluxe Family Suite, Superior Double Twin Room, Deluxe Double Twin, Deluxe 3 Beds Extra Bed, Double Room or Twin Room with Double Bed, Superior Double Room with Double Bed, 2 Beds Room",25 m² - 45 m²  ,Good average hotel,0.24832080398957104,0.2635862242367171,0.8301886790886436,1
kenran resort ubud by soscomma,17.92606469890041,17.715343667584758,Inclusive of taxes,8.6,"Tegallalang, Bali","Free WiFi, swimming pool, free parking, spa, 24-hour reception, fitness center, restaurant, bar","Kenran Suite, Asmara Pool Villa, Royal Kenran Pool Suite, Kenran Terace Suite, Kenran Suite Twin, Royal Maha Pool Suite, Royal Maha Pool Suite (Two Bedroom), Akila Villa, Asmara Villa, Akila Pool Villa",60 m² - 157 m²  ,Truly extraordinary!,0.9999999998544372,0.9999999998560496,0.735849056464934,3
keramas sacred river village,13.51777949645943,13.355260804632135,Inclusive of taxes,8.9,"Keramas, Bali","Beach, Free wifi, Swimming pool with view, Free parking, Spa, 24-hour reception, Restaurant, Bar","Bungalow - Garden View, Deluxe Garden View Room, Bungalow Room, Lumbung Suite Room with Garden View, Suite - Garden View, Suite with Pool View, Suite Room with Jungle View, Suite with River View",30 m² - 45 m²  ,Recommended,0.35831766488909683,0.3723643622331599,0.7924528300391599,3
keraton jimbaran resort,13.567151757509,13.356431042716705,Inclusive of taxes,8.3,"Jimbaran, Bali","Beach, free Wi-Fi, swimming pool with a view, free parking, 24-hour reception, restaurant, golf course (within 3 km), airport transfer","Deluxe Room, Superior Twin, Superior Room, Deluxe Studio, Bedroom Villa",36 m² - 41 m²  ,Beautiful traditional style resort with stunning gardens and private beach,0.3655044294240374,0.3725328184642607,0.6792452828907085,1
kerti beach bungalow and restaurant,12.63647098768355,12.34879108272949,Inclusive of taxes,7.2,"Padangbai, Bali","beach, free Wi-Fi, swimming pool, free parking, spa, 24-hour front desk, restaurant, bar","Deluxe Twin Bungalow, Deluxe Double Room, Standard - Fan, Deluxe Double or Twin Bungalow, Deluxe Twin Room, Deluxe Double Room with Sea View, Bungalow with Fan, Deluxe Double or Twin AC, Standard Sea View Air Conditioning",25 m² - 50 m²  ,Clean and friendly,0.23003193114778028,0.22748265114872462,0.47169811311854754,1
khalisha villa medewi,13.030250281476574,12.742568940017076,Inclusive of taxes,8.4,"Mendoyo, Bali","AC, Swimming pool, 24-hour reception, Parking, WiFi","Standard Wooden House, Deluxe Twin, Deluxe Double",20 m² - 24 m²  ,The staff is friendly and the room cleanliness is very good.,0.2873515475288153,0.28416712809765626,0.6981132074154504,4
kibu kauh sunrise cottage penida,12.73670383776449,12.449022745701502,Inclusive of taxes,8.8,"Nusa Penida, Bali","Free Wi-Fi, free parking, shuttle service, balcony/terrace, garden, breakfast, tour, private check-in/check-out",One-Bedroom Bungalow,25 m² - 25 m²  ,"Friendly staff, quiet neighborhood, thoroughly secluded, comfortable",0.24462210540523385,0.24191103833236635,0.773584905514418,2
kimono hotel,12.729323752253295,12.036179534643145,Inclusive of taxes,7.1,"Kuta, Bali","Free Wi-Fi, free parking, 24-hour reception, restaurant, massage, car rental, bicycle parking, smoke-free property","Deluxe Queen Room, Tatami Suite, Tatami Twin, Deluxe Queen, Deluxe Twin Room, Dbl Tatami, Deluxe Double Room, Superior Room, Twin Room, Tatami",18 m² - 22 m²  ,Good hotel,0.24354783949783643,0.1824820962329903,0.4528301885938055,1
kira cottages penida,12.791358964949923,12.280535197670124,Inclusive of taxes,9.1,"Nusa Penida, Bali","Free Wi-Fi, swimming pool, free parking, express check-in/check-out, shuttle service, shared kitchen, balcony/terrace, garden","Standard Twin Room, Deluxe Double Room, Room Assigned on Arrival, Deluxe Twin Room, Deluxe Room, Basic Double Room, Budget Double Room",16 m² - 16 m²  ,"Clean, comfortable, and affordable",0.2525778587241791,0.21765718973266832,0.8301886790886436,1
klapa resort,14.585619242623203,14.423100394824734,Inclusive of taxes,8.5,"Pecatu, Bali","Ocean view, swimming pool, free WiFi, restaurant","Deluxe Room, Suite, Ocean View Room",35 m² - 100 m²,Resort with beautiful sea views and luxurious facilities,0.5137554077347151,0.526080289919826,0.7169811319401922,3
klumpu bali resort,14.816033241133919,14.628217417237483,Inclusive of taxes,8.8,"Sanur, Bali","Beach, free Wi-Fi, swimming pool with view, free parking, spa, 24-hour front desk, restaurant, bar","Klumpu Villa King Bed, Klumpu Loft Villa, Klumpu Family Loft Villa Three Persons, Klumpu Family Loft Villa Four Persons, Klumpu Family Loft Villa, Klumpu Family Loft Villa Five Persons, Room Assigned on Arrival, Family Loft Villa (1 King Bed and 3 Twin Beds), One-Bedroom Villa with King or Twin Bed",45 m² - 45 m²  ,Nice resort in Sanur,0.5472951143968855,0.5556069657184031,0.773584905514418,3
komaneka at monkey forest,15.501909696719672,15.145234832146,Inclusive of taxes,9.2,"Monkey Forest, Bali","Swimming pool, spa, restaurant, free Wi-Fi","Suite Room, Pool Villa",55 m² - 200 m²  ,Excellent service,0.6471332113680874,0.6300318253066213,0.8490566036133854,3
komaneka at rasa sayang,14.80876270134486,14.452087916136215,Inclusive of taxes,9.1,"Monkey Forest, Bali","Swimming pool, free Wi-Fi, cultural workshops","Deluxe, Superior Room, Rooftop Garden, Bedroom Villa ",65 m² - 190 m²  ,You can relax!,0.5462367942714728,0.5302530549780381,0.8301886790886436,3
kondra premiere guest house,13.492691688476674,12.779343350717092,Inclusive of taxes,8.3,"Legian, Bali","free WiFi, swimming pool, free parking, 24-hour reception, massage, airport transfer, family room, luggage storage","Standard Double, Superior Double, Deluxe Room, Standard Double or Twin Room, Superior Room 2 Single Beds with Window, Super Deluxe Room, Double or Twin Superior, Superior Double or Twin Room",16 m² - 20 m²  ,Great place on a budget,0.3546658133263568,0.28946081893643083,0.6792452828907085,1
kori maharani villas,13.717426835443817,13.341346285233074,Inclusive of taxes,8.3,"Gianyar Kota, Bali","Beach, free Wi-Fi, swimming pool with a view, free parking, spa, 24-hour reception, restaurant, bar","Lagoon Pool Access, Two Bed Room Pool Villa, Beach Pool Villa, Twin/Double Room, The Kings Wood Pool Villa, One Bed Room Pool Villa, Suite, Beach Pool Hut, Two Bedroom Villa with Private Pool, Presidential Villa with Private Pool",55 m² - 200 m²  ,Best resort for families,0.387378890460024,0.37036136171006173,0.6792452828907085,0
kubu b'dauh homestay,12.655024993235388,12.367345048436391,Inclusive of taxes,7.9,"Legian, Bali","Beach, free Wi-Fi, 24-hour front desk, restaurant, airport transfer, kitchen, luggage storage, garden","Double Bed, Twin Bed, Standard Room, Twin Room with Balcony, Double Room, Big Bed, Twin Room, Special Offer Room",16 m² - 20 m²  ,Nice place to stay,0.23273270413743868,0.2301535017868702,0.6037735847917409,1
kubu benoa guest house,13.304686600863562,13.017005083966255,Inclusive of taxes,9.6,"Tanjung Benoa, Bali","Beach, free Wi-Fi, swimming pool with view, free parking, spa, 24-hour front desk, restaurant, bar",Standard Rooms,35 m² - 35 m²  ,Kubu is the best,0.3272992664572605,0.3236723186200369,0.9245283017123531,3
kubu cempaka seminyak,14.52354635101797,14.23586427856619,Inclusive of taxes,8.9,"Seminyak, Bali","Beach, free WiFi, swimming pool with view, car parking, 24-hour reception, restaurant, bar, airport transfer","Deluxe Pool Access, Standard Room, Deluxe Suite, Cempaka Pool Access Room, Cempaka Double or Twin Room with Pool Access, Cempaka Room Only, Deluxe Room, Cempaka Pool Access Room, 6 Jam Stay At Cempaka Pool Access, Room Assigned on Arrival",28 m² - 35 m²  ,Amazing value,0.5047199038609547,0.4991275775728905,0.7924528300391599,3
kubu gwk resort,14.377979984682511,13.328158918383728,Inclusive of taxes,8.8,"Jimbaran, Bali","Free Wi-Fi, swimming pool with a view, free parking, spa, 24-hour reception, restaurant, bar, massage","Three-Bedroom Villa, Three-Bedroom Villa, Superior King Room, Suite Balcony Room, Standard Suite Double or Twin Pool View, Balinese Joglo, Executive Suite, Deluxe King Room, Suite with Balcony, Pool Access Suite",35 m² - 250 m²  ,Great stay for family,0.4835308560673058,0.3684630350815969,0.773584905514418,3
kubu indah dive & spa resort,13.906466727352532,13.46759003912073,Inclusive of taxes,8.5,"Tulamben, Bali","Private beach, free Wi-Fi, swimming pool with view, free parking, spa, 24-hour reception, restaurant, bar","Bungalow with Garden View, 2 Bedroom Pool Villa, Beach View Bungalow, Garden Villa with Private Pool, Jepun Villa with Private Pool, Garden Villa, Bungalow with Sea View, Two-Bedroom Pool Villa, Jepun Villa",32 m² - 120 m²  ,Best for rest and beach access,0.4148960663393003,0.38853419957982827,0.7169811319401922,0
kubu indah guest house,12.370891927187987,12.283038316285214,Inclusive of taxes,8.8,"Nusa Penida, Bali","beach, free WiFi, free parking, express check-in/check-out, restaurant, airport transfer, shared kitchen, luggage storage",Budget Double Room,42 m² - 42 m²  ,Very friendly and helpful,0.19137349961927352,0.21801751463873303,0.773584905514418,4
kubu kalih,13.070950075816203,12.586394289429649,Inclusive of taxes,6.2,"South Denpasar, Bali","free Wi-Fi, swimming pool, free parking, 24-hour front desk, family room, shared kitchen, luggage storage, garden","Double Room, Double Room with Pool View, Suite C, Pool Access Spacious Room, Large Room with Shared Bathroom, Pool Access Spacious Room, Deluxe Pool Access Room, Double Room with Shared Bathroom, Huge Ensuite Room, Shared Bathroom Room",12 m² - 24 m²  ,When I arrive nobody is there,0.293275923531076,0.26168572591265443,0.2830188678711285,4
kubu mekarsari homestay,13.012952447661027,12.725271118956101,Inclusive of taxes,8.2,"Jimbaran, Bali","Beach, free Wi-Fi, swimming pool, free parking, bar, airport transfer, contactless check-in/check-out, laundry service",Family Room,30 m² - 30 m²  ,The hotel location is easy to find and provides a comfortable atmosphere,0.28483362641371673,0.2816770999738009,0.6603773583659663,4
kubu turah homestay,12.52349675586201,12.019911727813497,Inclusive of taxes,7.3,"Jimbaran, Bali","free WiFi, free parking, 24-hour check-in, restaurant, bar, airport transfer, kitchen, garden","Standard Double Room, Deluxe Double Room, Standard Room, Room Assigned on Arrival",20 m² - 20 m²  ,Just for sleeping,0.21358708569494514,0.18014033906158244,0.4905660376432894,1
kumari villa,14.639686439527019,14.352004513273993,Inclusive of taxes,7.8,"Kerobokan, Bali","Free wifi, Swimming pool, Free parking, Spa, 24-hour reception, Restaurant, Massage, Airport transfer","Two-Bedroom Villa, 2 Bedroom Villa, 1 Bedroom Villa - Room only, One-Bedroom Villa, One Bedroom, Three Bedroom Villa, two bedroom, 3 Bedroom Villa - Room Only, 3 Bedroom Villa, Three Bedroom Pool Villa",85 m² - 213 m²  ,"2 bedroom villa with large space, clean, easy to reach location, parking available, provided with cutlery and refrigerator, but no stove",0.5216255802759701,0.5158460098953306,0.5849056602669989,0
kupu kupu barong villas and tree spa by lâ€™occitane,15.442104264586925,15.218960664123188,Inclusive of taxes,8.4,"Kedewatan, Bali","Free Wi-Fi, swimming pool, free parking, spa, 24-hour reception, fitness center, restaurant, bar","Family Pool Villa, Duplex Villa, River View Pool Villa, River Front Pool Villa, Pool View Suite, Duplex Pool Villa, Two-Bedroom Spa Pool Villa, Triple Room, Triple Bed Room (1 Single Bed and 1 Double Bed), Two Bedrooms Family Villa with Pool",50 m² - 250 m²  ,A Tranquil Escape Overlooking the Ayung River,0.6384277652428454,0.6406446877261543,0.6981132074154504,0
kusuma house,12.210731774910897,11.923053020292636,Inclusive of taxes,8.0,"Kuta, Bali","Internet access, Swimming pool, 24-hour reception, Taxi service, Smoking area",Standard Room,16 m² - 16 m²  ,Nice,0.16806013948897613,0.16619749013760204,0.6226415093164828,4
kuta central park hotel,14.399958879014324,13.483668983259754,Inclusive of taxes,8.3,"Kuta, Bali","Beach, free Wi-Fi, swimming pool, free parking, spa, 24-hour reception, fitness center, restaurant","Suite 2 Bedroom, Standard Double or Twin Room (No Window), Superior Room, Deluxe Room, Studio, Studio Room Triple, Suite 1 Bedroom, Standard Triple, Family Room, Standard Triple (No Window)",26 m² - 60 m²  ,"Beautiful place to stay, everything was perfect",0.48673016545567854,0.39084876989287176,0.6792452828907085,1
kuta paradiso hotel,14.621986870259695,13.718119314247787,Inclusive of taxes,8.4,"Kuta, Bali","Free wifi, swimming pool with view, Free parking, Spa, 24-hour front desk, Fitness center, Restaurant, Bar","Family Room, Deluxe Room, Suite Room, Super Deluxe",30 m² - 52 m²,"Very good price, adequate facilities, strategic location, satisfactory service",0.5190491814238613,0.4245979869618617,0.6981132074154504,3
"kuta puri bungalows, villas and resort",14.739769856312924,14.383095082442138,Inclusive of taxes,8.8,"Poppies, Bali","Free Wi-Fi, swimming pool, free parking, spa, 24-hour reception, restaurant, bar, golf course","Family Room, Super Deluxe Bungalow with Pool, Interconnecting Grand Deluxe Double and Twin Room, Luxury Bungalow with Terrace, Superior Room with Balcony, Grand Deluxe Room with Terrace, Royal Suite Villa with Private Pool, Royal One Bedroom Villa with Private Pool, Garden Cottage, Poolside Bungalow with Terrace",32 m² - 92 m²  ,A pleasant stay,0.5361940026046632,0.5203215095170722,0.773584905514418,3
kuta sari house,13.017005083966255,12.218500103788143,Inclusive of taxes,8.2,"Kuta, Bali","Free Wi-Fi, 24-hour front desk, luggage storage, tours, laundry service, car rental, bicycles, non-smoking property","Deluxe Room, 1 Bedroom Deluxe, Standard Room, Room Assigned on Arrival, Deluxe Double Room",20 m² - 22 m²  ,cheap quality accommodation,0.28542353949957255,0.20872721364564364,0.6603773583659663,4
kuta seaview boutique hotel & spa,15.018483162256882,14.420646407201403,Inclusive of taxes,8.6,"Kuta, Bali","Beachfront, free WiFi, swimming pool, restaurant, spa","Ocean View Room, Deluxe Room, Suite",28 m² - 60 m²,"Hotel with direct access to Kuta beach, suitable for a relaxing holiday",0.5767642916696712,0.5257270374392882,0.735849056464934,3
kutus kutus mas ubud villa,13.90900181179801,13.215855541983634,Inclusive of taxes,9.1,"Ubud, Bali","Free Wi-Fi, swimming pool with a view, free parking, 24-hour front desk, water theme park, massage, airport taxi, family room","4 Bedroom Pool Villa, Two Bedroom Pool Villa, Superior Room, Superior Room Terrace, Two Bedroom Suite Pool View, Villa Kutus Kutus Mas Ubud  2BR, Superior Balinese Style Room, Villa Kutus Kutus Mas Ubud 4BR, Two Bedroom Villa with Pool View",20 m² - 300 m²  ,Spacious and beautiful villa,0.4152650803280976,0.3522969200169066,0.8301886790886436,0
kutus kutus saba beach villa,15.145715933202236,14.934994836596964,Inclusive of taxes,8.42253807106599,"Saba, Bali","Beachfront, private pool, free WiFi, spacious villas","One-Bedroom Villa, Two-Bedroom Villa",100 m² - 300 m²,Exclusive villa with charming sea views,0.5952846499938372,0.5997676955164607,0.702365673653514,0
kuwarasan a pramana experience,14.707099087202073,14.41941715141826,Inclusive of taxes,9.0,"Tegallalang, Bali","Beach, free Wi-Fi, pool with a view, free parking, spa, 24-hour reception, fitness center, restaurant","One Bedroom Pool Villa with Free Benefit, Suite with Paddy View with Free Benefit, Suite with Pool View with Free Benefit, Presidential Suite with Free Benefit, Suite Pool View, Suite Paddies View, Suite with Paddy View, One Bedroom Pool Villa, Pool Villa, Presidential Suite",65 m² - 149 m²  ,Wonderful hotel,0.531438353991784,0.5255500855873383,0.8113207545639017,0
l'amore hotel seminyak,13.41004444985561,13.122363377404328,Inclusive of taxes,8.3,"West Denpasar, Bali","Internet access, swimming pool, car parking, 24-hour front desk, fitness center, restaurant, massage, airport transfer","Superior Twin Room, Deluxe Room, Grand Deluxe Room, Superior Double Room, Superior Room",28 m² - 72 m²  ,quite good,0.3426354499035374,0.3388386862693168,0.6792452828907085,1
la berceuse resort and villa nusa dua by taritiya collection,14.582765174963512,13.984928385246944,Inclusive of taxes,8.5,"Nusa Dua, Bali","Free Wi-Fi, swimming pool, free parking, spa, 24-hour reception, restaurant, bar, yoga room","Deluxe Twin Room, One Bed Room Pool Villa, Two Bed Room Pool Villa, Deluxe Premier Twin Room, Sleep Staycation package One Bedroom Villa, Studio Suite, Deluxe Double Room, One Bedroom Villa",48 m² - 200 m²  ,Peaceful and quiet with excellent service,0.5133399616562706,0.4630052573426646,0.7169811319401922,0
la cabane bali,15.071126880342293,14.783444902857243,Inclusive of taxes,9.2,"Jimbaran, Bali","Private beach, free Wi-Fi, swimming pool, spa, express check-in/check-out, restaurant, bar, yoga room","Villa with Private Pool, Standard Bungalow ""Luz"", Deluxe Bungalow ""Mar"", Standard Bungalow ""Sol"", Deluxe Bungalow ""Lua"", Bungalow ""Paz"", Bungalow ""Mao"" with Plunge pool, Rooms MAO, Guest Room, Rooms PAZ",26 m² - 150 m²  ,Best accommodation,0.5844272586491214,0.5779520231349448,0.8490566036133854,3
la roja bungalows penida,13.89136079720316,13.603679033736336,Inclusive of taxes,8.9,"Nusa Penida, Bali","Beach, free Wi-Fi, swimming pool, free parking, 24-hour reception, shuttle service, family room, luggage storage","Superior Room, Deluxe Bungalow with Garden View, Deluxe King Bungalow, Bungalow with Garden View, Front King Bungalow, Deluxe Twin Bungalow, Deluxe Bungalow, Front Twin Bungalow, Room Assigned on Arrival",24 m² - 32 m²  ,This is a very friendly and comfortable accommodation.,0.4126972048580365,0.4081242637125045,0.7924528300391599,1
lagriya guest house,13.36531112464094,13.077629575064018,Inclusive of taxes,7.6,"East Denpasar, Bali","beach, free WiFi, free parking, golf course (within 3 km), airport transfer, shared kitchen, balcony/terrace, garden","Queen Studio, Deluxe Apartment, Deluxe Room with Living Room, Deluxe Room, Standard Room, Deluxe Double Room",17 m² - 24 m²  ,Great value but long walk to most things,0.33612394185532424,0.3323992378832043,0.5471698112175151,1
laguna reef hut lembongan,13.25339339419516,13.030250281476574,Inclusive of taxes,8.8,"Nusa Lembongan, Bali","Beach, free Wi-Fi, swimming pool with a view, free parking, foot bath, express check-in/check-out, restaurant, bar","Ocean View Bungalow, Garden View Bungalow, Ocean View Room, Room Assigned on Arrival, Room with Garden View, Bungalow with Sea View (No Window), Family Room, Guest Room with Sea View (No Window), Single Room House, Family Room with Balcony",25 m² - 30 m²  ,Very quiet and hidden on the island,0.3198328837003973,0.325578969994823,0.773584905514418,1
lahar mas inn,12.049424683420915,11.761744560273572,Inclusive of taxes,7.5,"Amlapura, Bali","24-hour reception, luggage storage, Wi-Fi in public areas, smoking area, meeting room, concierge service","Standard Room, Budget Room, Deluxe Room",16 m² - 20 m²  ,Good enough for its class,0.14457982767601882,0.14297707407205257,0.5283018866927732,4
lasanti villas and spa seminyak,14.89255900931594,14.257681038920849,Inclusive of taxes,8.9,"Seminyak, Bali","Beach, free Wi-Fi, swimming pool, free parking, 24-hour reception, restaurant, yoga room, massage","One Bedroom Deluxe Villa with Private Pool, Plunge Pool Villa, Two-Bedroom Private Pool Villa Balinese Style, Two Bedroom Private Pool Villa Modern Style, Two Bedroom Pool Villa, Two Bedroom Duplex Pool Villa, Villa Deluxe with Private Pool, Two Bedroom Modern Style Villa with Private Pool, Two Bedroom Villa",50 m² - 286 m²  ,Overall 2/5,0.5584344194456752,0.5022681087798568,0.7924528300391599,0
le meridien bali jimbaran - chse certified,14.665376831438623,14.377695043968197,Inclusive of taxes,8.6,"Jimbaran, Bali","Beach, free wifi, swimming pool, free parking, spa, 24 hour front desk, fitness center, restaurant","Avant Garde Suite, Classic Room, Deluxe Room, Aqua Studio Suite, Aqua Pool Sky, Oceanic View Sky Villa",62 m² - 280 m²,Very comfortable room,0.5253651456423135,0.5195441718615019,0.735849056464934,3
legian beach hotel,14.941270005333855,14.565034763826311,Inclusive of taxes,8.4,"Legian, Bali","Beach, free wifi, pool with view, free parking, spa, 24 hour front desk, fitness center, restaurant","Deluxe Room, Premier Pool, Deluxe Garden Room, Legian Family Room, Deluxe Garden, Deluxe Villa, Superior Family Room",34 m² - 140 m²  ,Satisfy! It was a wonderful visit,0.5655249283914111,0.5465117979872164,0.6981132074154504,3
legian bisma suite,12.91738876670544,12.629708330910852,Inclusive of taxes,8.7,"Legian, Bali","Swimming pool, free parking, 24-hour reception, poolside bar, balcony/terrace, garden, takeaway breakfast service, laundry service",Apartment,300 m² - 300 m²  ,What a magnificent location!,0.2709231094853862,0.26792079916643874,0.7547169809896759,4
legian paradiso hotel,13.336233664603947,12.882419487411774,Inclusive of taxes,8.0,"Legian, Bali","Free Wi-Fi, swimming pool, free parking, spa, 24-hour reception, fitness center, restaurant, bar","Deluxe Pool View, Superior Room with Breakfast, Super Deluxe Garden View, Super Deluxe Pool View, Superior Room, Deluxe Room, Family Room with Garden View, Special Offer Free Room Upgrade from Superior Garden View to Deluxe Pool View, Special Offer 5 Nights Stay at Deluxe Double or Twin Room with Pool View Get 1 Hour Massage, DOUBLE Deluxe Pool View Double Room",30 m² - 50 m²  ,Hidden Gems in Legian,0.33189134537062603,0.3042986692277118,0.6226415093164828,1
legian village hotel,13.730949993460579,12.736700896592344,Inclusive of taxes,7.6,"Legian, Bali","Beach, free Wi-Fi, swimming pool, free parking, spa, 24-hour reception, restaurant, bar","Standard Double or Twin Room, Executive Deluxe, Deluxe Double Room, Superior Double or Twin Room, Deluxe Double or Twin Room, Family Room Pool View, Family Room, Executive Deluxe Double or Twin Room, Executive Double or Twin Bed",24 m² - 32 m²  ,Low price but still deserves 5 stars,0.389347359198729,0.2833224209459242,0.5471698112175151,1
liberty dive resort,13.781610385597986,13.493928313146206,Inclusive of taxes,7.3,"Tulamben, Bali","free Wi-Fi, swimming pool, free parking, 24-hour front desk, restaurant, bar, water sports, massage","Standard Room, Triple Room with Garden View, Family Cottage, Deluxe Double Room, Standard Double Room, Family Room, Deluxe Cottage, Standard Cottage, Family Resort Room with 2 Double Beds",32 m² - 72 m²  ,Epic Vacation,0.3967216277009101,0.3923256044525036,0.4905660376432894,1
linas villas nusa penida,12.854486546624395,12.343662665771719,Inclusive of taxes,9.3,"Nusa Penida, Bali","Free Wi-Fi, free parking, shared kitchen, balcony/terrace, garden, room service, tours, contactless check-in/check-out","Deluxe Double Room, Deluxe Double Room with Balcony, Double Room, Twin Room",16 m² - 25 m²  ,very recommended,0.26176688623699973,0.22674441351690433,0.8679245281381276,1
link costel,12.716906269264165,12.429224196812383,Inclusive of taxes,8.1,"West Denpasar, Bali","Free wifi, free parking, spa, 24 hour front desk, restaurant, bar, water sports, airport transfer","Superior Twin Room, Suite Family, Superior Room, Deluxe Queen Room",21 m² - 42 m²  ,Clean Cheap Hotel,0.2417403159114665,0.2390610294571646,0.6415094338412245,1
lloyd's inn bali,14.488151413690995,14.111941745048304,Inclusive of taxes,8.6,"Seminyak, Bali","Free wifi, swimming pool, spa, 24 hour front desk, restaurant, bar, massage, airport transfer","Superior Double, Junior Suite, Standard Twin, Superior Twin, The Big Garden Room",25 m² - 47 m²,Stay 2 nights free upgrade,0.49956771769628705,0.481288880285456,0.735849056464934,3
lovina beach 1 & 2,16.31024822455711,16.022566207117393,Inclusive of taxes,8.42253807106599,"Banjar, Bali","beach, free WiFi, swimming pool, free parking, 24-hour check-in, restaurant, water park, massage","Superior Bungalow, Standard Double or Twin Room with Partial Sea View, Standard Twin Room with Fan, Superior Double or Twin Room, Standard Double Room with Garden View, Standard Room with Garden View, Standard Room 2 Twin Beds With Fan, Standard Fan Room No AC Cold Shower",16 m² - 28 m²  ,This hotel is perfect for chasing dolphins,0.7647972304061383,0.7563240207177524,0.702365673653514,1
lovina beach club & resort,14.23487922870341,13.947197375405526,Inclusive of taxes,8.5,"Lovina, Bali","Beachfront, free WiFi, restaurant, spa, outdoor pool","Standard Room, Beachfront Villa, Suite",40 m² - 80 m²,Relaxed atmosphere with beautiful views in Lovina,0.46270070941955044,0.457573863682422,0.7169811319401922,3
lumbini luxury villas and spa,14.826371559613191,14.450154833024992,Inclusive of taxes,8.8,"Jimbaran, Bali","Beach, free Wi-Fi, swimming pool, free parking, spa, 24-hour reception, fitness center, restaurant","4 Bed Room Suite, 1 Bedroom Suite Villa, 2 Bedroom Suite Villa, 1 Bedroom Deluxe Villa, 2 Bedroom Deluxe Villa, 3 Bedroom Suite, Four Bedroom Suite Villa with Private Pool, 1 Bedroom Suite Pool Villa, Two Bedroom Deluxe Villa with Private Pool, One Bedroom Deluxe Villa with Private Pool",130 m² - 280 m²  ,a comfortable place for children,0.5487999889766249,0.5299747869062547,0.773584905514418,0
m box seminyak,11.80061253740951,11.51293546492023,Inclusive of taxes,8.6,"Seminyak, Bali","Free Wi-Fi, swimming pool, free parking, express check-in/check-out, restaurant, bar, airport transfer, family room","1 Person in 30 Bed Dormitory Male Only, 1 Person in 30 Bed Dormitory Female Only, Superior Capsule Male Only, Bed in 6 Bed Female Dormitory Room, Superior Capsule Female Only, Superior Capsule Room for Female, Twin Room with Private Bathroom, Double Room with Private Bathroom, Bunk Bed in Female Dormitory Room, Bunk Bed in Male Dormitory Room",4 m² - 35 m²  ,Amazing stay at M Box Seminyak,0.1083620351584366,0.10716090724289329,0.735849056464934,4
made giri homestay,12.392402823721488,12.104720751269706,Inclusive of taxes,8.5,"Sanur, Bali","Free WiFi, airport shuttle, free parking",Double Room,20 m² - 20 m²  ,Happy,0.1945046859379744,0.19234863124001733,0.7169811319401922,4
made house sanur,11.495423189834087,11.407576060361786,Inclusive of taxes,8.6,"Sanur, Bali","Free Wi-Fi, swimming pool, free parking, golf course (within 3 km), airport transfer, family room, balcony/terrace, breakfast","Studio, Standard Double Room, Bunk Bed in Mixed Dormitory Room (1 Single Bed), Double Bed Room, Bunk Bed in Mixed Dormitory Room (1 Twin Bed), Superior Studio, Room Assigned on Arrival",16 m² - 70 m²  ,"Great place, good to catch the Senur ferry with walking distance",0.06393781935445286,0.09199437964740036,0.735849056464934,4
madu sari hotel kintamani,12.633521008173748,12.345838935721968,Inclusive of taxes,7.8,"Kintamani, Bali","free Wi-Fi, free parking, 24-hour front desk, restaurant, bar, massage, airport transfer, luggage storage","Twin Room, Superior Double Room, Deluxe Double Room, Superior Room, Deluxe Room, Superior Twin Room",16 m² - 16 m²  ,"Good service, good room",0.22960252387193034,0.2270576884295144,0.5849056602669989,1
maha lokha balangan,13.648275820620759,13.13745098487559,Inclusive of taxes,8.42253807106599,"Jimbaran, Bali","Free WiFi, swimming pool, free parking, 24-hour reception, water sports, golf course (within 3 km), water park, airport transfer","Deluxe Pool Access, Deluxe Pool View",32 m² - 32 m²  ,AMAZING,0.37731307515562573,0.3410105532803526,0.702365673653514,3
maha rama suite amed,13.547632419997361,12.854486546624395,Inclusive of taxes,8.0,"Amed, Bali","Free Wi-Fi, swimming pool, free parking, 24-hour check-in, bar, massage, airport transfer, kitchen","Deluxe Suite Room, Junior Suite, Apartment with Pool View, Junior Suite",36 m² - 45 m²  ,best view and strategis location,0.36266314001188465,0.300277711449424,0.6226415093164828,3
mahagiri resort nusa lembongan,13.910054080325505,13.533864896336572,Inclusive of taxes,8.8,"Nusa Lembongan, Bali","Private beach, free Wi-Fi, swimming pool with a view, free parking, spa, express check-in/check-out, restaurant, bar","Garden View Room, Beachfront Room, Lagoon Villa, Private Pool Villa, Beach View Room, Village View Room, Garden Suite, Family Room, Beach Front View Room, Deluxe Beach Front Suite",33 m² - 95 m²  ,I want to stay again,0.4154182514807625,0.3980744912610884,0.773584905514418,3
maharaja villas,15.399323127950721,14.195350802404368,Inclusive of taxes,9.1,"Kerobokan, Bali","Free Wi-Fi, swimming pool, free parking, spa, 24-hour front desk, restaurant, bar, yoga room","2-Bedroom Villa with Private Pool, 1-Bedroom Superior Villa, Deluxe One Bedroom Pool Villa, Deluxe Two-Bedroom Villa with Private Pool, Superior Villa with Benefit, 1-Bedroom Private Pool Villa, One Bedroom Pool Villa, Deluxe One Bedroom Villa, Superior One Bedroom Villa, Superior One Bedroom Villa",84 m² - 150 m²  ,"Beautiful Villa, Highly Recommend to Stay Here",0.6322004232292229,0.4932956467948765,0.8301886790886436,0
mahatma residence,12.989976472461,12.7022951610422,Inclusive of taxes,8.1,"South Denpasar, Bali","Free Wi-Fi, swimming pool, free parking, 24-hour front desk, luggage storage, breakfast, business center, laundry service","Superior Room, Family Room, Superior Apartment, Room Assigned on Arrival, Single Room - Superior, Standard Room, Junior Suite, Mahatma Room, Single Room, Family Room (1 Double Bed & 1 Single Bed)",22 m² - 25 m²  ,"The room is nice, clean, there is wifi, the only thing missing is there is no soap in the bathroom, and the shower spray and cover are not very clean in my opinion.",0.28148917914286076,0.2783697018236835,0.6415094338412245,1
maison aurelia sanur - by prã©fã©rence,14.859314962250004,14.571633007169066,Inclusive of taxes,8.8,"Sanur, Bali","Free wifi, swimming pool, free parking, spa, 24-hour front desk, fitness center, restaurant, bar","Camellia Suite, Magnolia Suite, ",36 m² - 54 m²,French style hotel with a comfortable atmosphere in Sanur,0.5535953228887747,0.5474616177034445,0.773584905514418,3
malibu huts nusa penida,13.567050480716235,13.279368835614243,Inclusive of taxes,9.0,"Nusa Penida, Bali","Beach, Free wifi, Free parking, Restaurant, Bar, Balcony/terrace, Garden, Room service","Twin Room with Sea View, Double Room with Balcony and Sea View, Family Room with Sea View, Traditional Cottage Room with Sea View, Family Bungalow, 2 Bedrooms, Sea View, Traditional Cottage, 1 King Bed, Ocean View, TRADITIONAL COTTAGE,1 KING BED,OCEAN VIEW, Traditional Cottage, Sea View, Traditional Cottage,2 Twin Beds,Sea View",26 m² - 60 m²  ,Relaxing Stay with Beautiful Views,0.36548968729056025,0.3614396835373186,0.8113207545639017,1
mamaka by ovolo,14.463511302905744,14.087249206804607,Inclusive of taxes,8.9,"Kuta, Bali","Rooftop pool, gym, spa, restaurant, bar","Superior Room, Deluxe Room",30 m² - 50 m²,Modern hotel with charming rooftop bar,0.4959810341909346,0.47773437972382793,0.7924528300391599,3
manda villa.,14.550575292699778,14.038235621724782,Inclusive of taxes,8.42253807106599,"Nusa Dua, Bali","Internet access, Swimming pool, Car park, Airport transfer, Luggage storage, Smoking area, Elevator, TV","2 Bedroom Villa, Room Assigned on Arrival",120 m² - 120 m²  ,The place is very clean and the service is excellent. It's located close to the sea. There's a lovely seating area with ocean views and a restaurant,0.5086543122790899,0.4706788549343455,0.702365673653514,2
"mandapa, a ritz-carlton reserve",16.868331892953393,16.580649851985275,Inclusive of taxes,8.7,"Kedewatan, Bali","Free wifi, swimming pool with view, free parking, spa 24 hour reception, fitness center, restaurant, bar","Riverfront Pool Villa, Mandapa Villa, Reserve Suite, Reserve Pool Villa",100 m² - 145 m²,One of the best hotels in Ubud with excellent service,0.8460334515209276,0.8366603802098644,0.7547169809896759,3
manta cottage sea view plus,13.815511557963774,13.527829818844937,Inclusive of taxes,8.4,"Nusa Penida, Bali","Beach, free Wi-Fi, swimming pool with a view, free parking, restaurant, water sports, golf course, massage","Deluxe Twin, Deluxe Double, Wooden Double Room, Double Room with Sea View, Standard Double Sea View Balcony, Standard Twin Room, Double Room with Balcony, Standard Double Room, Deluxe Room with Sea View",16 m² - 24 m²  ,Nice view comfortable place only the facilities in the room are inadequate,0.40165637725606484,0.39720573948993493,0.6981132074154504,1
manyi village ubud,13.547632419997361,13.259950783274762,Inclusive of taxes,8.9,"Tampaksiring, Bali","Free WiFi, swimming pool, free parking, spa, 24-hour reception, restaurant, bar, yoga room","Padi pavilion, Gabah Pavilion, Jineng Pavilion, Two-Bedroom Villa with Private Pool, Special Offer - Honeymoon Package at Deluxe Double Room with Terrace, Special Offer - Honeymoon Package at Superior Double Room with Terrace, Superior Double Room with Rice Paddy View, Deluxe Double or Twin Room with Free Benefits, Jineng Pavilion, Deluxe Room",30 m² - 80 m²  ,Amazing hotel with stunning rice field views,0.36266314001188465,0.35864444728962236,0.7924528300391599,1
mara river safari lodge,15.979118600474916,15.691436528023134,Inclusive of taxes,8.6,"Keramas, Bali","Safari-themed resort, wildlife experience, luxury lodges","Safari Room, Family Suite",50 m² - 120 m²,Unique stay experience with wild animal views,0.716597075334592,0.7086577735828419,0.735849056464934,3
margareth homestay,12.04355959836804,11.97098934828825,Inclusive of taxes,8.3,"Ungasan, Bali","Free WiFi, 24-hour reception, kitchen, smoking area, English, Indonesian","Single Room, Deluxe Room, Promotion Room",10 m² - 45 m²  ,"I love this house, so comfortable to stay in Bali, they have private pool with clean rooms and kitchen",0.143726089476545,0.17309794334744127,0.6792452828907085,4
margarita surf hostel canggu,11.862497241037852,11.264669212840943,Inclusive of taxes,7.5,"Canggu, Bali","Free wifi, Swimming pool with view, Free parking, Spa, 24-hour reception, Fitness center, Restaurant, Bar","One Bedroom with Private Pool, Deluxe Double Room With Private Bathroom, 3 Bedrooms Villas with Pool, Two Bedroom With Private Pool, 1 Person in Dormitory - Female Only, 1 Person in Dormitory - Mixed, Bed in Male Dormitory, Double Room with Private Bathroom, Deluxe Double with Private Kitchenette",16 m² - 130 m²  ,Fantastic Stay!!!,0.11737014586345272,0.07142288291587233,0.5283018866927732,4
marriott bali nusa dua gardens - chse certified,15.104743481723089,14.817061501098644,Inclusive of taxes,8.8,"Nusa Dua Beach, Bali","Swimming pool, luxury resort, family-friendly","Deluxe Room, Suite, Two-Bedroom Apartment",40 m² - 120 m²,Family resort with luxury facilities in Nusa Dua,0.5893205852550506,0.582791145632187,0.773584905514418,2
"marriott's autograph collection, the stones hotel, bali",14.88714006360249,14.599458219450709,Inclusive of taxes,8.8,"Marriott's Autograph Collection, The Stones Hotel, Bali","Free WiFi, swimming pool, spa, fitness center, luxurious dining","Deluxe Room, Premier Pool View, Suite",36 m² - 100 m²,Modern style hotel with five star service,0.5576456225374055,0.5514670679210935,0.773584905514418,3
mars city hotel,13.291601383266912,12.42410314745756,Inclusive of taxes,7.8,"South Denpasar, Bali","Free WiFi, swimming pool, budget-friendly hotel","Standard Room, Deluxe Room, Family Room",20 m² - 40 m²,Economical choice to stay in the Denpasar area,0.3253945455521115,0.23832385239467727,0.5849056602669989,4
mason elephant lodge,14.737491072282765,14.560301446509753,Inclusive of taxes,8.1,"Taro, Bali","Swimming pool, Wi-Fi, air conditioning, spa, airport shuttle, 24-hour reception, restaurant, children's facilities","Deluxe Room with Rice Field View, Standard Room with Garden View - Smoking Allowed, Deluxe Room with Garden View",26 m² - 36 m²  ,"It's really exciting to ride an elephant, a unique experience worth trying.",0.5358622964218273,0.5458304351036593,0.6415094338412245,3
matahari bungalow,13.34169005371,12.580284416483124,Inclusive of taxes,8.0,"Legian, Bali","Free Wi-Fi, swimming pool, free parking, spa, 24-hour front desk, restaurant, bar, massage","Standard Room, Deluxe Double Room, Deluxe Room, Suite Room, Standard Family, Deluxe Double or Twin with Pool View, Suite, Suite with Garden View",18 m² - 30 m²  ,Good Customer Service,0.3326855926439451,0.2608062073064439,0.6226415093164828,1
matahari guest house,12.206077645517674,12.04355959836804,Inclusive of taxes,8.1,"West Denpasar, Bali","Free Wi-Fi, free parking, 24-hour check-in, luggage storage, smoke-free property, daily housekeeping, fax, daily disinfection in all rooms","Deluxe Double Room, Deluxe Queen Room, Standard Twin Room, Standard Double Room, Suite Double Room, Deluxe Twin Room, Standard Room",17 m² - 27 m²  ,Very good,0.16738267138536503,0.1835444592997636,0.6415094338412245,4
matahari house,13.017005083966255,12.218500103788143,Inclusive of taxes,8.2,"Kuta, Bali","Free Wi-Fi, 24-hour reception, family room, luggage storage, tours, paid parking available, laundry service, taxi service","Deluxe Room, Standard Room, Deluxe Room, Standard Room, Standard Room, Room Assigned on Arrival, Garden Villa Private Pool, Suite Pool, Suite  Executive River View, Queen/Queen Accessible",20 m² - 25 m²  ,Enjoy Bali,0.28542353949957255,0.20872721364564364,0.6603773583659663,1
mathis retreat,14.860233202187002,14.572551364261445,Inclusive of taxes,9.0,"Kedewatan, Bali","Free Wi-Fi, swimming pool with a view, free parking, spa, 24-hour reception, restaurant, bar, yoga room","Deluxe Rice Field View Connecting Rooms, Garden View Bungalow, Deluxe Rice Field View Room, Grand Deluxe Double or Twin Room, Deluxe Connecting Rooms, Bungalow with Garden View, Deluxe Connecting Room with Rice Field View, Deluxe Room with Rice Field View, Suite Grand Deluxe Double or Twin Room",40 m² - 100 m²  ,"It really is an impressive visit, comfortable and can restore freshness of mind.",0.5537289844645967,0.5475938155669619,0.8113207545639017,3
matta lodge bali,12.337105293891872,12.049424683420915,Inclusive of taxes,8.6,"Jimbaran, Bali","free WiFi, free parking, 24-hour front desk, airport transfer, kitchen, luggage storage, garden, 24-hour room service","Single Room, Double - Queen, Deluxe Double Room, Basic Room, Basic, Deluxe Room, Standard Room, Room Assigned on Arrival",12 m² - 18 m²  ,"Good location, affordable",0.18645542269174986,0.18438874059270693,0.735849056464934,1
maya ubud resort & spa,16.564200336949835,16.102164928156192,Inclusive of taxes,8.9,"Ubud, Bali","Swimming pool, spa, fitness center, free Wi-Fi","Villa Presidential, Villa Heavenly, Impressive Forest Suite",48 m² - 245 m²  ,Great Maya!,0.8017632108194089,0.7677822878203462,0.7924528300391599,3
medal jaya hostel & room,11.80061253740951,11.51293546492023,Inclusive of taxes,9.1,"Nusa Lembongan, Bali","Free WiFi, Free Parking, Express Check-in/Check-out, Airport Transfer, Non-smoking Rooms, Snorkeling, Diving, Fishing","Single Bed in Dormitory Room, Deluxe Double Room, Design Shared Dormitory Garden View, Room Assigned on Arrival, Single Bed in 6-Bed Dormitory Room, Standard Double Room, Bed in 6-Bed Dormitory Room, Design Shared Dormitory Garden View 4 Twin Bunk Beds, Design Shared Room Bunk Bed 2 Twin Beds Garden View",22 m² - 22 m²  ,The price is quite good and friendly,0.1083620351584366,0.10716090724289329,0.8301886790886436,4
medewi surf lodge,12.388398368982115,12.100717685412471,Inclusive of taxes,7.0,"Medewi, Bali","Beach, Free wifi, Car parking, Family room, Room service, Laundry service, Taxi service, Bicycle","Twin Single, DOUBLE A",20 m² - 30 m²  ,Nice stay,0.19392178629572773,0.19177238834034666,0.4339622640690637,4
mejore beach hotel,14.115615891155079,13.758941264676379,Inclusive of taxes,8.7,"Amed, Bali","Beach, free Wi-Fi, swimming pool with view, free parking, spa, 24-hour front desk, restaurant, bar","Family Suite Sea View, Suite with Sea View, Deluxe Room, Standard Room, Twin Deluxe, Suite Family Seaview Room, Deluxe Twin, Coral Deluxe Room, Wood Superior, Suite Family Seaview Room",16 m² - 50 m²  ,We enjoyed our stay!,0.44534040413090975,0.4304743227315238,0.7547169809896759,3
mekar jaya bungalows,12.219324451205921,11.931642378754141,Inclusive of taxes,8.4,"Legian, Bali","beach, free WiFi, swimming pool with view, free parking, foot soak, 24-hour reception, restaurant, bar","Superior Double Room, Twin Room with Pool View, Deluxe Room",15 m² - 30 m²  ,The beautiful big quiet garden and pool area were a perfect sanctuary away from the busy Kuta streets. The staff were super kind and helpful,0.16931091350548919,0.16743393165585044,0.6981132074154504,1
melasti kuta bungalows and spa,13.652992804936396,12.544332569000922,Inclusive of taxes,7.9,"Kuta, Bali","Beach, free Wi-Fi, swimming pool, free parking, front desk [24 hours], restaurant, bar, airport transfer","Superior Twin Room, Superior Room Extrabed, Deluxe Room Extrabed, Deluxe Room, Double Room Garden View, Deluxe Double Room Static, Standard Room, Superior Room",24 m² - 56 m²  ,Very good Sudiana and Helena,0.37799969259770433,0.255630924765384,0.6037735847917409,1
melia bali,14.77396766028028,14.668607144622454,Inclusive of taxes,8.9,"Nusa Dua Beach, Bali","Private beach, free wifi, pool with view, free parking, spa, 24 hour front desk, fitness center, restaurant","Junior Suite, Melia Guestroom, Family Suite, Melia Room Garden View, Premium Room Garden View",42 m² - 62 m²,Best place to stay,0.5411719306861559,0.5614210828114701,0.7924528300391599,3
melia bali the garden villas (ex melia bali villas and spa resort),14.90172227639293,14.525504039406288,Inclusive of taxes,8.4,"Nusa Dua Beach, Bali","Private beach, free Wi-Fi, swimming pool with a view, free parking, spa, 24-hour reception, fitness center, restaurant","Junior Suite Lagoon Access, Melia Guestroom, Melia Guestroom All Inclusive, Premium Room Garden View All Inclusive, Premium Room Garden View, Lagoon Access Room, The Level Lagoon Access Suite, The Reserve Master Suite, The Level Junior Suite, Connecting Premium Room Garden View",42 m² - 176 m²  ,Good Hotel for Family,0.5597682502537675,0.5408213347077515,0.6981132074154504,3
mercure bali legian,13.97773229330424,13.69005050426997,Inclusive of taxes,8.4,"Legian, Bali","Free wifi, swimming pool, free parking, spa, 24 hour front desk, fitness center, restaurant, bar","Deluxe King, Superior King, Deluxe Twin, Family Room, Deluxe Balcony, Superior Twin",28 m² - 65 m²,Beautiful and excellent service,0.4252696816256244,0.4205574707603386,0.6981132074154504,3
mercure bali nusa dua,13.827483594244109,13.539801851158392,Inclusive of taxes,8.2,"Nusa Dua, Bali","Swimming pool, casual restaurant, free shuttle to the beach",Standard Room,25 m² - 30 m²,"Comfortable budget hotel, very helpful staff",0.40339906037248424,0.39892911823545,0.6603773583659663,2
mercure resort sanur,13.814270789769179,13.726418107952634,Inclusive of taxes,8.4,"Sanur, Bali","Beachfront, swimming pool, free WiFi","Superior Room, Deluxe Room, Suite",30 m² - 70 m²,Beachfront hotel with a relaxed atmosphere in Sanur,0.40147576756415615,0.42579260156946475,0.6981132074154504,3
meruhdani boutique hotel ubud,13.485673658721348,13.197992049849885,Inclusive of taxes,8.9,"Ubud, Bali","Free Wi-Fi, swimming pool, free parking, spa, 24-hour reception, restaurant, bar, massage","Superior Queen Room 1, Junior Suite Pool View, Standard Double or Twin Room, Deluxe Room, Standard Double, Superior Deluxe Room, Grand Deluxe Double or Twin Room, Superior Double Room, Standard Double Room, Junior Suite",28 m² - 48 m²  ,Charming Hotel,0.35364424926835075,0.34972546332033716,0.7924528300391599,1
merusaka nusa dua,14.978505418110439,14.547722670313444,Inclusive of taxes,8.9,"Nusa Dua Beach, Bali","Private beach, swimming pool, spa, restaurant, fitness center","Ocean View Room, Garden Suite",40m² - 75m²,"Very suitable for honeymoon or family vacation, location near the beach with beautiful views",0.5709450193148945,0.5440197153383153,0.7924528300391599,3
mimi manis bungalow,13.293457137733263,13.005775627109694,Inclusive of taxes,8.5,"Kedewatan, Bali","Free Wi-Fi, swimming pool, car parking, 24-hour front desk, massage, family room, luggage storage, garden","Superior Room, Deluxe Room",40 m² - 40 m²  ,Very well,0.32566467436737767,0.32205583390269055,0.7169811319401922,1
mimpi resort menjangan,14.070441881829657,13.694206957385342,Inclusive of taxes,8.6,"Menjangan, Bali","Private beach, free Wi-Fi, swimming pool with a view, free parking, spa, 24-hour reception, fitness center, restaurant","Courtyard Villa, Pool Villa, Patio Room, Grand Courtyard Villa with Private Pool (Free 1 Hour Massage for 1 Person), Grand, Courtyard Villa with Natural Hot Spring Tub, Courtyard Villa with Natural Hot Spring Tub and Pool, Grand Courtyard Villa with Pool, Grand Courtyard Villa with Private Hot Spring and Pool, Courtyard Villa King/Twin with Private Hot Spring",42 m² - 70 m²  ,Everything was great. Can't wait to come back.,0.4387647488698501,0.42115579381595825,0.735849056464934,3
mimpi resort tulamben dive and spa,14.226620371371874,13.816810712397084,Inclusive of taxes,8.5,"Tulamben, Bali","Private beach, free Wi-Fi, swimming pool, free parking, spa, 24-hour front desk, restaurant, bar","Standard Room, Garden Villa with 1 King Size Bed, Superior Room with Twin Beds and Patio View, Garden Villa with 2 Twin Size Beds, Standard Double Room, Courtyard Villa, Villa with Ocean View, Courtyard King Villa, Courtyard Villa with Ocean View, Courtyard Villa Twin Bed",25 m² - 30 m²  ,Amazing resort on the beach,0.4614985270258816,0.4388046524203667,0.7169811319401922,3
muaya villa,13.997832948091215,13.710151153416941,Inclusive of taxes,8.7,"Jimbaran, Bali","Beach, free Wi-Fi, swimming pool, free parking, spa, 24-hour front desk, restaurant, bar","1 Bedroom Villa, 1 Deluxe Bedroom (King Bed), Deluxe Room (Muaya House), One-Bedroom Villa with Private Pool, Standard Room with Private Pool, One-Bedroom Villa, One Bedroom Deluxe Villa with Private Pool",35 m² - 100 m²  ,"This villa is very spacious and neat, the property is very well kept and beautiful and peaceful. The staff were very friendly and accommodating!",0.4281955892077602,0.4234509670861058,0.7547169809896759,0
mulia home stay,12.566076542351603,12.2783933071098,Inclusive of taxes,7.5,"Kutuh, Bali","free parking, balcony/terrace, garden, non-smoking rooms, air conditioning in public areas, English, Indonesian","Double Room with Terrace, Budget Double Room",20 m² - 25 m²  ,The homestay is comfortable and beautiful,0.21978511861755157,0.2173488637467174,0.5283018866927732,4
munduk heaven luxury villas,16.387072695031783,15.876247122209845,Inclusive of taxes,9.3,"Munduk, Bali","Free Wi-Fi, swimming pool, free parking, spa, 24-hour reception, fitness center, restaurant, bar","Floating Villa for 2 Adults, Wilderness Cabin, Forest Cabin, Cabin with Forest View, Forest Cabin, Room Assigned on Arrival",30 m² - 100 m²  ,Beautiful villas with caring staff,0.7759800153968569,0.7352613310765385,0.8679245281381276,3
mutiara bali boutique resort villas and spa,14.409583533657246,13.716436905171264,Inclusive of taxes,8.8,"Seminyak, Bali","Beach, free WiFi, swimming pool, free parking, spa, 24-hour reception, fitness center, restaurant","2 bedroom deluxe villa, four bedroom villa, deluxe double or twin, 2 bedroom suite villa, deluxe one-bedroom villa, premier one-bedroom villa with private pool, 3-bedroom suite with private pool, superior double or twin, family room, one bedroom pool villa suite",36 m² - 247 m²  ,Very kind!,0.48813115712951244,0.4243558035156575,0.773584905514418,0
mutiara kost - imam bonjol denpasar,12.206077645517674,11.918397239722838,Inclusive of taxes,8.0,"West Denpasar, Bali","smoking area, ATM, hair and beauty salon",Standard Room,15 m² - 15 m²  ,"Strategic, safe and quiet, cheap, good for backpackers and families",0.16738267138536503,0.16552728869914152,0.6226415093164828,4
my home @ bali by conary,12.591338447675579,12.303657509006147,Inclusive of taxes,8.4,"Kuta, Bali","Beach, free Wi-Fi, swimming pool, free parking, massage, shuttle service, luggage storage, breakfast","Superior Room, Deluxe Room",15 m² - 20 m²  ,"Cheap, Comfortable and strategic location",0.2234623122766611,0.22098565551528232,0.6981132074154504,2
mã¶venpick resort and spa bali,15.005100929166064,14.717418755265642,Inclusive of taxes,8.8,"Jimbaran, Bali","Free wifi, swimming pool, free parking, spa, 24-hour front desk, fitness center, restaurant, bar","Suite Junior, Pool Suite, Classic King Room, Family Duplex Room",38 m² - 58 m²,A very comfortable hotel for a vacation with family,0.5748163363577029,0.5684475333016085,0.773584905514418,3
nakula familiar inn,13.017005083966255,12.218500103788143,Inclusive of taxes,9.0,"North Denpasar, Bali","Free parking, express check-in/check-out, bar, airport transfer, family room, luggage storage, balcony/terrace, garden","Superior Double or Twin Room, Single Room, Queen Room",23 m² - 35 m²  ,will probably be my favorite,0.28542353949957255,0.20872721364564364,0.8113207545639017,1
nakula guest house,12.506180941677357,12.218500103788143,Inclusive of taxes,8.6,"Kuta, Bali","Free Wi-Fi, free parking, 24-hour reception, airport transfer, kitchen, garden, breakfast, room service","Twin Room, Deluxe - 1 Queen Bed, Standard Double Room, Twin, Standard Double Room, Standard Room, Twin Room, Double Bed Room, Deluxe Queen Room, Standard Double Room",12 m² - 12 m²  ,Recommended for a good value stay,0.211066547306984,0.20872721364564364,0.735849056464934,1
nakula stay kuta,13.122365377402328,12.278397958261774,Inclusive of taxes,8.5,"Legian, Bali","Free WiFi, free parking, 24-hour reception, airport transfer, luggage storage, room service, taxi service, bicycle","Deluxe Double Room, Deluxe, Room Assigned on Arrival, Deluxe Triple Room, Executive Room, Double Room, Single Room, Twin/Double Room, Deluxe Single Room",20 m² - 35 m²  ,Cheap hotel with complete facilities,0.30076007876596494,0.21734953328186768,0.7169811319401922,1
nalika beach resort & restaurant,14.33430494661736,14.04662307257814,Inclusive of taxes,10.0,"Umeanyar, Bali","Beach, free Wi-Fi, swimming pool with view, free parking, restaurant, bar, airport transfer, luggage storage","Double or Twin Room with Partial Sea View, Superior Double or Twin Room with Sea View, Standard Double or Twin Room with Sea View, Deluxe Double or Twin Room with Sea View, Standard Double or Twin Room 1 Bedroom Partial Sea View, Standard Room, Double or Twin Room 1 Bedroom Sea View, Superior Room, Superior Double or Twin Room 1 Bedroom Sea View, Deluxe Double or Twin Room 1 Bedroom Sea View",24 m² - 28 m²  ,Great stay,0.4771733952592283,0.4718862317732372,0.9999999998113207,1
namastay,12.19602736016897,11.685205103383671,Inclusive of taxes,9.2,"Monkey Forest, Bali","free Wi-Fi, free parking, 24-hour front desk, airport transfer, kitchen, luggage storage, balcony/terrace, garden","Superior Room, Bed in 4-Bed Female Dormitory Room, 1 Person in 6-Bed Dormitory - Mixed, 1 Person in 4-Bed Dormitory - Female Only, Female Dorm, Bed in 6-Bed Mix Dormitory Room, Bed in 4-Bed Female Dormitory",19 m² - 29 m²  ,GREAT for privacy & tranquility,0.16591972371445354,0.13195918924316866,0.8490566036133854,4
nata ubud,14.180154365996387,13.73386765399262,Inclusive of taxes,8.4,"Ubud, Bali","Free Wi-Fi, swimming pool, free parking, spa, 24-hour reception, massage, airport transfer, family room","Suite, Family Room, Deluxe Suite, Suite with Garden View, Suite with Valley View, Adjoining Family Room, Suite Single Room, Family Quadruple Room 2 Double Beds, Double Single Use, Apartment 1 Room",44 m² - 100 m²  ,"Beautiful view, comfortable room, quiet and peaceful",0.4547348052028597,0.426864966642738,0.6981132074154504,1
natya tanah lot,14.417930192396172,13.987147739560418,Inclusive of taxes,8.9,"Tanah Lot, Bali","Beach, free Wi-Fi, swimming pool, free parking, 24-hour reception, restaurant, bar, golf course","Two Bedroom Suite, Deluxe Room, Superior Room, One Bedroom Suite, One Bedroom Suite Garden View, Room & Cycling Package, Room & Dine Package, Deluxe Room, Superior Room",40 m² - 106 m²  ,A Great Stay,0.48934612014183915,0.46332473426625354,0.7924528300391599,3
negara hotel,12.91164481522143,12.218500103788143,Inclusive of taxes,8.0,"Negara, Bali","Budget hotel, simple rooms, good for transit","Standard Room, Deluxe Room",20 m² - 40 m²,Cheap and comfortable option to stay in Negara,0.2700870038273073,0.20872721364564364,0.6226415093164828,4
nesa sanur,13.47342298480996,13.091652591884767,Inclusive of taxes,8.3,"Sanur, Bali","Beach, free Wi-Fi, swimming pool with a view, free parking, 24-hour reception, restaurant, bar, water sports","Suite Pool Access, Two Bedroom Family Suite, Superior Pool Access, Superior Room with Balcony, Junior Suite Garden View, Suite Garden View, One Bedroom Suite, Suite Pool Access, Standard Room, Family Two-Bedroom Suite",25 m² - 70 m²  ,Beautiful place but bitten by invisible bugs in public areas,0.3518610068783153,0.3344178566526942,0.6792452828907085,3
new alron hotel kuta,12.958160678220468,12.601487417784837,Inclusive of taxes,8.4,"Kuta, Bali","Free Wi-Fi, swimming pool, free parking, 24-hour reception, fitness center, restaurant, bar, airport transfer","Deluxe Double or Twin Room, Superior Room, Smart Room, Family Room, Triple Room, Standard Double or Twin Room, Superior Triple Room",18 m² - 28 m²  ,Budget 4-star hotel,0.2768579830655885,0.263858387657096,0.6981132074154504,1
new asta graha,12.847929163278053,11.931642378754141,Inclusive of taxes,8.4,"Jimbaran, Bali","Free Wi-Fi, swimming pool, free parking, 24-hour front desk, airport transfer, family room, luggage storage, room service","Deluxe Twin Room, Deluxe Double, Suite Double, Deluxe Suite, Deluxe Room, Standard Twin or Double Room, Deluxe Double Room, Standard Double Room",18 m² - 33 m²  ,Champion facilities and according to price,0.2608123751598549,0.16743393165585044,0.6981132074154504,1
new garden view resort,12.991158419388174,12.780439105411505,Inclusive of taxes,8.3,"Legian, Bali","Beach, free Wi-Fi, swimming pool, free parking, spa, 24-hour reception, restaurant, bar","Deluxe, Deluxe Pool View, Deluxe Poolside, Deluxe Garden Double, Superior Twin, Deluxe Garden Premium, Deluxe Poolside, Deluxe Garden Double or Twin Room, Deluxe Wingpool View, Deluxe Garden Twin",28 m² - 42 m²  ,Great location and stay,0.28166122664641474,0.28961855325431496,0.6792452828907085,1
new sunari lovina beach resort,13.461690107508359,12.999655484522206,Inclusive of taxes,7.7,"Lovina, Bali","Private beach, free wifi, swimming pool, free parking spa, 24 hour front desk, fitness center, restaurant","Twin Room, Deluxe View Room, Premier Room, Villa Pool, Bedroom Private Pool Villa",49 m² - 192 m²,Amazing Place,0.35015313641236084,0.32117483697763677,0.566037735742257,3
ninja suite villa,13.145482069103958,12.667448537659924,Inclusive of taxes,7.8,"East Denpasar, Bali","free WiFi, free parking, 24-hour front desk, massage, airport transfer, family room, luggage storage, garden","Standard Double, Double or Twin Standard Double Room, Room Assigned on Arrival, Standard, Standard Room, Standard Double - Breakfast FC, Twin/Double Room, Standard Double Room, 2 Beds",16 m² - 20 m²  ,Cleanliness is quite bad,0.304125009124727,0.27335351672514424,0.5849056602669989,1
nirmala guest house,13.95303521687748,13.449451722715201,Inclusive of taxes,8.5,"Keramas, Bali","Beach, free Wi-Fi, swimming pool with a view, free parking, spa, 24-hour reception, restaurant, bar","Deluxe Bungalow, Standard Bungalow, Standard Double Room, Standard Twin Room, Deluxe Family Room, Standard Family Room, Standard Double Room, Standard Twin Bungalow, Standard Family, Deluxe Twin Bungalow",20 m² - 41 m²  ,Highly recommend Nirmala,0.42167470604201984,0.3859231818215832,0.7169811319401922,1
nirmala hotel denpasar,13.247622398114856,12.649786841070036,Inclusive of taxes,7.4,"West Denpasar, Bali","Free Wi-Fi, swimming pool, free parking, 24-hour reception, restaurant, bar, children's pool, luggage storage","Superior Room, Deluxe Room, Suite, Standard Room, Deluxe One Bedroom Room, Deluxe Double or Twin Room, Silent Day Package",20 m² - 70 m²  ,Cheap Hotel with Friendly Staff,0.3189928413551711,0.27081110857623353,0.5094339621680314,1
nirmala hotel jimbaran,13.225643530608007,12.346169314486835,Inclusive of taxes,7.5,"Jimbaran, Bali","Free Wi-Fi, swimming pool with a view, free parking, 24-hour reception, restaurant, family room, balcony/terrace, garden","Superior Room, Bungalow with Garden View, Bungalow Room Breakfast, Bungalow Room, Deluxe with Balcony, Suite, Double Room, Standard Room, Suite Room",34 m² - 90 m²  ,a great place,0.3157935358715151,0.2271052465822518,0.5283018866927732,1
nirwana beach & resort,14.608032827198869,14.320350905647583,Inclusive of taxes,8.7,"Candidasa, Bali","Beach, free Wi-Fi, swimming pool with a view, free parking, spa, 24-hour reception, fitness center, restaurant","One Bedroom Private Pool Villa, Premier Garden, Grand Premier Ocean View Room with King Bed, Two Bedroom Private Pool Villa, Premiere King with Garden View, Two Bedroom Private Pool Villa with Lunch or Dinner, Grand Premiere Room with Ocean View, Grand Premier Room, Standard Pool Villa, Grand Premiere Room Ocean View with Free Lunch/Dinner",42 m² - 150 m²  ,Wonderful journey,0.517017991851889,0.5112894606667655,0.7547169809896759,0
nomad hub villa bali,13.017005083966255,12.586223364451623,Inclusive of taxes,7.9,"Umalas, Bali","Beach, free Wi-Fi, swimming pool, free parking, spa, 24-hour reception, restaurant, yoga room","2 Bedroom Villa with Private Pool, Villa With Private Pool, Four Bedroom Villa with Private Pool, Four Bedrooms Pool Villa, 4 Bedrooms Villa, One-Bedroom Suite Villa with Private Pool, Three-Bedroom Villa, Standard Room, Two Bedroom Pool Villa, One Bedroom Pool Villa",27 m² - 300 m²  ,Perfect for nomad workers!,0.28542353949957255,0.2616611211950514,0.6037735847917409,0
novotel bali nusa dua - hotel & residences,14.458480137308987,14.17079824010016,Inclusive of taxes,8.5,"Nusa Dua Beach, Bali","Private beach, free wifi, swimming pool, free parking, spa, 24 hour front desk, fitness center, restaurant","Suite Room, Deluxe King Room, Deluxe Twin",50 m² - 130 m²,Amazing Family Vacation,0.4952486836420326,0.48976129582461947,0.7169811319401922,3
nugraha lovina seaview resort and spa,14.4320471759633,14.001264550538144,Inclusive of taxes,8.8,"Lovina, Bali","Beach, free Wi-Fi, swimming pool with a view, free parking, spa, 24-hour reception, fitness center, restaurant","Suite Sea View, Superior Double or Twin Room with Sea View, Superior Double or Twin Room, Balcony Seaview, Suite Garden Sea View, Balcony, Family Garden Seaview, Suite Garden Seaview With Breakfast, Villa Elsa 1, Villa Elsa 2",24 m² - 200 m²  ,Fun hotel,0.49140102779005707,0.46535685474141497,0.773584905514418,3
nunamkhalu private villas & spa,15.73510342536888,15.524382499073795,Inclusive of taxes,9.2,"Kutuh, Bali","Private pool, spa, fitness center, luxurious dining, free WiFi","Private Villa with Pool, Honeymoon Suite",80 m² - 200 m²,The ideal choice for a romantic getaway with luxurious facilities.,0.6810775433310106,0.6846102806170572,0.8490566036133854,3
"nusa dua beach hotel & spa, bali",15.157293575192945,14.5594568358165,Inclusive of taxes,8.7,"Nusa Dua Beach Hotel & Spa, Bali","Large swimming pool, spa, beachfront restaurant, fitness center, beach activities",Premier Room,30 m² - 50 m²,"Friendly service, clean beach, suitable for family events",0.5969699239733604,0.5457088530632105,0.7547169809896759,2
nusa majesty,13.346308207608848,12.8354836496546,Inclusive of taxes,8.4,"Nusa Penida, Bali","Beach, free Wi-Fi, swimming pool, free parking, 24-hour reception, restaurant, bar, shuttle service","Deluxe Room, Deluxe, Grand Deluxe, Premier Room, Room Assigned on Arrival, Double Panoramic, Quintuple Room, Triple Room, Double Single Use",20 m² - 23 m²  ,Great place to heal,0.33335782405388226,0.29754223697996807,0.6981132074154504,1
nusa sedayu hotel,13.880049391601796,13.592367006650065,Inclusive of taxes,8.5,"Nusa Penida, Bali","Free Wi-Fi, swimming pool, car parking, 24-hour front desk, restaurant, water park, airport transfer, luggage storage","Deluxe Double Room with Sea View, Deluxe Twin Room with Sea View, Bungalow with Sea View, Bungalow with Pool View, Deluxe Double Room with Pool View, Deluxe Double Room Sea View (1 Double Bed and 1 Twin Sofa Bed), Deluxe Twin Room, Room Assigned on Arrival, Deluxe Room with Sea View, Deluxe Sea View",30 m² - 30 m²  ,"Excellent service, a good location, and a good location",0.41105068499266945,0.40649589297821725,0.7169811319401922,1
nusabay menjangan whm,15.088733360717196,14.0389116761053,Inclusive of taxes,9.3,"Menjangan, Bali","Private beach, free Wi-Fi, swimming pool with a view, free parking, spa, 24-hour reception, fitness center, restaurant","Two Bedroom Beachfront Villa, Jungle Lanai Cottage with Free Snorkeling at House Reef, 1 Bedroom Villa, One Bedroom Beachfront Villa, Lanai Cottage Ocean View with Free Snorkeling at House Reef, Jungle Lanai Cottage, Forest/Garden Cottage, 2 Bedroom Villa, Cottage Ocean View, Special offer Deluxe Double Room with Romantic Dinner",48 m² - 200 m²  ,Natural happiness,0.5869901072214492,0.47077617322748844,0.8679245281381276,0
nyuh gading bungalow,12.47915237076039,12.19147156669466,Inclusive of taxes,9.1,"Nusa Penida, Bali","Free WiFi, free parking, bar, massage, shuttle service, pets allowed, breakfast, laundry service",Bungalow,200 m² - 200 m²  ,"The homestay is comfortable, clean, the staff are friendly",0.20713219285841705,0.20483644513369045,0.8301886790886436,2
ocean brothers ceningan,13.304684934198283,13.017002861746503,Inclusive of taxes,8.5,"Nusa Ceningan, Bali","Free wifi, Swimming pool, Free parking, Restaurant, Bar, Airport transfer, Children's pool, Luggage storage",Private Villa,16 m² - 16 m²  ,Beachfront hotel with spacious rooms,0.3272990238527967,0.3236719987306323,0.7169811319401922,2
ode hostel,11.056177588734903,10.768506042432708,Inclusive of taxes,8.4,"Monkey Forest, Bali","Free Wi-Fi, free parking, 24-hour front desk, airport transfer, balcony/terrace, breakfast, room service, laundry service","Bed in 6-Bed Mixed Dormitory Room, Double Room, Standard 4 Bed Dormitory Female, Dormitory Room Share Bathroom, Dormitory - 8 Share, Bed in 8 Bed Dormitory, Double Bed Room, Dormitory, Bed in 8-Bed Mixed Dormitory Room",3 m² - 45 m²  ,The location is very good and very clean,0.0,0.0,0.6981132074154504,4
odika lovina house and villas,14.202472873624796,13.152652010342026,Inclusive of taxes,8.6,"Lovina, Bali","Swimming pool, free Wi-Fi, kitchenette","Family Studio, Bedroom Pool Villa, Superior Studio, Studio Suite, Deluxe Double Room, Bedroom Suite Plunge Pool",30 m² - 250 m²  ,A Memorable Vacation,0.45798354965342497,0.34319874685626256,0.735849056464934,0
ohana hotel kuta,14.115615891155079,13.271646802771485,Inclusive of taxes,8.6,"Kuta, Bali","Free WiFi, swimming pool, restaurant, airport shuttle","Superior Room, Deluxe Room, Suite",24 m² - 50 m²,Location near the airport with affordable price,0.44534040413090975,0.3603280938819498,0.735849056464934,2
oki taru residence,13.122365377402328,12.611541086966115,Inclusive of taxes,9.1,"Tuban, Bali","Free Wi-Fi, free parking, 24-hour front desk, airport transfer, luggage storage, garden, breakfast, room service","Single Standard, Standard Twin, Standard Suite, Standard Double, Suite Room, Single Room, Twin Room, Standard Twin Room, Standard Single Room",20 m² - 22 m²  ,Very Comfortable Room!,0.30076007876596494,0.2653056172775827,0.8301886790886436,1
om ham retreat and resort,13.805461232211272,13.112315061750808,Inclusive of taxes,9.0,"Tegallalang, Bali","Free WiFi, swimming pool with view, free parking, spa, 24-hour front desk, restaurant, bar, yoga room","Penthouse Suite, Superior Twin Room, Standard Room, Two Bedroom Suite, Standard Double Room",24 m² - 84 m²,Highly recommended!,0.40019342370386346,0.3373922272912499,0.8113207545639017,1
omah nusa villa,12.716903269283664,12.429220196836383,Inclusive of taxes,9.1,"Nusa Penida, Bali","free WiFi, car parking, non-smoking rooms, air conditioning in public areas, English, Indonesian","Twin Room, Standard Room, Room Assigned on Arrival, Basic Room",25 m² - 25 m²  ,"very good location, aesthetic house",0.24173987922590645,0.23906045365905104,0.8301886790886436,4
omatha village,13.324489195480057,12.726653531619753,Inclusive of taxes,8.7,"East Denpasar, Bali","Free Wi-Fi, swimming pool, free parking, spa, 24-hour reception, airport transfer, family room, kitchen","Two Bedroom Villa with Private Pool, Junior Suite with Pool Access, Victoria Deluxe Room, 2 Bedroom Suite with Private Pool, Kolonia Deluxe Room, Victoria Superior Room, 2 Bedroom Suite with Private Garden, Gardenia Deluxe Room, 2 Bedroom Suite with Pool Access, Kolonia Superior Room",32 m² - 225 m²  ,Perfect Accommodation for Business Trips,0.3301817875665681,0.28187609881874987,0.7547169809896759,0
one eleven,16.195056784687036,15.90737474309945,Inclusive of taxes,9.2,"Seminyak, Bali","Free Wi-Fi, private pool, spa, restaurant","One Bedroom Villa, Penthouse",100 m² - 350 m²,A luxurious stay with ultimate privacy. The facilities and services are very satisfying,0.7480296419427332,0.7397421643081116,0.8490566036133854,0
origin uluwatu,14.283324917506963,14.177964471445778,Inclusive of taxes,9.2,"Pecatu, Bali","Beach, free Wi-Fi, swimming pool, free parking, spa, 24-hour reception, restaurant, bar","Pool Tent, Luxury Tented Room - Fully Furnished, Luxury Family Pool Tented-Villa, Family Two Bedroom Pool Tent, Luxury Pool Tented-Villa, Family Pool Tent - Active & Surf Package with Free Benefits, Pool Tent - Active & Surf Package with Free Benefits, Special Offer - Two-Bedroom Family Pool Tent with Resort Credit, Garden Tent, Luxury Tent",180 m² - 270 m²  ,Don't hesitate to book this perfect accommodation!,0.4697525995044422,0.4907928776365565,0.8490566036133854,3
ossotel legian,14.531000763726421,13.74742977040229,Inclusive of taxes,8.9,"Legian, Bali","Beach, free Wi-Fi, swimming pool, free parking, 24-hour reception, restaurant, bar, airport transfer","Deluxe Double or Twin Room with Pool Access, Suite Room, Superior Double or Twin Room, Suite Room with Bathtub, Deluxe Poolside, Deluxe Twin Room",27 m² - 50 m²  ,The location is good,0.5058049890432622,0.4288172386173432,0.7924528300391599,1
oyo 1051 de loran hotel,13.200386816958314,12.951926121721053,Inclusive of taxes,8.5,"Seririt, Bali","Free Wi-Fi, swimming pool, free parking, 24-hour reception, restaurant, balcony/terrace, garden, 24-hour room service","Deluxe Double Room, Indonesia Deluxe Double, Deluxe Room, Double Room - Superior, Deluxe Premier, Twin/Double Room, Room Assigned on Arrival, Standard Superior",11 m² - 24 m²  ,The room quality exceeded my expectations.,0.3121170979270482,0.3143041764886869,0.7169811319401922,1
oyo 1200 kencana residence,12.459334066079819,12.210876090494493,Inclusive of taxes,8.3,"Jimbaran, Bali","Free WiFi, 24-hour reception, smoke-free property, daily housekeeping, daily disinfection in all rooms, body thermometer, English, Indonesian","Deluxe Double Room, Indonesian Deluxe Double, Deluxe Room",11 m² - 12 m²  ,"Very nice and helpful guests, clean and big rooms!",0.2042473849482025,0.20762973394280027,0.6792452828907085,4
oyo 1356 gusti residence,11.845332306201518,11.596871314695504,Inclusive of taxes,8.4,"Mengwi, Bali","Free WiFi, free parking, 24-hour reception, balcony/terrace, breakfast, room service, tour, laundry service","Standard Double Room, Indonesia Standard Double, Special Room, Room standard, Double Standard, Standar",10 m² - 17 m²  ,Comfortable,0.11487156989581623,0.11924350572760375,0.6981132074154504,4
oyo 1433 homestay rumahku,12.776614243122905,12.314581699335607,Inclusive of taxes,7.8,"Kuta, Bali","Beach, free Wi-Fi, free parking, express check-in/check-out, family room, balcony/terrace, garden, 24-hour room service","Standard Double Room, Family Room, Standard Twin Room, Double Room with Garden View, Executive Room, Superior, Deluxe, Standard Room, Indonesia Standard Double, Single Room",14 m² - 22 m²  ,It is not in accordance with,0.250431575737512,0.22255819699636356,0.5849056602669989,1
oyo 1489 simona hotel,12.313836770204048,11.851801951921106,Inclusive of taxes,6.9,"Canggu, Bali","Free Wi-Fi, free parking, spa, 24-hour reception, restaurant, bar, water sports, golf course","Standard Room, Deluxe Double Room, Superior Room, Deluxe Room, Suite Room, Single Room De Luxe, Run of House, 2 Twin Beds 1 Twin Bed, Twin Room Single Use Superior, Deluxe House",15 m² - 35 m²  ,The room is not suitable,0.183068391244027,0.1559408709094083,0.41509433954432184,1
oyo 1654 maha bharata kuta inn,12.786759163941985,12.093614780948718,Inclusive of taxes,7.8,"Legian, Bali","Beach, free Wi-Fi, free parking, 24-hour reception, restaurant, airport transfer, luggage storage, breakfast","Deluxe Twin Room, Standard Twin Room, Standard Double Room, Deluxe Double Room, Indonesia Deluxe Double, Superior Room, Indonesia Deluxe Double, Standard Room (Fan), Indonesia Standard Double, Indonesia Standard Twin Room",11 m² - 20 m²  ,The photos are much better than the actual room,0.25190829881242127,0.19074992245788328,0.5849056602669989,1
oyo 1670 likko inn,12.552608360775665,12.304147182793447,Inclusive of taxes,7.9,"North Denpasar, Bali","Free Wi-Fi, swimming pool, free parking, 24-hour reception, 24-hour room service, smoke-free property, daily housekeeping, shared lounge/TV area","Deluxe Double, Standard Double, Double Indonesia Standard Double, Twin Indonesia Deluxe Twin, Standard Twin, Double Indonesia Deluxe Double, Twin Indonesia Standard Twin, Deluxe Twin, Family Room Standard",12 m² - 18 m²  ,Low budget means minimal facilities,0.21782465240347823,0.22105614424895537,0.6037735847917409,4
oyo 1741 komala indah cottages,12.19676445845855,11.948305299026595,Inclusive of taxes,6.9,"Legian, Bali","Free Wi-Fi, free parking, 24-hour front desk, luggage storage, garden, laundry service, ticket service, non-smoking property","Standard Room, Deluxe Double Room, Super Saver Room, Deluxe Twin Room, Standard Double Room, Standard Twin Room, Deluxe Room, Standard Room, Economy Double Room, Indonesia Standard Double",13 m² - 15 m²  ,don't stay here,0.16602701780497536,0.16983256556226634,0.41509433954432184,4
oyo 1762 hotel astiti graha tanah lot,12.097852489439777,11.849390558708787,Inclusive of taxes,7.0,"Tanah Lot, Bali","Free Wi-Fi, 24-hour front desk, family room, 24-hour room service, non-smoking rooms, daily housekeeping, air conditioning in public areas, elevator","Standard Twin Room, Standard Double Room, Double Double Standard, Twin Room - Hollywood, Double Room with Extra Bed Twin, Twin Room - Single Use, Single Room Double Bed, Double Room - Superior",13 m² - 13 m²  ,Very comfortable,0.15162911469270848,0.15559374991103628,0.4339622640690637,4
oyo 1848 tb's homestay,12.608065064159366,12.146030666444492,Inclusive of taxes,7.8,"Sanur, Bali","Free Wi-Fi, free parking, 24-hour reception, room service, smoke-free property, daily housekeeping, daily disinfection in all rooms, shared lounge/TV area","Deluxe Double Room, Deluxe Room, Indonesia Deluxe Double",17 m² - 21 m²  ,Seriously ugly,0.22589708539783823,0.19829520972621523,0.5849056602669989,4
oyo 1952 hotel dewata indah,12.61153108694945,11.918390573078392,Inclusive of taxes,8.2,"North Denpasar, Bali","Free WiFi, free parking, 24-hour reception, family room, kitchen, luggage storage, balcony/terrace, 24-hour room service","Standard Family Room, Standard Twin Room, Standard Double Room, Indonesia Standard Twin, Superior Double Room, Indonesia Standard Double, reddoorz superior twin room, Standart Room Fan, Superior Twin Room, Room Assigned on Arrival",14 m² - 21 m²  ,"Budget-friendly, strategic location, friendly staff, ample parking. Cleanliness is decent.",0.22640160937821788,0.16552632903305975,0.6603773583659663,1
oyo 2122 puri sanur,12.467082146566119,12.218623552348518,Inclusive of taxes,7.8,"Sanur, Bali","Air conditioning, restaurant, swimming pool, 24-hour front desk, parking, Wi-Fi","Deluxe Double Room, Deluxe Twin Room, Standard Double Room, Standard Twin Room",12 m² - 16 m²  ,"The rooms and other things are very clean and recommended, the rest outside the room needs to be kept clean",0.2053752172343702,0.2087449841143113,0.5849056602669989,1
oyo 2184 nan berlian inn,12.337289486645723,11.875253400600698,Inclusive of taxes,7.0,"Legian, Bali","Free Wi-Fi, swimming pool, free parking, 24-hour reception, family room, room service, contactless check-in/check-out, laundry service","Standard Double Room, Standard Twin Room, Twin Indonesia Standard Twin, Double Indonesia Standard Double, Indonesia Standard Double, Standard Room, Standard Double (Partial Window), Standard Twin (Partial Window)",22 m² - 30 m²  ,Doesn't match in the picture,0.18648223430464403,0.15931671614167736,0.4339622640690637,4
oyo 2225 catur adi putra,12.09692162163103,11.848461549251832,Inclusive of taxes,7.9,"West Denpasar, Bali","Free WiFi, swimming pool, free parking, 24 hour front desk, restaurant, swimming pool airport transfer (children), luggage storage","Deluxe Family Room, Standard Twin Room, Deluxe Twin Room",14 m² - 16 m²  ,Fairly Good Budget Hotel,0.15149361496852307,0.1554600186354616,0.6037735847917409,1
oyo 2270 hotel taman wirama,12.134479968905188,11.672447407987113,Inclusive of taxes,7.8,"North Denpasar, Bali","Free Wi-Fi, free parking, 24-hour reception, family room, room service, tours, non-smoking rooms, daily housekeeping","Standard Double Room, Deluxe Family Room, Indonesia Standard Double, Guest Room#282, Guest Room#1103, Room standard, 2 Queen Bed Family Room, Room Assigned on Arrival, Family Room, Bed in dormitory STANDARD",10 m² - 17 m²  ,HOTEL PRICE AND SERVICE DO NOT MATCH,0.15696071314152152,0.13012271398879807,0.5849056602669989,4
oyo 2280 wisma guntur ii,11.8490404949436,11.6005791356451,Inclusive of taxes,8.2,"East Denpasar, Bali","Free Wi-Fi, car parking, 24-hour reception, restaurant, smoke-free property, daily housekeeping, elevator, daily disinfection in all rooms","Standard Double Room, Standard Twin Room, Indonesia Standard Double, Indonesia, Standard, Room Assigned on Arrival",12 m² - 17 m²  ,VERY COMFORTABLE,0.11541134423010685,0.11977724800706027,0.6603773583659663,4
oyo 2456 purnama house kuta,12.827968155436043,12.36593555091664,Inclusive of taxes,8.8,"Tuban, Bali","Free Wi-Fi, 24-hour front desk, family room, balcony/terrace, garden, takeaway breakfast service, laundry service, non-smoking rooms","Double Room with Terrace, Double Room with Balcony",20 m² - 20 m²  ,A budget hotel worth every penny,0.2579067949779669,0.22995060406626644,0.773584905514418,4
oyo 2580 hotel puri royan,12.63465188531058,11.941507961915175,Inclusive of taxes,7.4,"West Denpasar, Bali","Free Wi-Fi, free parking, 24-hour reception, restaurant, massage, children's pool, garden, 24-hour room service","Standard with AC (Standard AC), Standard with Fan (Standard Fan), Standard Twin Room, Single Room, Deluxe Double Room, Standard Double Room (No Window) (1 Double Bed), Double Room, Standard Room (1 double or 2 twin beds), Standard Double (Double Standard), Room Assigned on Arrival",16 m² - 28 m²  ,Not nice,0.22976713751383349,0.16885408621997813,0.5094339621680314,1
oyo 2984 berlian house ungasan,12.487119000224347,12.025084199748738,Inclusive of taxes,7.8,"Ungasan, Bali","Private beach, free Wi-Fi, swimming pool with a view, free parking, spa, express check-in/check-out, restaurant, bar","Standard Double Room, Indonesia Standard Double, Room Assigned on Arrival",12 m² - 15 m²  ,Cleanliness is still ok and lots of trees look cool,0.2082918377455955,0.18088491842468268,0.5849056602669989,4
oyo 3062 pondok wisata dewata,12.147182144257199,11.685146179584754,Inclusive of taxes,7.1,"Batubulan, Bali","Free Wi-Fi, car parking, 24-hour reception, family room, kitchen, room service, non-smoking property, daily housekeeping","Family Suite, Indonesia Suite Family, Indonesia Standard Double, Standard Double Room, Standard Twin Room, Standard Room, Room Assigned on Arrival, 2 Double Bed Family Suite, Family Room",12 m² - 18 m²  ,The hotel is no longer collaborating with OYO,0.1588096773452224,0.13195070713921164,0.4528301885938055,4
oyo 3096 hotel dewi warsiki,12.001554558339128,11.753091311448621,Inclusive of taxes,7.3,"Gilimanuk, Bali","Free wifi, Free parking, 24-hour reception, Kitchen, Luggage storage, Non-smoking property, Daily housekeeping service, Daily disinfection in all rooms","Room Assigned on Arrival, Deluxe Double Room, Indonesia Deluxe Double, Standard Double Room, Indonesia Standard Double",15 m² - 20 m²  ,Please always keep the hotel clean,0.1376117182577456,0.14173143551093595,0.4905660376432894,4
oyo 3156 hotel warta dua,12.196012208615556,11.502875129116727,Inclusive of taxes,7.5,"North Denpasar, Bali","Free Wi-Fi, spa, 24-hour reception, restaurant, airport transfer, luggage storage, 24-hour room service, tours","Standard, Standard Twin Room, Standard Room, Villa 2 Bedrooms Pool, Twin/Double Room De Luxe, Villa 3 Bedrooms - Pool, Double Room De Luxe, Suite, Twin/Double Room De Luxe Garden View, Villa 1 Bedroom Pool",12 m² - 15 m²  ,nice and close to the terminal,0.16591751821192235,0.10571271795952375,0.5283018866927732,4
oyo 3190 pondok putra bersaudara,11.875058486466719,11.626602303950422,Inclusive of taxes,6.8,"South Denpasar, Bali","Free wifi, Car parking, 24-hour reception, Kitchen, Luggage storage, Room service, Non-smoking property, Daily housekeeping service","Indonesia Deluxe Double, Room Assigned on Arrival, Deluxe Double Room",15 m² - 15 m²  ,"Bad service, no room facilities provided",0.11919859591301042,0.12352329328777265,0.39622641501957984,4
oyo 3244 grand chandra hotel,11.849390558708787,11.600927184741854,Inclusive of taxes,7.1,"West Denpasar, Bali","Free Wi-Fi, free parking, spa, 24-hour reception, restaurant, family room, balcony/terrace, garden","Standard Family Room, Standard Double Room, Standard Twin Room, Economy Single Room, Economy Double Room, Superior Room, Deluxe, Single Room",11 m² - 30 m²  ,"Strategic, close to the city center",0.11546230049176345,0.11982734981100106,0.4528301885938055,1
oyo 3261 hotel ratu,12.016557275195948,11.768094676241601,Inclusive of taxes,7.5,"West Denpasar, Bali","Free wifi, free parking, spa, 24-hour front desk, restaurant, sauna, shared kitchen, luggage storage","Deluxe Double, Standard Twin, Deluxe Twin Room, Standard Room, Indonesian Standard",10 m² - 18 m²  ,"If there were 10 stars, I would give 10 stars. Thank you for a very memorable 12 days and 11 nights",0.1397955557232021,0.14389117575540322,0.5283018866927732,4
oyo 3307 ayudia residence,12.506347593839498,12.0443122518008,Inclusive of taxes,8.2,"North Denpasar, Bali","Free Wi-Fi, car parking, 24-hour front desk, living room, balcony/terrace, garden, non-smoking rooms, daily housekeeping","Room Assigned on Arrival, Standard Single, Deluxe Room, Deluxe Double",10 m² - 10 m²  ,Clean room,0.21109080566224436,0.1836528040565098,0.6603773583659663,4
oyo 3716 dijobi,13.068340044059854,12.81987895540471,Inclusive of taxes,8.4,"Mengwi, Bali","Free Wi-Fi, air conditioning, TV, parking facilities, CCTV cameras, reception",Standard Double Room ,12 m² - 12 m²  ,"Highly recommend staying here. Everything is clean, the service is friendly, and the facilities are complete as described.",0.292896000001895,0.29529593512440927,0.6981132074154504,4
oyo 3902 pondok 828 residence,12.46260841883372,12.00057252938856,Inclusive of taxes,7.4,"South Denpasar, Bali","Free Wi-Fi, car parking, 24-hour check-in, garden, room service, non-smoking property, daily housekeeping, English language","Twin/Double Room - De Luxe, Twin/Double Room, Double Suite, Room Assigned on Arrival, Deluxe Double Room",20 m² - 30 m²  ,If only it were cleaner and more well maintained... this place is actually comfortable,0.20472400890153913,0.17735645386580168,0.5094339621680314,4
oyo 3975 gita inn,12.301755483161672,11.839722475750563,Inclusive of taxes,7.4,"North Denpasar, Bali","Free Wi-Fi, swimming pool, free parking, 24-hour reception, restaurant, family room, garden, room service","Standard Double, Deluxe Double Non Smoking, Standard Family, Standard Room, Room Assigned on Arrival, Deluxe Villa, Standard Room",12 m² - 20 m²  ,Needs complete renovation,0.18130980528083987,0.15420202557853882,0.5094339621680314,4
oyo 90022 puri kramas canggu,12.854272145117534,12.39223681004158,Inclusive of taxes,8.1,"Canggu, Bali","Free Wi-Fi, free parking, 24-hour reception, family room, kitchen, room service, non-smoking rooms, daily housekeeping","Deluxe Double Room, Deluxe Single, Twin/Double Room, Deluxe, Room Assigned on Arrival, Room Deluxe, Indonesia Deluxe Single, Indonesia Deluxe Double, Deluxe Single Room (1 Twin Bed)",20 m² - 25 m²  ,Clean and friendly,0.2617356773534487,0.23373668062949643,0.6415094338412245,4
oyo 90053 paradise inn,12.254677078166859,12.006218283443912,Inclusive of taxes,8.7,"Legian, Bali","Free WiFi, car parking, 24-hour reception, garden, room service, laundry service, non-smoking rooms, daily housekeeping","Standard Room, Indonesia Standard Double, Room Assigned on Arrival, Standard Double Room, Special Room, Single Room, Double room single room",15 m² - 17 m²  ,"Clean, safe, comfortable, friendly owner…",0.17445694085482943,0.17816916237565641,0.7547169809896759,4
oyo 90089 hotel satria syariah,11.768141162284175,11.519682584133388,Inclusive of taxes,8.8,"North Denpasar, Bali","free WiFi, free parking, family room, room service, contactless check-in/check-out, non-smoking rooms, daily housekeeping, air conditioning in public areas","Standard Double B, Deluxe Family Room, Deluxe Double Room - Type A, Deluxe Double Room, Standard Double Room, Deluxe Twin Room Non-Smoking, Deluxe Double Room A, Standard Twin Room B, Standard Twin Room, Room Assigned on Arrival",19 m² - 40 m²  ,"The hotel is nice, feels like home, is sharia-compliant, and the owner is friendly. Just improve the lighting so it looks brighter.",0.10363541089228828,0.10813215769903738,0.773584905514418,4
oyo 90291 vin stay petanu,13.120874269232885,12.872413731669612,Inclusive of taxes,7.4,"South Denpasar, Bali","Free Wi-Fi, swimming pool, 24-hour reception, room service, daily housekeeping, daily disinfection in all rooms, English, Indonesian","Deluxe Double Room, Deluxe, Double Room Double Bed, Double Room, Twin/Double Room",12 m² - 18 m²  ,Quite comfortable and worth the price,0.3005430288864961,0.3028583367655719,0.5094339621680314,4
oyo 90302 wisma damai,11.96273914191914,11.714281380161164,Inclusive of taxes,5.9,"West Denpasar, Bali","Free Wi-Fi, 24-hour check-in, room service, non-smoking property, daily housekeeping, daily disinfection in all rooms, English language, Indonesian language","Room Assigned on Arrival, Standard Suite, Indonesia Standard Double, Standard Double, Indonesia Deluxe Double, Indonesia Suite Double, Suite Double, Deluxe Double, Deluxe Suite",15 m² - 24 m²  ,"The room was not ready.. Actualy it was already rented offline, but in the app still available, After I got there the room is not ready.. How come??",0.13196163758074264,0.13614473068551255,0.22641509429690285,4
oyo 90363 nira guest house sanur bali,11.688918706818018,11.440462293236513,Inclusive of taxes,7.0,"South Denpasar, Bali","Free WiFi in all rooms, smoking area, elevator, pets allowed","Suite, Room Assigned on Arrival",15 m² - 20 m²  ,"Nice staff, welcoming and happy to assist for what was missing in the room. General maintenance of the structure is poor and average dirty. It was very interesting with a lot of nice details. Unfortunately poorely maintained. It has big potentiality. Just needs more maintenance",0.09210356849310271,0.09672836576374826,0.4339622640690637,4
oyo 90547 pondok saren anyar,11.784035984578242,11.322007060950755,Inclusive of taxes,7.4,"Mengwi, Bali","Free Wi-Fi, free parking, express check-in/check-out, room service, laundry service, non-smoking rooms, daily housekeeping, daily disinfection in all rooms","Standard Double Room, Economy Room, Deluxe Twin Room, Deluxe Double Room, Superior Double Room, Deluxe 1 Twin Bed, Deluxe, Room Assigned on Arrival, Deluxe 2 Beds",10 m² - 22 m²  ,Enough,0.1059491057226201,0.07967668863229763,0.5094339621680314,4
oyo 90576 st tama,12.463667863845545,11.770524547818273,Inclusive of taxes,8.7,"Nusa Dua, Bali","Free Wi-Fi, luggage storage, 24-hour room service, non-smoking rooms, daily housekeeping, air conditioning in public areas, CCTV in public areas, English language","Standard Double Room, Deluxe Double Room, Room Assigned on Arrival",30 m² - 33 m²  ,Spectacular,0.2048782246833537,0.1442409567215689,0.7547169809896759,4
oyo 90690 pondok dukuh,11.751335882354438,11.502875129116727,Inclusive of taxes,5.4,"Nusa Dua, Bali","Free Wi-Fi, free parking, 24-hour reception, family room, laundry service, non-smoking rooms, daily housekeeping, air conditioning in public areas","Standard Double B, Standard Double Room, Standard Double Room, Standard Double, Standard Double, Standard Double Room, Standard King Room, Standard Double, Single Room, Standard Double Room",12 m² - 20 m²  ,Price not appropriate,0.10118918729970196,0.10571271795952375,0.13207547167319333,4
oyo 90714 umah pande tabanan,11.751784872724441,11.289756913343513,Inclusive of taxes,6.0,"Tabanan Kota, Bali","Internet access, 24-hour front desk, living room, balcony/terrace, daily housekeeping, daily disinfection in all rooms, English language, Indonesian language","Suite Double Room, Standard Single Room, Deluxe Studio, Room Assigned on Arrival, Suite Family Room, Standard Double Room",21 m² - 26 m²  ,Very bad,0.10125454359489837,0.07503426723960052,0.2452830188216447,4
oyo 90810 ravaya homestay,11.701866729737386,11.239829824713368,Inclusive of taxes,5.2,"Singaraja, Bali","Free Wi-Fi, express check-in/check-out, non-smoking rooms, daily housekeeping, shop, daily disinfection in all rooms, wireless doorbell/intercom, 24-hour security","Standard Double Room, Room Assigned on Arrival, Guest Room #1632",12 m² - 16 m²  ,HOTEL HAS BEEN TRANSFERRED,0.09398831895695288,0.06784724325588312,0.09433962262370951,4
oyo 90817 elite star tukad badung,11.964873315291367,11.502844825627278,Inclusive of taxes,7.5,"South Denpasar, Bali","Free Wi-Fi, free parking, non-smoking rooms, daily housekeeping, air conditioning in public areas, soundproofing, English language, Indonesian language",Standard Double B,36 m² - 36 m²  ,"Strategic location, very close to Renon, there are lots of places to eat too",0.13227229383137565,0.10570835576033613,0.5283018866927732,4
oyo 90895 giri puspa guest hose,12.439317011423812,12.190857479723693,Inclusive of taxes,7.4,"Nusa Dua, Bali","Free Wi-Fi, 24-hour front desk, 24-hour room service, non-smoking property, daily housekeeping, ironing facilities, bottled water, English",Standard Room,32 m² - 32 m²  ,"Good place, but when you arrive the guard is not there, you have to wait.",0.2013336464351673,0.20474804707344874,0.5094339621680314,4
oyo 91204 napura homestay,12.284472465941636,12.036013595933412,Inclusive of taxes,8.2,"West Denpasar, Bali","Free Wi-Fi, free parking, 24-hour reception, family room, balcony/terrace, room service, non-smoking rooms, daily housekeeping","Deluxe Double Room, Standard Double Room, Standard Room, RedDoorz Deluxe Room, Superior Double Room",12 m² - 20 m²  ,Needs serious maintenance and updating of their descriptions,0.17879404091086262,0.182458209290663,0.6603773583659663,4
oyo flagship 2688 guntur hotel,12.653961664405365,12.405501206225887,Inclusive of taxes,7.7,"East Denpasar, Bali","Free WiFi, swimming pool, free parking, 24-hour front desk, restaurant, living room, breakfast, 24-hour room service","Family Room, Standard Double Room, Deluxe Double Room, Deluxe Twin Room, Suite Family Room ",22 m² - 23 m²,Amazing stay,0.23257792301617472,0.23564609566093073,0.566037735742257,1
oyo flagship 91062 antara sunset road,12.74605407772525,12.497592344863172,Inclusive of taxes,7.9,"South Denpasar, Bali","Free wifi, Swimming pool, Free parking, Spa, 24-hour reception, Airport transfer, Luggage storage, Garden","Special Rate Room, Deluxe Non-Smoking, Superior Double Room",16 m² - 20 m²  ,"The staff was unfriendly, the room was damp, the shower was broken, the sheets weren't changed, the lighting was poor, and there was no water. It was worth the price. Hopefully, things will improve in the future",0.24598315250971442,0.2489026511748524,0.6037735847917409,1
ozora tiying tutul hostel @canggu,11.695255355062795,11.407576060361786,Inclusive of taxes,8.1,"Canggu, Bali","Beach, free Wi-Fi, swimming pool, free parking, 24-hour reception, family room, kitchen, balcony/terrace","1 Person in 8 Bed Dormitory with Shared Bathroom Mixed, 1 Person in 10 Bed Dormitory with Shared Bathroom Mixed, Standard Dormitory Female, Single Bed in Mix Dormitory, Single Bed in Male Dormitory, Single Bed in Female Dormitory, Standard Shared Dormitory, Mixed Dorm, Pool View, Bed in 8 Bed Mixed Dormitory Room, Standard Shared Dormitory, Women only, Pool View, Bed in 6-Bed Female Dormitory Room",10 m² - 60 m²  ,Very good,0.09302594875092053,0.09199437964740036,0.6415094338412245,4
padi bali eco villas,13.703797686526647,13.41611598680538,Inclusive of taxes,8.5,"Tegallalang, Bali","Beach, free Wi-Fi, swimming pool with a view, free parking, spa, 24-hour reception, restaurant, bar","One-Bedroom Rice Paddy View with Bathtub, One-Bedroom with Rice Paddy View, Padi Room, Deluxe Double Room, One Bedroom Bungalow with Rice Paddy View and Bathtub, Deluxe Room, Signature Room, Deluxe Villa with Garden View, Rice Field View Double Room (Non-Smoking)",20 m² - 50 m²  ,Nice villa in the rice fields,0.38539499338913635,0.3811244895670924,0.7169811319401922,3
padma resort  legian,16.18239361191361,15.011210839130202,Inclusive of taxes,9.1,"Legian, Bali","Beachfront, multiple pools, luxury spa, fitness center, kids club","Deluxe Room, Premier Suite, Family Room",40 m² - 120 m²,Five star resort with complete facilities and the best service,0.7461863550635581,0.6107390189638832,0.8301886790886436,3
padma resort ubud,15.574528147664484,15.217853203725753,Inclusive of taxes,9.1,"Payangan, Bali","Infinity pool, cliffside restaurant, yoga center, spa, hiking trail",Suite Room,35 m² - 75 m²,"Very quiet and luxurious, ideal for relaxation.",0.6577037563813799,0.6404852683677306,0.8301886790886436,3
padmasari resort,14.80876270134486,14.297937324492327,Inclusive of taxes,8.7,"Lovina, Bali","Beachfront, dolphin watching, swimming pool, free WiFi","Superior Room, Deluxe Room, Suite",30 m² - 80 m²,Resort in Lovina with the experience of seeing dolphins in the morning,0.5462367942714728,0.5080630168715518,0.7547169809896759,3
paisa seminyak living,14.50356177613585,14.292841030221469,Inclusive of taxes,8.4,"Seminyak, Bali","Beach, free wifi, swimming pool, free parking, spa, 24 hour front desk, fitness center, restaurant","Standard Room, Deluxe Room, Villa Suite",25 m² - 60 m²,Stylish hotel with a strategic location in Seminyak,0.5018108931947329,0.507329403313107,0.6981132074154504,3
palm beach hotel bali,12.959846800844963,12.672165512704753,Inclusive of taxes,8.2,"Kuta, Bali","Beach, free Wi-Fi, swimming pool, free parking, spa, 24-hour front desk, restaurant, bar","Special Offer - Two Units of Superior Double or Twin Rooms, Special Offer - Two Deluxe Double or Twin Rooms, Executive Double or Twin Room with Balcony, Standard Room, Deluxe Room, Superior Room",30 m² - 60 m²  ,A quiet oasis on the beach,0.27710341979507336,0.2740325271322785,0.6603773583659663,1
pandawa hill resort,13.670254701643191,13.072418646979715,Inclusive of taxes,8.7,"Nusa Dua Beach, Bali","Beach, free wifi, swimming pool, free parking, spa, fitness center, restaurant, bar","Deluxe Room, Suite Room, Honeymoon Suite",36 m² - 50 m²,Thanks for the nice service pandawa hill,0.3805123826066478,0.33164912274236874,0.7547169809896759,3
papa sun villas,13.710151153416941,13.487007879880162,Inclusive of taxes,9.3,"Nusa Penida, Bali","Free Wi-Fi, swimming pool, free parking, 24-hour reception, restaurant, luggage storage, balcony/terrace, garden","Double Room, Deluxe Cottage 1 Bedroom Garden View, Room Assigned on Arrival, Deluxe Double Room, Deluxe One Bedroom Cottage with Pool View",16 m² - 25 m²  ,Happy holiday,0.3863198218160792,0.39132940537049365,0.8679245281381276,1
pelangi bali hotel & spa,15.009433329466965,14.72175135802525,Inclusive of taxes,8.1,"Seminyak, Bali","Beach, free Wi-Fi, swimming pool with view, free parking, spa, 24-hour reception, fitness center, restaurant","Suite, Superior, Super Deluxe, Deluxe, Suite Room, Double Or Twin Deluxe, Superior Room, Super Deluxe Room, Single Deluxe",33 m² - 135 m²  ,A solid beachfront option,0.575446972673962,0.5690712131675804,0.6415094338412245,3
peppers seminyak,16.53982779712133,16.252145746533206,Inclusive of taxes,8.3,"Seminyak, Bali","Free WiFi, swimming pool, free parking, spa, 24-hour reception, fitness center, restaurant, bar","2 Bedroom Pool Villa, 4 Bedroom Presidential Pool Villa, 3 Bedroom Presidential Pool Villa, 3 Bedroom Royal Pool Villa, One Bedroom Pool Villa, Two Bedroom Pool Villa, Villa two bedrooms, 1 Bedroom Pool Villa, Villa 2 Bedroom Pool Villa, Three Bedroom Royal Pool Villa",133 m² - 200 m²  ,Large & Centrally Located Villa,0.7982154756915794,0.7893720854301818,0.6792452828907085,0
pertiwi bisma 2,14.269766465162304,13.425797236505868,Inclusive of taxes,8.3,"Monkey Forest, Bali","Free Wi-Fi, swimming pool with a view, free parking, spa, 24-hour front desk, restaurant, bar, yoga room","Superior Room, Premier Room, Deluxe Room, Joglo House, Joglo Villa, Deluxe Suite, VILLA JOGLO HOUSE, Garden Villa, Super Deluxe Room",30 m² - 38 m²  ,The best so far,0.46777899322456273,0.3825181092573011,0.6792452828907085,3
pertiwi resorts and spa,13.805461232211272,13.29463628184505,Inclusive of taxes,8.5,"Monkey Forest, Bali","Free Wi-Fi, swimming pool, free parking, spa, 24-hour reception, fitness center, restaurant, bar","One Bedroom Pool Villa, Superior Room, Two Bedroom Pool Villa, Deluxe Double or Twin Room, Premier Room, Two Bedroom Pool Villa, Family Pool Villa, Super Deluxe Queen Room, Deluxe Double Suite",32 m² - 180 m²  ,Keep coming back!,0.40019342370386346,0.363637438408302,0.7169811319401922,0
pinggan sunrise camp,12.531115529513098,12.243435865379649,Inclusive of taxes,6.0,"Kintamani, Bali","Free parking, airport transfer, pets allowed, breakfast, tours, private check-in/check-out, taxi service, bicycles","Tent Dome, Tent, Camping Tent",1.2 m² - 1.5 m²  ,"Difficult access, almost falling into a ravine",0.21469609571618786,0.2123167263035518,0.2452830188216447,4
plagoo holiday hotel,13.413587170552374,13.037428388682331,Inclusive of taxes,8.3,"Nusa Dua, Bali","Free Wi-Fi, swimming pool, free parking, spa, 24-hour reception, fitness center, restaurant, golf course (within 3 km)","Two Bedroom Suite, One Bedroom Suite, One Bedroom Suite, Deluxe Two-Bedroom Suite, Deluxe Room, Deluxe One Bedroom Room, One Bedroom Suite, Apartment, 2 Bedrooms (1 Twin Bed), Suite, 1 Bedroom (1 Twin Bed), Standard Room",50 m² - 105 m²  ,Very good for long term stay,0.3431511382459275,0.3266122613414833,0.6792452828907085,0
plataran canggu resort and spa,15.55899865342788,14.979180295603614,Inclusive of taxes,8.8,"Canggu, Bali","Private villa with swimming pool, luxury spa, restaurant","Villa 1 Bedroom, Villa 2 Bedroom",100 m² - 150 m²,"A tranquil atmosphere in the midst of Canggu nature, ideal for relaxation",0.6554432397258202,0.6061282096646985,0.773584905514418,0
plataran menjangan resort and spa,15.287064992603373,14.999382996674376,Inclusive of taxes,8.9,"Menjangan, Bali","Private beach, free WiFi, swimming pool, free parking, spa, 24-hour reception, restaurant, bar","Oceanfront Mangrove Villa, Forest Villa, Ocean Front Mangrove Villa, Oceanfront Pool Villa, Two Bedroom Family, Room Only – Ocean Front Mangrove Villa, Honeymoon Package at One-bedroom Ocean Pool Villa, Founder's Home at Ocean Front Mangrove Villa with Free Water Sport and Trekking, Room Only – One Bedroom Forest Villa, Ocean Mangrove Villa",84 m² - 174 m²  ,perfect travel destination,0.6158598147838676,0.6090363964049076,0.7924528300391599,0
plataran ubud hotel and spa,14.642708183917543,14.35502625722341,Inclusive of taxes,8.9,"Monkey Forest, Bali","Beach, free wifi, swimming pool with view, free parking, spa, 24 hour front desk, fitness center, restaurant","Suite Room, Deluxe Room,  Founder Home, Deluxe Premier, Superior Room",18 m² - 300 m²,Friendly employees,0.5220654338487621,0.5162809911216141,0.7924528300391599,3
poh manis lembongan,13.593617474489168,12.900471542366335,Inclusive of taxes,8.6,"Nusa Lembongan, Bali","Beach, free WiFi, swimming pool with view, free parking, 24-hour reception, restaurant, bar, water sports","Deluxe Room with Ocean View, Bungalow with Ocean View, Bungalow with Garden View, Double Room with Balcony and Sea View, Bungalow Deluxe Sea View, Bungalow Deluxe Garden View, Family Bungalow, Room standard",28 m² - 65 m²  ,Great place to spend the weekend,0.36935685327786655,0.3068972696162688,0.735849056464934,1
pondok anyar hotel,13.156766736486944,12.463621488288547,Inclusive of taxes,8.0,"Kuta, Bali","Beach, free Wi-Fi, swimming pool, free parking, 24-hour reception, restaurant, bar, water park","Family 2 Bedroom, Superior Room, Standard Room, Deluxe Double, Deluxe Room (1 Double Bed), Family 2 Beds Separate Rooms, Double Room 1 Twin Bed, Family Quadruple Room Separate Rooms",20 m² - 70 m²  ,Highly recommended place,0.30576763690017406,0.2440125330516451,0.6226415093164828,1
pondok bali guest house,12.493759717969455,12.206077645517674,Inclusive of taxes,8.8,"Lovina, Bali","Free wifi, Free parking, 24-hour reception, Restaurant, Massage, Airport transfer, Balcony/terrace, Garden","Double Bed Room with Garden View (No Window), Deluxe Double Bed Room with Balcony (No Window), Deluxe Double Bed Room (No Window), Deluxe Room with Jungle View (No Window), Deluxe Double Room with Balcony, Double Room with Garden View, Deluxe Double Room",25 m² - 36 m²  ,Best for cheap rooms,0.20925847921111765,0.20693899590701334,0.773584905514418,1
pondok dukuh jati,12.206077645517674,11.918397239722838,Inclusive of taxes,8.2,"Kuta, Bali","Easy access location, disabled-friendly toilet, disabled-friendly parking, accessible rooms for disabled guests, cable TV, desk, shower, TV, reception, limited hours room service, multilingual staff, air conditioning, non smoking area, parking area","Deluxe King, Deluxe Twin",18 m² - 20 m²  ,"At that price, it's quite good and very close to the airport.",0.16738267138536503,0.16552728869914152,0.6603773583659663,4
pondok sari hotel,13.42246945133505,12.372650078151263,Inclusive of taxes,8.5,"Kuta, Bali","Beach, free Wi-Fi, swimming pool, free parking, 24-hour reception, airport transfer, family room, luggage storage","Family Room, Deluxe Room, Superior Room, Family Room, Superdeal, Room Assigned on Arrival, Superior Twin Room, Standard Room, Family Room with Shared Bathroom, Single Superior",20 m² - 35 m²  ,Hotel with super complete facilities!,0.3444440679024048,0.23091716289432157,0.7169811319401922,1
pondok sebatu ecolodge,14.180154365996387,13.82347971967645,Inclusive of taxes,8.9,"Sebatu, Bali","Free Wi-Fi, swimming pool, free parking, spa, 24-hour front desk, fitness center, restaurant, yoga room","Standard Suite, 2 Bedroom Villa Private Pool, Junior Pool Villa, Suite, Deluxe Villa, One-Bedroom Villa, Deluxe Pool View, Superior Villa, One-Bedroom Villa with Private Pool, 2 Bedroom Pool Villa",45 m² - 200 m²  ,Hidden Gem! Wow,0.4547348052028597,0.4397646586330153,0.7924528300391599,0
pondok tepi sungai,12.962196972666593,12.674515682685282,Inclusive of taxes,8.3,"Sidemen, Bali","Free Wi-Fi, swimming pool, free parking, 24-hour front desk, restaurant, water sports, massage, airport transfer","Wooden Bungalow, Superior Room, Standard Villa 2 Bedroom, Family Room",16 m² - 30 m²  ,Good and friendly privacy safe,0.27744551738468454,0.27437083502243004,0.6792452828907085,1
pop! hotel denpasar - bali,12.847929163278053,12.742568940017076,Inclusive of taxes,8.0,"North Denpasar, Bali","Free WiFi, 24-hour front desk, budget hotel","Standard Room, Superior Room",15 m² - 25 m²,Economical choice with clean and comfortable rooms,0.2608123751598549,0.28416712809765626,0.6226415093164828,4
pp dream guesthouse,12.73670383776449,12.449022745701502,Inclusive of taxes,7.5,"Singaraja, Bali","Free wifi, Free parking, 24-hour reception, Shuttle service, Kitchen, Luggage storage, Garden, 24-hour room service","Deluxe Suite, Suite Double, Indonesia Standard Double, Room Assigned on Arrival, Standard Double Room, Indonesia Suite Double",12 m² - 16 m²  ,"Value for money but need to maintained the property, door are stuck and table broken",0.24462210540523385,0.24191103833236635,0.5283018866927732,4
pradana beach inn,13.399996629152975,13.112315061750808,Inclusive of taxes,7.0,"Nusa Penida, Bali","Swimming Pool, Wi-Fi, Parking, Private Swimming Pool, Fitness Center, Air Conditioning, Airport Shuttle, 24-Hour Reception, Restaurant, Work Area, Disability Access, Heating","Deluxe Room, Deluxe Double Room with Balcony and Sea View, Deluxe Room with Sea View, Deluxe Double Room with Sea View",40 m² - 40 m²  ,Property is quite OK,0.34117286099340755,0.3373922272912499,0.4339622640690637,1
pradhana residence,12.388398368982115,12.100717685412471,Inclusive of taxes,8.3,"Tuban, Bali","Free parking, kitchen, smoking area",Apartment,15 m² - 15 m²  ,The place is clean and strategic,0.19392178629572773,0.19177238834034666,0.6792452828907085,4
praja hotel,12.621230625609238,12.410510327888836,Inclusive of taxes,8.5,"South Denpasar, Bali","Free WiFi, free parking, 24-hour front desk, restaurant, bar, golf course (within 3 km), airport transfer, family room","Deluxe Room, Twin Room, Quadruple Room, Praja Island Package",28 m² - 29 m²,Affordable choice for business trips in Denpasar,0.22781350137918302,0.2363671606882882,0.7169811319401922,1
prama sanur beach bali,14.63440938474679,13.555600579272031,Inclusive of taxes,8.5,"Sanur, Bali","Private beach, swimming pool, restaurant, fitness center, free Wi-Fi","Deluxe Room, Beachfront Suite",32m² - 60m²,"Very comfortable for family, Sanur beach is clean and quiet. Friendly service",0.5208574374091606,0.4012033513417721,0.7169811319401922,3
prana villa jimbaran,13.189730394572821,12.833055984835108,Inclusive of taxes,8.5,"Jimbaran, Bali","Free wifi, swimming pool, free parking, 24 hour front desk, living room, kitchen. hot spring pool, garden","Bedroom Villa, Standard Plus, Deluxe Room",15 m² - 160 m²,Pleasant,0.31056591925219446,0.2971927736773635,0.7169811319401922,3
prasana by arjani resorts - uluwatu,15.723997839629805,15.293215003393648,Inclusive of taxes,8.2,"Ungasan, Bali","Beach, free WiFi, free parking, spa, express check-in/check-out, restaurant, bar, yoga room","Two Bedroom Pool Villa, Two Bedroom Ocean View, Three-Bedroom Ocean View Villa, One Bedroom Ocean View, One Bedroom Pool Villa, Two Bedroom Private Pool Villa, One Bedroom Sunrise Pool Villa, Three Bedroom Ocean View, One Bedroom Private Pool Villa with Ocean View, Two Bedroom Private Pool Villa with Ocean View",97 m² - 250 m²  ,An Unrivaled Solo Escape at Prasana by Arjani Resort,0.6794609831809862,0.6513336289777711,0.6603773583659663,0
prasi sunset bungalows,13.07107218827772,12.71439814659232,Inclusive of taxes,8.9,"Nusa Penida, Bali","Free Wi-Fi, swimming pool with views, free parking, restaurant, airport transfer, balcony/terrace, garden, breakfast","Deluxe Seaview, Bungalow with Sea View, Deluxe, Deluxe Double Room, 1 Queen Bed, Sea View, Poolside, Deluxe Side View, Deluxe Bungalow, 1 Queen Bed, Partial Sea View, Deluxe Bungalow, 1 Queen Bed, Sea View, Deluxe Side View, Deluxe Side View, Deluxe Single Room with Balcony",16 m² - 19 m²  ,Excellent place,0.29329369856282556,0.2801119313389607,0.7924528300391599,1
prayatna villas,14.508658238524095,14.220976332738882,Inclusive of taxes,9.4,"Sebatu, Bali","beach, free WiFi, swimming pool, free parking, spa, 24-hour front desk, fitness center, restaurant","Family Room, Villa Garden View, Two-Bedroom Villa, 2-Bedroom Penthouse, Villa two bedrooms, Classic Villa, Room Assigned on Arrival, Family Villa, 1 Bedroom Villa, Villa with Private Pool",14 m² - 80 m²  ,Excellent value for money,0.5025527485274008,0.49698445193378515,0.8867924526628694,0
prime plaza hotel sanur â€“ bali,14.084004459303003,13.637717930071984,Inclusive of taxes,8.5,"Sanur, Bali","Large swimming pool, restaurant, spa, fitness center","Superior Room, Deluxe Room",30 m² - 50 m²,Classic hotel in Sanur with modern facilities,0.44073895561500936,0.41302417618598813,0.7169811319401922,3
prime plaza suites sanur â€“ bali,14.37014309295089,14.08246121192684,Inclusive of taxes,8.6,"Sanur, Bali","Beach, free wifi, swimming pool, free parking, spa, 24 hour front desk, fitness center, restaurant","Bedroom Suite, Apartment Bedroom",56 m² - 140 m²  ,This room is spacious so it's good,0.48239009616764394,0.4770451459838969,0.735849056464934,3
pullman bali legian beach,14.699278511355924,14.411596576645124,Inclusive of taxes,8.3,"Legian, Bali","Beach, free wifi, pool with view, free parking, spa, 24 hour front desk, fitness center, restaurant","Suite Premium Twin, Premium Deluxe Twin, Deluxe King Garden View, Premium Deluxe Ocean View",42 m² - 85 m²,Comfortable luxury hotel,0.5302999690780875,0.5244243107824552,0.6792452828907085,3
purana boutique resort,14.220976332738882,13.933294482509151,Inclusive of taxes,9.2,"Ubud, Bali","Free Wi-Fi, swimming pool, free parking, spa, 24-hour front desk, restaurant, bar, yoga room","One Bedroom Pool Villa, Two Bedroom Pool Villa, Deluxe Room, Suite, Early Booker Hot Deal - Deluxe Pool View with Free Benefit, Two-Bedroom Villa with Private Pool, Early Booker Hot Deal - One-Bedroom Villa with Private Pool, Early Booker Hot Deal - Suite Room, Early Booker Hot Deal - Two-Bedroom Villa with Private Pool",30 m² - 250 m²  ,Amazing Stay,0.4606769649621006,0.4555725367989439,0.8490566036133854,0
puri astrani by wizzela,13.89635110112857,13.629633889241994,Inclusive of taxes,8.42253807106599,"Ubud, Bali","Free Wi-Fi, swimming pool, free parking, spa, express check-in/check-out, restaurant, water sports, water park","Classic One Bedroom Villa, Two Bedroom Villa with Private Pool, Classic Two-Bedroom Villa, Classic Two Bedrooms Villa, Room Assigned on Arrival, 1 Bedroom Villa with Pool",20 m² - 100 m²  ,Villa with Private Pool and also equipped with a meeting place and there is also a place for training in the field of Culinary and Barista,0.413423607467666,0.4118604753389211,0.702365673653514,0
puri bali lovina,13.53226396753572,13.244582780038517,Inclusive of taxes,8.5,"Lovina, Bali","Private beach, free Wi-Fi, swimming pool, free parking, spa, 24-hour reception, fitness center, restaurant","Two Bedroom Pool Villa, Deluxe Ocean View, Deluxe Room Garden View, Superior Garden View, Two Bed Room Pool Villa, Villa Deluxe, Villa Deluxe Garden View, Superior Garden View, Superior with Garden View, Superior King Room with Garden View",44 m² - 59 m²  ,Great Property and Staff,0.36042606504792146,0.3564322171982796,0.7169811319401922,3
puri dajuma beach eco resort & spa,15.451825816670407,14.941000387600525,Inclusive of taxes,8.42253807106599,"Pekutatan, Bali","Private beach, free Wi-Fi, swimming pool with a view, free parking, spa, 24-hour front desk, restaurant, bar","3-Bedroom Villa, VIP Cottage, 1-Bedroom Villa, Deluxe Cottage, 2-Bedroom Villa, Deluxe Cottage, Gold Suite, Duplex Villa",35 m² - 199 m²  ,Quiet Heaven,0.6398428615793895,0.6006321969380792,0.702365673653514,0
puri karang besakih,13.458835614025542,13.17115354157376,Inclusive of taxes,8.4,"Besakih, Bali","Free Wi-Fi, swimming pool with a view, free parking, restaurant, balcony/terrace, garden, breakfast, room service","Business Bungalow Double or Twin Room, Bungalow (No Window), Bungalow (No Window, Area: 25), Room Assigned on Arrival, House for Non-Smokers, Bungalow Double or Twin Room, Bungalow Single Room Double Bed, Deluxe House",25 m² - 30 m²  ,Best location to visit the Mother temple and georgeous views,0.34973762834990996,0.34586204953114935,0.6981132074154504,1
"puri lumbung restaurant, cottage & waterpark mengwi",13.190913217434002,12.903231767479975,Inclusive of taxes,8.3,"Mengwi, Bali","Free Wi-Fi, free parking, spa, 24-hour check-in, restaurant, bar, yoga room, massage","Standard Cottage, Villa, Lumbung Heritages, Deluxe Alam Dewata Cottages / Villa, Villas, Double or Twin Room with Garden View, Taman Puri Cottages / Villa, One-Bedroom Villa Mountain View, Double Economy, Deluxe Double or Twin Room Mountain View",20 m² - 24 m²  ,Great place if you are looking for peace and space,0.31073809425915455,0.30729460510360607,0.6792452828907085,1
puri mangga sea view boutique resort and spa,13.835619020840925,13.547936948389145,Inclusive of taxes,9.1,"Lovina, Bali","Beach, free Wi-Fi, swimming pool with view, free parking, spa, 24-hour front desk, fitness center, restaurant","Deluxe Room, Family House, Superior Room, The Jungle House, Two-Bedroom Villa with Private Pool, Family Room, Family House, Luxury Villa, Lumbung, Bungalow with Fan",15 m² - 120 m²  ,Great hotel and staff,0.40458327584286563,0.400100168671425,0.8301886790886436,3
puri naga beachfront cottages,14.344036011461213,13.07107218827772,Inclusive of taxes,7.6,"Seminyak, Bali","Beach, free Wi-Fi, swimming pool, free parking, spa, 24-hour reception, restaurant, bar","Deluxe Room, Interconnecting Deluxe Double or Twin Room, Suite Room, Family Suite, Family Room, Two-Bedroom Connecting Family Room, Suite Family Room",30 m² - 92 m²  ,"The water in the shower is too little, should provide shower gel and shampoo, but the location is good, the staff is nice, the area around the hotel and the room are clean.",0.4785898762998028,0.33145529948429714,0.5471698112175151,1
puri padi hotel,13.746518400762781,13.45883704259595,Inclusive of taxes,7.3,"Monkey Forest, Bali","Free wifi, Swimming pool, Free parking, Spa, 24-hour reception, Restaurant, Bar, Water park","Standard, Superior Room, Deluxe, Deluxe Room(Terrace,Ground Floor), Superior Room, Balcony, Garden View, Room Assigned on Arrival, Single room - Superior - Garden view, Superior room with Garden View and Balcony, Superior Room, Balcony, Garden View (1 Queen Bed)",25 m² - 30 m²  ,The room is spacious and the location is good,0.3916135401490534,0.38727420229821236,0.4905660376432894,1
puri padma hotel,14.452087916136215,13.758941264676379,Inclusive of taxes,8.7,"Ubud, Bali","Spa, wellness center, swimming pool, free WiFi","Deluxe Room, Superior Room, Villa",35 m² - 80 m²,"Hotel with a calm atmosphere in Ubud, suitable for relaxation",0.49431821403324044,0.4304743227315238,0.7547169809896759,3
puri payogan resort,13.455259226368387,13.024477082262395,Inclusive of taxes,7.8,"Kedewatan, Bali","Beach, free Wi-Fi, swimming pool, free parking, spa, 24-hour reception, restaurant, bar","Suite Room with Balcony Upper Floor, Deluxe Pool Facing Room, Two Bedroom Pool Villa, One Bedroom Pool Villa, Deluxe Garden, Deluxe, Suite with Pool View, Deluxe Non-Smoking, Deluxe Room",30 m² - 60 m²  ,Good stay,0.34921703935051546,0.3247479157043866,0.5849056602669989,0
puri sading hotel,13.752213932022203,13.235695634133526,Inclusive of taxes,8.2,"Sanur, Bali","beach, free WiFi, swimming pool, free parking, 24-hour reception, restaurant, bar, airport transfer","Superior Room, Deluxe Garden View, Deluxe Pool View, Deluxe Double Room, Pool View, Double Room with Pool View, Deluxe Single Room Garden View, Superior Single Room, Deluxe Smoking Room, Room Assigned on Arrival",23 m² - 32 m²  ,Fantastic staff,0.39244259762369005,0.3551529090607849,0.6603773583659663,1
puri saron seminyak,14.873301199334291,14.219375052440284,Inclusive of taxes,8.3,"Seminyak, Bali","Beach, free wifi, swimming pool, free parking, spa, 24 hour front desk, restaurant, bar","Deluxe Double Room, Super Deluxe Room, Junior Suite Room, Chalet Deluxe, Deluxe Cottage, Bedroom Pool Villa, ",27 m² - 90 m²  ,Love of Puri Saron,0.5556311987129283,0.49675394700697223,0.6792452828907085,3
puri sunset homestay,12.847929163278053,12.560247968016562,Inclusive of taxes,8.8,"Munduk, Bali","Free Wi-Fi, free parking, 24-hour front desk, restaurant, bar, massage, airport transfer, family room","Room Assigned on Arrival, Standard, Deluxe Double Room, Standard Family Room, Standard, Deluxe Double or Twin Room with Balcony",16 m² - 20 m²  ,We had a wonderful stay,0.2608123751598549,0.2579219526937934,0.773584905514418,1
puri surya hotel,12.81584093453868,12.52815976788113,Inclusive of taxes,7.6,"Seririt, Bali","24-hour reception, baggage storage, Wi-Fi in public areas, massage room, smoking area, room service",Deluxe Room,30 m² - 30 m²  ,"The place is comfortable but the facilities are not well maintained, the taps and showers are mostly broken. Hopefully the next time I stay here the facilities will be better.",0.25614152275425717,0.2533028437031597,0.5471698112175151,4
puri taman sari resort,13.7509731034928,13.540252322382612,Inclusive of taxes,8.4,"Marga, Bali","Beach, free Wi-Fi, swimming pool with view, free parking, spa, 24-hour reception, restaurant, yoga room","Suite, Rice Terrace Suite, Bamboo House, Deluxe Room, Bamboo, Bamboo Room, Guest Room, Room Assigned on Arrival",16 m² - 60 m²  ,The location is very good especially for newly married couples.,0.39226197914927785,0.3989939637447971,0.6981132074154504,3
puspa graha villatel,12.729323752253295,12.44164266745242,Inclusive of taxes,8.3,"Jimbaran, Bali","Free Wi-Fi, car parking, 24-hour reception, airport transfer, shared kitchen, laundry service, daily housekeeping, keyless access","Standard Room, Puspa Graha Villa",25 m² - 40 m²  ,Good,0.24354783949783643,0.24084867317483072,0.6792452828907085,4
putri homestay,13.458835614025542,13.17115354157376,Inclusive of taxes,8.3,"Sanur, Bali","free WiFi, free parking, 24-hour reception, restaurant, airport transfer, kitchen, balcony/terrace, garden","Suite with Private Pool, Standard Double Room, Double Room with Double Bed, 1 Bedroom Villa, Room Assigned on Arrival, Standard Room, Standard Suite with Private Pool, Standard Twin Room",42 m² - 56 m²  ,A great place,0.34973762834990996,0.34586204953114935,0.6792452828907085,1
putu guest house 2,13.508791085355329,13.26546755437278,Inclusive of taxes,8.5,"Canggu, Bali","Beach, free Wi-Fi, swimming pool with views, free parking, 24-hour reception, bar, water sports, water park","Superior Room, Family Room, Quadruple Room, FAMILY QUEEN BED 2 BEDS, Double Room, Triple Room Family, Twin/Double Room - Superior - No Window, Family Room (No Window), Family Room (No Window), Double Room",30 m² - 36 m²  ,Good budget accommodation,0.35700928660592335,0.359438588652197,0.7169811319401922,1
radha homestay,12.948012371209098,12.660331092405906,Inclusive of taxes,8.7,"Sanur, Bali","Beach, free Wi-Fi, spa, 24-hour reception, restaurant, bar, water sports, golf course (within 3 km)","Superior Deluxe Double or Twin Room, Deluxe Double Room, Standard Double Room, Room Assigned on Arrival",20 m² - 24 m²  ,Amazing location,0.2753807670870499,0.27232895769022114,0.7547169809896759,1
radha phala resort & spa,14.231916265523678,13.72109108136605,Inclusive of taxes,8.9,"Ubud, Bali","Free WiFi, swimming pool, free parking, spa, 24-hour reception, restaurant, bar, yoga room","Super Deluxe Room, Interconnecting Room, Super Deluxe Twin, Super Deluxe Room 2 Single bed",32 m² - 64 m²  ,Nice and affordable small resort,0.462269412204358,0.4250257740037058,0.7924528300391599,3
radisson blu bali uluwatu,15.032172809623459,14.86965393239931,Inclusive of taxes,8.5,"Pecatu, Bali","Beach, free wifi, swimming pool, free parking, spa, 24 hour front desk, fitness center, restaurant","Deluxe Room, Deluxe Room Panoramic, Studio Suite, Deluxe Room Terrace, Deluxe Room Ocean View, Bedroom Suite Ocean View",58 m² - 148 m²  ,Best Accommodation,0.5787569950642187,0.5903618467383531,0.7169811319401922,3
rahayu guest house ubud,12.281407364921717,12.070688108321969,Inclusive of taxes,9.2,"Ubud, Bali","Free Wi-Fi, free parking, 24-hour front desk, bar, massage, airport transfer, family room, kitchen","Suite, Family Room, Deluxe Room, Family Room - 4 Adults, Family Suite, Standard Cottage, Room Assigned on Arrival",21 m² - 49 m²  ,Worth recommending,0.17834787622571993,0.18744961894417522,0.8490566036133854,1
rai house sanur,12.388398368982115,12.165255859329688,Inclusive of taxes,8.7,"Sanur, Bali","Beach, free Wi-Fi, swimming pool, free parking, 24-hour reception, bar, golf course, massage","Standard Double or Twin, Deluxe Double Room, Deluxe Twin Room, Superior Double Room, Superior Twin Room, Standard Double Room, Deluxe Room Multiple Beds, Superior Room, Twin Suite, Standard Double or Twin Room",19 m² - 32 m²  ,Affordable and clean,0.19392178629572773,0.20106268377985095,0.7547169809896759,1
rama beach resort & villas,15.008711554116921,14.632476301464939,Inclusive of taxes,8.6,"Kuta, Bali","Beach, Free wifi, Swimming pool, Free parking, Spa, 24-hour reception, Fitness center, Restaurant","Deluxe Double or Twin Room, Grand Deluxe, Family Villa, Premier Deluxe Cottage, One Bedroom Villa with Garden View and Free 60 mins Balinese Massage for 2 pax, Family Room, Garden View Villa, Pool Villa, Suite Pool Villa, Deluxe Room",48 m² - 70 m²  ,Amazing place to stay,0.5753419090334153,0.5562200337727683,0.735849056464934,0
rama residence padma,14.93325008250442,14.103544068654402,Inclusive of taxes,8.9,"Legian, Bali","Beach, free Wi-Fi, swimming pool with a view, free parking, 24-hour reception, fitness center, restaurant, bar","Deluxe Premier, Studio Room, Family Suite with Daily Afternoon Tea and Fully Equipped Kitchenette, One Bedroom Suite, Family Suite, Family Room, Suite Two Beds, One Bedroom Suite, Family Room Family Suite, Suite Standard",34 m² - 71 m²  ,Great for families,0.56435752597276,0.4800800314759938,0.7924528300391599,3
ramada by wyndham bali sunset road kuta,13.655534275550876,13.367852203099094,Inclusive of taxes,8.2,"Kuta, Bali","Beach, free wifi, swimming pool, free parking, spa, 24 hour front desk, fitness center, restaurant","Suite Presidential, Deluxe Room, Junior Suite",30 m² - 60 m²,Best hotel for value in central location,0.3783696361751394,0.37417689897931294,0.6603773583659663,3
ramada encore by wyndham bali seminyak,14.311730638168724,13.713894135544681,Inclusive of taxes,8.6,"Seminyak, Bali","Outdoor pool, restaurant, bar, free Wi-Fi, fitness center","Superior Room, Deluxe Room",22m² - 28m²,"Strategic location in Seminyak, suitable for family or couple. Affordable price with adequate facilities",0.47388741572516196,0.423989770830942,0.735849056464934,3
ramaya ubud view by eps,12.502172935154075,12.396812832669962,Inclusive of taxes,7.5,"Payangan, Bali","Free Wi-Fi, Free parking, Front desk [24-hour], Yoga room, Airport transfer, Shared kitchen, Luggage storage, Balcony/Terrace","Shocking Deal - Double Bedroom with Garden View, Double or Twin Room with Garden View, Extra Bed at Double Bedroom with Garden View",14 m² - 14 m²  ,The room was big enough but the mattress has no protector and the bedding is of poor quality. The bathroom desperately needs a proper clean. We had to clean the shower filter to allow water to pass then find out there no hot water. Survived 2 days and left before during our last night,0.21048313065712843,0.23439540088101865,0.5283018866927732,1
ramayana candidasa,15.174883518339698,13.9972285993461,Inclusive of taxes,8.7,"Candidasa, Bali","Beach, free Wi-Fi, swimming pool with a view, free parking, spa, 24-hour reception, fitness center, restaurant","Family Room (2 adults + 2 children), One Bedroom Suite, Ocean Facing Cottage, Deluxe Room, Premier Garden Suite, Garden Cottage, Junior Suite, Premier Ocean Suite, Junior Studio Suite, One Bedroom Loft",32 m² - 85 m²  ,A wonderful resort in tranquil East Bali,0.5995303653404629,0.4647758779849049,0.7547169809896759,3
ramayana suites & resort,14.352004513273993,14.037293984728302,Inclusive of taxes,8.6,"Kuta, Bali","Swimming pool, restaurant, free Wi-Fi","Bedroom Suite, Bedroom Family Suite, Grand Deluxe, Sita Presidential Suite, Deluxe Interconnection Family Room, Lumbung Pool Suite, Resort Suites with Garden View",37 m² - 90 m²  ,A great hidden gem hidden in plain sight,0.47974979373131765,0.47054330591950533,0.735849056464934,3
ramp cottage,12.89921982609012,12.611537753638338,Inclusive of taxes,8.3,"Nusa Penida, Bali","free WiFi, free parking, 24-hour reception, shuttle service, family room, balcony/terrace, garden, breakfast","Double Room, Deluxe Double Room (2 Adults + 1 Child)",30 m² - 40 m²  ,"The place is comfortable, clean, the facilities are ok and function well, close to the tourist attractions of Kelingking Beach, Brocken Beach and Paluang Cliff, the cottage owner is also friendly and kind, see again, thanks",0.26827838762586825,0.2653051374437422,0.6792452828907085,4
rantun's place,13.636509482266185,13.250848056767198,Inclusive of taxes,8.0,"Nusa Dua Beach, Bali","Free Wi-Fi, swimming pool, free parking, spa, 24-hour reception, restaurant, golf course (within 3 km), massage","Deluxe Room, Superior Room",18 m² - 21 m²  ,So nice place,0.375600334005127,0.3573341062398624,0.6226415093164828,2
regali villas,15.374890202525203,14.635087725750877,Inclusive of taxes,8.2,"Canggu, Bali","Beach, Free wifi, Swimming pool, Free parking, Spa, 24-hour reception, Restaurant, Bar","Two Bed Room Private Pool Villa, Three-Bedroom Pool Villa, One Bed Room Villa, One-Bedroom Pool Villa, Superior Double Room, Long Stay Offer at One-Bedroom Pool Villa, Deluxe Pool Villa, One Bedroom Deluxe Villa with Private Pool, Long Stay Offer at Deluxe Pool Villa, Three Bedroom Deluxe Villa with Private Pool",140 m² - 270 m²  ,"The villa is nice with the private pool. Staff are friendly and helpful, we enjoyed our stay here but breakfast is small portions compare to the price that you paid",0.628643898204844,0.556595949322616,0.6603773583659663,0
relax bali dive & spa resort,14.311087509422759,14.023405640044063,Inclusive of taxes,9.1,"Tulamben, Bali","Beach, free Wi-Fi, swimming pool with a view, free parking, spa, 24-hour check-in, fitness center, restaurant","Deluxe Bungalow with Sea View, Deluxe Bungalow, Superior Bungalow, Villa, Superior Double Room, Deluxe Double or Twin Room, Private Pool Villa, BUNGALOW Deluxe Bungalow (1 Queen Bed and 2 Twin Beds), Family Deluxe Bungalow, Standard Double or Twin Room",20 m² - 208 m²  ,Amazing dive resort,0.47379380010447436,0.4685440732568682,0.8301886790886436,1
rena segara house,12.646406060078228,12.168370778346162,Inclusive of taxes,8.1,"Kuta, Bali","Free WiFi, free parking, spa, 24-hour reception, restaurant, bar, massage, airport transfer","Deluxe Double, Deluxe Twin, Deluxe Room, Deluxe Double or Twin Room, Superior Double or Twin Room, Deluxe Double or Twin Room, Deluxe Room, Deluxe",16 m² - 32 m²  ,cheap and close to the airport/Kuta,0.23147810809856745,0.20151107759356948,0.6415094338412245,1
renaissance bali uluwatu resort & spa,17.77042702374513,17.48274496406686,Inclusive of taxes,9.0,"Ungasan, Bali","Luxury resort, ocean view, infinity pool, fine dining","Deluxe Room, Suite, Villa",60 m² - 250 m²,Luxury resort with spectacular sea views,0.9773449441545657,0.9665173252873714,0.8113207545639017,3
respati beach hotel,14.690979295318174,14.403297222866392,Inclusive of taxes,8.5,"Sanur, Bali","Private beach, free Wi-Fi, swimming pool, free parking, 24-hour front desk, restaurant, massage, airport transfer","Superior Double or Twin Room, Deluxe Double or Twin Room, Deluxe Room (Ground Floor), Deluxe Room, Ground Floor",22 m² - 26 m²  ,"Nice rooms, beachfront, affordable prices, strategic location. Overall, I was satisfied.",0.5290919119581587,0.5232296155519969,0.7169811319401922,1
restu bali hotel,11.85699732260929,11.569315250157509,Inclusive of taxes,8.4,"Legian, Bali","Beach, free Wi-Fi, swimming pool, free parking, spa, 24-hour reception, restaurant, massage","10 Mixed Dormitory Room, Deluxe Room, Superior Room, Budget Room, Deluxe Room - Room Only, Standard, Shared Dormitory, Shared Dormitory, Family Room",16 m² - 56 m²  ,"Best, Affordable, and Good Service",0.11656956234008986,0.1152767994331803,0.6981132074154504,4
rijasa agung resort & villas,14.384605844570936,14.096923772119156,Inclusive of taxes,8.8,"Payangan, Bali","Free Wi-Fi, swimming pool with a view, free parking, 24-hour reception, restaurant, massage, airport transfer, family room","One Bedroom Villa with Private Pool, Deluxe Room, Deluxe Suite, Garden Villa With Pool, Agung Suite, Two Bedroom Villa, Agung Villa, Rijasa Villa, Family Room, Agung Suite with Plunge Pool Non smoking",50 m² - 110 m²  ,Amazing stay!! Great staff,0.4844953347816148,0.4791270371940599,0.773584905514418,0
rimba by ayana bali,15.178613310673178,14.890931323509946,Inclusive of taxes,9.0,"Jimbaran, Bali","Swimming pools, spa, restaurant, bar, fitness center, free shuttle",Suite Room,30 m² - 70 m²,"The best stay experience, perfect for a romantic getaway",0.6000732843539964,0.5934247355311667,0.8113207545639017,3
risata bali resort & spa,13.68767832281738,13.331003865890963,Inclusive of taxes,8.4,"Kuta, Bali","Beach, free Wi-Fi, swimming pool, free parking, spa, 24-hour reception, fitness center, restaurant","Junior Suite, Deluxe Garden View, Superior Room, Studio Room, Deluxe Room, Deluxe Room with Balcony, Deluxe, Superior Room",26 m² - 58 m²  ,"The most convenient location, vegetarian breakfast",0.3830486136818092,0.3688725663907101,0.6981132074154504,3
rise apartment sanur,12.935939818893209,12.648258549729446,Inclusive of taxes,8.0,"Sanur, Bali","Room service, Salon, Shop, Cash withdrawal","Rise Apartment, Rise Apartment 6, Rise Apartment 1, Rise Apartment 4, Rise Apartment 5, Rise Apartment 7, Rise Aparment 8",30 m² - 40 m²  ,"Clean room, cool atmosphere because there are lots of trees in front of the room, clean pool",0.27362345257510284,0.2705911104385434,0.6226415093164828,4
rita za hotel,12.18627291822979,11.829603074263261,Inclusive of taxes,6.5,"Legian, Bali","swimming pool, 24-hour reception, free WiFi","Family Room, Standard Room (with AC)",15 m² - 20 m²  ,The room is not comfortable and not clean,0.16449983983843966,0.1527453337668278,0.3396226414453542,4
royal casa ganesha resort & spa,14.395489600328839,13.57450976087161,Inclusive of taxes,8.5,"Ubud, Bali","Free Wi-Fi, swimming pool with a view, free parking, spa, 24-hour front desk, fitness center, restaurant, bar","Two Bedroom Pool Villa, Suite Room, Deluxe Triple Room, Deluxe Double Garden View, Two Bedroom Pool Villa, Deluxe Pool View, Grand Deluxe Queen Room, One-Bedroom Pool Villa, Pool Villa, Deluxe Twin Room",30 m² - 225 m²  ,Highly recommended place for everyone,0.4860796047385713,0.40392533544694154,0.7169811319401922,0
royal regantris kuta,13.050833003465145,12.840111866060523,Inclusive of taxes,8.6,"Kuta, Bali","Free WiFi, swimming pool, rooftop bar, restaurant","Standard Room, Superior Room, Deluxe Room",20 m² - 45 m²,The ideal choice for a budget holiday in Kuta,0.2903476261623519,0.2982084705462313,0.735849056464934,1
royal retreat villas lembongan,13.304686600863562,13.017005083966255,Inclusive of taxes,9.0,"Nusa Lembongan, Bali","Free WiFi, swimming pool, free parking, spa, 24-hour reception, fitness center, restaurant, bar","Deluxe Room (Double Or Twin), Deluxe Room, Room Assigned on Arrival, Double Com, Deluxe Room, Deluxe Room (Window)",25 m² - 30 m²  ,This is an amazing property,0.3272992664572605,0.3236723186200369,0.8113207545639017,1
rumah roda home stay,14.091451471987973,13.017007306181071,Inclusive of taxes,8.9,"Ubud, Bali","Free Wi-Fi, free parking, 24-hour front desk, massage, family room, shared kitchen, luggage storage, balcony/terrace","Budget Double Room, Standard Double Room, Budget Single Room, Twin Bed Room, Dormitory",16 m² - 25 m²  ,"The accommodation is very homey, comfortable and has easy access to everything.",0.44182296362918283,0.3236726385087309,0.7924528300391599,1
s18 bali villas,15.15353363277433,14.703332677124273,Inclusive of taxes,8.9,"Legian, Bali","Free wifi, swimming pool, free parking spa, 24 hour front desk, restaurant, massage, airport transfer","One-Bedroom Villa, Two-Bedroom Villa",100 m² - 300 m²,Romantic villa with private pool in Legian,0.5964226162290303,0.5664198368302902,0.7924528300391599,3
sahaja sawah resort,14.631318193542185,14.34363626851772,Inclusive of taxes,9.2,"Selemadeg, Bali","Beach, free Wi-Fi, swimming pool, free parking, spa, 24-hour front desk, fitness center, restaurant","Sawah C2 - Two Bedroom Deluxe Apartment, Sawah B3 - Two Bedroom Deluxe Apartment, Villa Deluxe, Sawah D1 - Two Bedroom Deluxe Apartment, Sawah A1 - Two Bedroom Deluxe Apartment, Sawah C4 - Two Bedroom Deluxe Apartment, Two-Bedroom Apartment, Sawah B4 - Three Bedroom Deluxe Apartment, Indah 3 - Two Bedroom Villa With Private Plunge Pool, Indah 4 - Two Bedroom Villa With Private Plunge Pool, Indah 2 - Two Bedroom Villa With Private Plunge Pool, Sahaja 6 - Two Bedroom Villa With Private Pool, Villa for 4 People, Private Villa with Swimming Pool, 2-Bedroom House",86 m² - 288 m²  ,"Highly recommend. Super close to a beautiful beach. Cleanest we saw on Bali. Beautiful large room, staff was very kind. I’d love to come back :)",0.520407474963696,0.5146413977816444,0.8490566036133854,0
sahera  hotel karangasem,13.505355175114877,13.217673557208654,Inclusive of taxes,9.0,"Amed, Bali","beach, free Wi-Fi, swimming pool with view, free parking, 24-hour front desk, restaurant, massage, airport transfer","Standard Double Room, Deluxe Room with Ocean View, Standard Double Room with 6 Bedrooms and Ocean View, Deluxe Room, Room Assigned on Arrival, Standard Room with 6 Bedrooms and Ocean View, Deluxe Room (No Window, Area: 16), Suite (No Window), Double Room with 2 Double Beds, 6 Bedrooms, Sea View for Non-Smokers",16 m² - 28 m²  ,recommended for family,0.35650914589256766,0.3525586240213554,0.8113207545639017,1
samabe bali suites & villas,15.787633418030119,15.625114529462085,Inclusive of taxes,9.0,"Nusa Dua Beach, Bali","Private beach, infinity pool, spa, 24-hour butler service, fitness center, free parking","Ocean Front Suite, Honeymoon Suite, Royal Villa",90 m² - 300 m²,One of the best places for honeymoon with luxury services,0.6887239561193462,0.6991106958864561,0.8113207545639017,3
samana residence denpasar,12.873904582205107,12.586223364451623,Inclusive of taxes,8.3,"South Denpasar, Bali","Free Wi-Fi, free parking, 24-hour reception, fitness center, kitchen, luggage storage, room service, business center","Suite Room, Superior Room, Elite Studio Suite, Superior Room Special Offer, Double Suite with Bathtub, Superior Room, Studio Suite, Deluxe Room",20 m² - 36 m²  ,Extraordinary,0.26459342985649414,0.2616611211950514,0.6792452828907085,1
samsara homestay,12.375984182247446,12.088302109795666,Inclusive of taxes,9.2,"Kintamani, Bali","Free Wi-Fi, free parking, balcony/terrace, garden, breakfast, tour, contactless check-in/check-out, laundry service","Lumbung Cabin, Desa Room with Shared Bathroom, Samsara Room, Basic Room, Shared Bathroom, Garden View, Deluxe Cabin, Pool View, Room Assigned on Arrival",10 m² - 18 m²  ,Beautiful Room with View and Great Staff,0.19211474252138508,0.18998516136240995,0.8490566036133854,4
samudra boutique hotel and villa,12.392406973710386,12.10472628458441,Inclusive of taxes,8.0,"Kuta, Bali","Free Wi-Fi, swimming pool, parking, 24-hour reception, fitness center, restaurant, family room, shared kitchen","Superior Double or Twin Room, Deluxe Double or Twin Room, Deluxe No Lift Facilities",18 m² - 50 m²  ,"Good location, quite comfortable room",0.19450529002197622,0.1923494277628385,0.6226415093164828,1
samuh ocean sunset hotel by wizzela,13.910537061172562,13.553862636861599,Inclusive of taxes,8.1,"Nusa Penida, Bali","Free Wi-Fi, pool with a view, free parking, spa, express check-in/check-out, restaurant, bar, shuttle service","Deluxe Twin Room, Deluxe Room with Ocean View, Deluxe Pool Access, Standard Suite Double Sea View, Grand Deluxe Room with Ocean View, Executive Room, Grand Deluxe Twin Room, Twin Suite, Grand Deluxe Double Room with Ocean View, Grand Deluxe Twin Room with Ocean View",32 m² - 100 m²  ,Good place,0.4154885555249544,0.40095317385037804,0.6415094338412245,1
sang tirta farm living resort,13.135611235729835,12.847929163278053,Inclusive of taxes,8.8,"Penebel, Bali","Free wifi, Swimming pool with view, Free parking, Express check-in/check-out, Restaurant, Massage, Family room, Pets allowed","Villa Pisang, Villa Bambu, Villa Miana, Villa Padi, Villa Lumbung, Villa Papaya, Papaya Room, Padi Room, Villa Pepaya 2, Villa Matahari",16 m² - 70 m²  ,Very good,0.3026881829856075,0.29933377354569984,0.773584905514418,2
sanur agung hotel,12.71439814659232,12.491255347155265,Inclusive of taxes,7.9,"Sanur, Bali","Budget-friendly, swimming pool, free WiFi","Standard Room, Deluxe Room",20 m² - 35 m²,Economical choice to stay in Sanur,0.24137522655391816,0.24799043787018982,0.6037735847917409,4
sanur agung suite,13.333435966916156,12.717251207006322,Inclusive of taxes,8.0,"Sanur, Bali","Free Wi-Fi, swimming pool, free parking, 24-hour reception, restaurant, airport transfer, children's swimming pool, luggage storage","Suite with Balcony, Executive Triple Room, Executive Triple Room, Suite Room, Deluxe Double or Twin Room with Balcony, Deluxe Room Only, Deluxe Room, Room Assigned on Arrival, Suite Room, Suite Triple",20 m² - 32 m²  ,Worth to stay,0.33148410466309763,0.28052263050418397,0.6226415093164828,1
sanur ayu hotel,12.704827712351344,12.417147664184915,Inclusive of taxes,7.7,"Sanur, Bali","Free WiFi, swimming pool, free parking, 24-hour reception, airport transfer, luggage storage, tours, taxi service","Deluxe Double Room, Standard Room, Standard Double Room No Window, Deluxe Twin Room, Standard Room Only, Deluxe Room, Standard Room, Standard Room-No Window, Standard Room Only, Room Assigned on Arrival",12 m² - 20 m²  ,"Just so-so, the room is small, the cleanliness is not very good either",0.23998212735358035,0.23732260785047488,0.566037735742257,1
sanur guest house,12.736700896592344,12.449018824140563,Inclusive of taxes,7.9,"Sanur, Bali","Beach, free Wi-Fi, swimming pool, free parking, 24-hour reception, restaurant, bar, massage","Superior Twin, Superior Double, 2 x Single Bed Room, Basic Room, Superior Room, Dormitory, Basic Shared Dormitory (1 Twin Bed, Non Smoking, Pool View), Standard Twin, Standard Room (1 Double Bed), Standard Double",20 m² - 30 m²  ,Amazing!,0.24462167727998269,0.2419104738221316,0.6037735847917409,1
sanur seaview hotel,13.403626391713884,12.858900309473361,Inclusive of taxes,7.7,"Sanur, Bali","Free Wi-Fi, swimming pool, free parking, 24-hour reception, restaurant, water sports, golf course (within 3 km), massage","Deluxe, Junior Suite Pool View, Superior, Two Bedroom Villa, Junior Suite Garden View, Superior Room With Extrabed, Junior Suite, Junior Suite, Non Smoking, Pool View, Superior Room - Non-Smoking, Junior Suite, Non Smoking, Sea View",20 m² - 150 m²  ,"Quiet, clean, old style",0.34170121939321435,0.3009130743420803,0.566037735742257,3
sapta petala,12.977175742544011,11.982929094215963,Inclusive of taxes,8.6,"Kuta, Bali","Free WiFi, free parking, 24-hour reception, luggage storage, balcony/terrace, taxi service, non-smoking rooms, AC in public areas","Deluxe Room, Deluxe Double Room, Superior Room, Superior Double Room, Special Offer - Superior Double Room, Special Offer - Deluxe Double Room, Standard Double Room, Room Assigned on Arrival",21 m² - 28 m²  ,The room was clean and had a balcony. There were also many vendors in front of the hotel. We highly recommend staying here.,0.27962586906078024,0.17481667445507013,0.735849056464934,1
sari bamboo villas,15.014420869470392,14.909060387315076,Inclusive of taxes,8.5,"Sayan, Bali","Free Wi-Fi, swimming pool, free parking, 24-hour reception, restaurant, airport transfer, kids club, kitchen","Two Bedroom Villa with Private Pool, 2 Bedroom Villa with Garden View and Balcony, Two-Bedroom Two Story Garden View Villa, Two-Bedroom Private Pool Villa, Two Story Villa, Two Story 2-Bedroom Suite, Two-Bedroom Garden View Villa, One Bedroom Villa, Villa with Private Pool",40 m² - 200 m²  ,Best stay,0.57617297295937,0.5960344213739567,0.7169811319401922,0
sari indah cottages,12.76146524262129,12.283431755574508,Inclusive of taxes,8.4,"Legian, Bali","free WiFi, pool with a view, free parking, 24-hour reception, airport transfer, family room, balcony/terrace, garden","Standard Double Room, Family Room, Standard Twin Room, Superior Double Room, Standard Double Room with Fan, Twin Room, Standard Room, Room Assigned on Arrival",16 m² - 50 m²  ,Good enough for an overnight stay,0.24822644481520117,0.21807415037868652,0.6981132074154504,1
sari villa ubud,13.815510557964274,13.321214236149494,Inclusive of taxes,8.7,"Kedewatan, Bali","Free wifi, swimming pool with view, free parking, 24-hour front desk, restaurant, airport transfer, family room, luggage storage","Deluxe Double Room, Superior Triple, Suite Ocean View, Deluxe Triple Room",28 m² - 32 m²  ,I really like the Balinese vibes,0.40165623169333814,0.36746334535110853,0.7547169809896759,1
sariqu house,12.319137903286043,12.031457319320449,Inclusive of taxes,8.7,"Kuta, Bali","Internet access, Salon, Taxi service, Smoking area, Shop, Cash withdrawal",Standard Room,15 m² - 15 m²  ,The place is quite clean. The AC and hot water are OK.,0.18384003901584828,0.18180233148580252,0.7547169809896759,4
sativa sanur cottages,13.641158361294979,13.353476685668044,Inclusive of taxes,8.0,"Sanur, Bali","Beach, free Wi-Fi, swimming pool, free parking, spa, 24-hour reception, fitness center, restaurant","Deluxe Garden View Room, Deluxe Pool View, Deluxe Pool Access Room, Deluxe Room, Deluxe Double or Twin Room With Extra Bed, Deluxe Double or Twin Room, Deluxe Double or Twin Room",20 m² - 34 m²  ,Sativa Cottages Sanur Fulfills It All,0.3762770378509934,0.3721075376087618,0.6226415093164828,1
sayang residence i,12.864343661702689,12.386308695833106,Inclusive of taxes,7.2,"West Denpasar, Bali","Free wifi, Free parking, Airport transfer, Balcony/terrace, Garden, 24-hour room service, Laundry service, Bicycle","Angrek, Anggrek, Deluxe Room, Mawar, Anggrek Room, Room Assigned on Arrival",20 m² - 49 m²  ,Small room with spacious back veranda,0.2632017155025743,0.23288332626489233,0.47169811311854754,4
scuba tribe bali,12.847929163278053,12.385895249206726,Inclusive of taxes,9.3,"Tulamben, Bali","free Wi-Fi, swimming pool, free parking, 24-hour front desk, restaurant, bar, airport transfer, family room","Family Room, Double Room, Deluxe Double or Twin Room with Pool View, Single Bed in Dormitory Room, Traditional Dormitory, Bed in Dormitory (2 rooms, 4 single beds each), Junior Suite Deluxe Poolview Queensize with breakfast, Junior Suite Deluxe Poolview Twinbed with breakfast",22 m² - 36 m²  ,The best place to stay if you want peace and good diving,0.2608123751598549,0.23282381046092077,0.8679245281381276,1
sea breeze candidasa bali,14.92736840232972,14.639686439527019,Inclusive of taxes,8.7,"Candidasa, Bali","Private beach, free WiFi, swimming pool with view, free parking, spa, express check-in/check-out, restaurant, bar","Wooden Chalet, Superior Room Sea View From The Terrace, Wooden Cottage Sea Front, Sea Breeze Suite Seafront 2, Sea Breeze Suite Seafront 1, Standard - 1 Queen Bed, Sea Breeze Suite",38 m² - 90 m²  ,The view here speaks for itself; it's so peaceful. The huts are unique and feel like home.,0.5635013721408955,0.5572579359737548,0.7547169809896759,3
sea terras suite and luxury,14.081714365022162,13.483877991225112,Inclusive of taxes,8.7,"Nusa Penida, Bali","Beach, free Wi-Fi, swimming pool, free parking, 24-hour reception, restaurant, airport transfer, kitchen","Junior Suite Room, Deluxe Double Room with Bathtub, Suite, Room Assigned on Arrival, Deluxe Double Bed Room, Run of House, Deluxe Suite with Sea View, Double, Twin/Double Room, Deluxe Suite Water View",24 m² - 30 m²  ,Beautiful and quiet hotel with sea view,0.44040560308042126,0.39087885667143285,0.7547169809896759,1
seahouse bali indah beach inn,13.017005083966255,12.586223364451623,Inclusive of taxes,9.0,"Legian, Bali","Free wifi, Car parking, Spa, 24-hour reception, Restaurant, Bar, Yoga room, Massage","Deluxe Suite, Penthouse Deluxe Suite king bed, Deluxe Penthouse Suite, Room Assigned on Arrival, Standard Room, Standard Room (No Window), Penthouse Suite (No Window)",20 m² - 80 m²  ,"nice, neat, clean and well managed hotel",0.28542353949957255,0.2616611211950514,0.8113207545639017,1
sebrang hill bungalow,12.611541086966115,12.323860125621126,Inclusive of taxes,9.3,"Nusa Penida, Bali","Free Wi-Fi, free parking, foot bath, 24-hour reception, massage, shuttle service, luggage storage, pets allowed",Deluxe Room,16 m² - 16 m²  ,So peaceful,0.22640306500863852,0.22389383009804847,0.8679245281381276,2
sebuluh sunset hill penida,14.15419534508941,13.643370196461351,Inclusive of taxes,9.5,"Nusa Penida, Bali","Free wifi, Swimming pool, Free parking, Balcony/terrace, Contactless check-in/check-out, Laundry service, Car rental, Non-smoking rooms","Deluxe Double Room with Sea View, Deluxe Queen Room with Sea View, Deluxe Double Room Sunset View, Deluxe Double Room Pool View, Deluxe Double Room with Balcony and Sea View",16 m² - 25 m²  ,"It's very comfortable and has a beautiful view. The owner is very nice and don't forget to try their pancakes, they are amazing.",0.4509561374479286,0.4138378221488776,0.9056603771876113,1
sedok jineng villa by wizzela,12.972268129850695,12.374434720554712,Inclusive of taxes,8.8,"Nusa Lembongan, Bali","Free Wi-Fi, car parking, 24-hour front desk, airport transfer, private check-in/check-out, UnionPay","Standard Bungalow, Superior Bungalow, Garden View Bungalow",32 m² - 32 m²  ,Excellent service and beautiful rooms,0.27891150321838676,0.2311740628680204,0.773584905514418,4
segara hotel and restaurant kintamani,12.994532278619134,12.706850963741102,Inclusive of taxes,8.0,"Kintamani, Bali","Free WiFi, swimming pool, free parking, restaurant, airport transfer, family room, garden, breakfast","Standard, Family 2 Bedroom, Standard Triple, Deluxe Double Room, Suite, Superior Double Room, Superior Twin Room, Deluxe Twin Room, Duplex Suite, Superior Room",24 m² - 36 m²  ,Good for the price,0.2821523350411184,0.2790255114084292,0.6226415093164828,1
segara sadhu inn kuta,12.506180941677357,11.685205103383671,Inclusive of taxes,8.0,"Poppies, Bali","Free WiFi, free parking, 24-hour reception, restaurant, airport transfer, balcony/terrace, breakfast, 24-hour room service","Deluxe Room With Air Conditioning, Standard Room Fan, Deluxe Room, Standard Double Room, Deluxe Double, Standard Room, Deluxe King With Balcony, Standard Double, Deluxe King Room With Fan",18 m² - 30 m²  ,Strategic location and cheap,0.211066547306984,0.13195918924316866,0.6226415093164828,1
segara village hotel,14.424822765961844,14.237006483144967,Inclusive of taxes,8.7,"Sanur, Bali","Swimming pool, Restaurant, Spa, free Wi-Fi","Deluxe Room, Bungalow",45 m² - 50 m²  ,Beachfront hotel with spacious gardens and calm atmosphere,0.4903494224456673,0.49929199836984084,0.7547169809896759,3
seminyak icon by karaniya experience,15.8119102427654,14.640727563579034,Inclusive of taxes,8.7,"Seminyak, Bali","Free WiFi, private pool, 24-hour front desk, spa, luxurious dining","Private Pool Villa, One-Bedroom Villa, Two-Bedroom Villa",80 m² - 200 m²,Exclusive villa options for couples or families,0.6922577586902537,0.5574078061892463,0.7547169809896759,0
seminyak square hotel,14.317497838389754,13.960823153876635,Inclusive of taxes,8.5,"Seminyak, Bali","Beach, free Wi-Fi, swimming pool, free parking, spa, 24-hour reception, restaurant, bar","Villa With Private Pool, Villa 2 BR Private Pool, Three Bedroom Apartment, Villa - Pool View, Deluxe Two Bedroom Apartment, Two Bedroom Apartment, Superior Room, Junior Suite Pool View, Junior Suite Room",28 m² - 290 m²  ,Great Accommodation,0.47472690553448593,0.45953529983573205,0.7169811319401922,0
senetan villas and spa resort,14.70340222683928,14.346727459267303,Inclusive of taxes,8.7,"Payangan, Bali","Private pools, spa, restaurant, and complimentary Wi-Fi","Bungalow, Superior One Bedroom Suite, Bedroom Villa",42 m² - 250 m²  ,Absolutely perfect place to stay,0.5309002286480962,0.5150863759020406,0.7547169809896759,0
sens hotel and spa,14.464262701617182,14.161058627193475,Inclusive of taxes,8.9,"Ubud, Bali","Beach, free WiFi, swimming pool, free parking, spa, 24-hour reception, fitness center, restaurant","Superior King, Superior Plus King Bed, Superior Twin, Premium, Superior Plus Twin, Premium Room with Balcony, Superior Plus Room, Superior Room, Premium Room",22 m² - 30 m²  ,Clean place and very helpful and friendly staff,0.49609040989089576,0.4883592747279957,0.7924528300391599,3
serela kuta by kagum hotels,12.781283341160998,12.618764908062795,Inclusive of taxes,8.3,"Kuta, Bali","Swimming pool, Free parking, 24-hour reception, Luggage storage, Breakfast, Business center, Safety deposit box, Non-smoking rooms","Deluxe King, Superior King, Superior Twin, Deluxe Room, Family Twin, Family Room, Suite, Family King, Superior Room",19 m² - 50 m²  ,luxury hotel!,0.2511112227189747,0.26634548915676487,0.6792452828907085,1
serela legian by kagum hotels,13.026955392817271,12.86443685159269,Inclusive of taxes,8.4,"Legian, Bali","Free Wi-Fi, car parking, 24-hour reception, luggage storage, breakfast, second key for the window, daily housekeeping, elevator","Deluxe King Room, Twin Room, Suite, Deluxe Twin, Superior King Room, Deluxe Room, Classic Twin Room",24 m² - 26 m²  ,Recommended cheap hotels in the Kuta Legian area,0.28687193431159846,0.3017100617509245,0.6981132074154504,1
seres springs resort & spa,14.832934844470534,14.40215212304533,Inclusive of taxes,9.0,"Ubud, Bali","Beach, free wifi, swimming pool with view, free parking, spa, 24-hour front desk, fitness center, restaurant","Sutera Garden Villa, Ananda Riverfront Villa, Deluxe King Room, Deluxe Premium King Room, Deluxe Twin",32 m² - 103 m²,"SereS Springs Resort, Ubud: Luxurious Pleasure and Exceptional Service!",0.5497553590942321,0.5230647779837844,0.8113207545639017,3
shangrilah villas,13.232737702884895,12.793862088206213,Inclusive of taxes,8.0,"Baturiti, Bali","Beach, free WiFi, swimming pool, free parking, 24-hour reception, bar, massage, airport transfer","Villa Damel 2, Villa Damel 1, Villa Santai, Villa Senang, Villa Tenang, Apartment with Mountain View, Deluxe Apartment",60 m² - 85 m²  ,The room is spacious and there is a small swimming pool.,0.31682618344811914,0.29155079689049496,0.6226415093164828,2
sheraton bali kuta resort,15.059281216557821,14.771599144106041,Inclusive of taxes,8.8,"Kuta, Bali","Beach, free wifi, pool with view, free parking, spa, fitness center, restaurant","Guest Room, Double Room",46 m² - 100 m²,Relaxing Vacation,0.582702970666977,0.5762468215182254,0.773584905514418,3
signature seminyak smart hotel,13.232116033476537,12.944434558395074,Inclusive of taxes,8.3,"Seminyak, Bali","Rooftop pool, modern design, free Wi-Fi","Standard Room, Superior Room",20 m² - 30 m²,"Modern amenities, close to shopping areas",0.3167356915086885,0.3132257630106208,0.6792452828907085,2
simona hotel canggu,12.19141575618654,11.888213112840782,Inclusive of taxes,6.2,"Canggu, Bali","Free Wi-Fi, free parking, spa, 24-hour front desk, restaurant, bar, water sports, golf course","Standard Room, Deluxe Double Room, Superior Room, Deluxe Room, Suite Room, Single Room - De Luxe, Run of House, Twin Room - Single Use - Superior, Single, Single Room - Superior",15 m² - 35 m²  ,The room is not suitable,0.16524844572868666,0.16118227179988018,0.2830188678711285,1
sindhu mertha suite,15.26242977619469,14.97474778217426,Inclusive of taxes,8.0,"Sanur, Bali","Free Wi-Fi, swimming pool, free parking, 24-hour front desk, massage, airport transfer, family room, luggage storage","Family Suite, Deluxe Room, Deluxe Room, Deluxe Room, Deluxe Room with Pool View, Two-Bedroom Apartment, Deluxe Room, 2-Bedroom Family Room, Two-Bedroom Apartment, Family Room",24 m² - 100 m²  ,Cheap prices using Agoda,0.6122738437176701,0.6054901476186435,0.6226415093164828,3
sing sing residence,12.716900269294165,12.429220196836383,Inclusive of taxes,4.7,"West Denpasar, Bali","free Wi-Fi, car parking, smoke-free property, wireless bell/intercom, Thai language, Indonesian language","Twin Room, Deluxe Twin Room, Deluxe Double Room, Double Room, Deluxe Double Room, Standard Room, Deluxe Twin Room",13 m² - 28 m²  ,"Booked ok, when I arrived at the location they said there were no rooms, the location was hard to find.",0.2417394425390365,0.23906045365905104,0.0,4
singgahan bungalow,12.812212085457514,12.524530013005734,Inclusive of taxes,8.9,"Nusa Penida, Bali","Beach, Free wifi, Swimming pool with view, Free parking, 24-hour reception, Restaurant, Bar, Massage","Deluxe Double Room, Bungalow Twin, Bungalow Double, Deluxe Bungalow with Garden View, Standard Double Room, Standard Twin Room",14 m² - 23 m²  ,Overall the hotel is very good,0.2556132973231188,0.25278033906569247,0.7924528300391599,1
sithala villa seminyak,15.278766191701747,14.99108419641044,Inclusive of taxes,8.8,"Seminyak, Bali","Free WiFi, swimming pool, free parking, spa, 24-hour front desk, restaurant, bar, massage","One Bedroom Pool Villa, One Bedroom Sweet Pool Villa, One Bedroom Suite King, Two Bedroom Sweet Pool Villa, Two Bedroom Sweet Private Pool Villa",100 m² - 300 m²,Excellent stay,0.6146518180923154,0.6078417808531213,0.773584905514418,0
six senses uluwatu bali,16.990811352183503,16.703129307586078,Inclusive of taxes,8.4,"Pecatu, Bali","Free wifi, swimming pool with view, free parking, what, 24-hour reception, fitness center, restaurant","Cliff Pool Villa, Presidential Villa, Retret Villa, Sky Pool Suite, Penthouse",164 m² - 246 m²,Amazing stay,0.8638619044850303,0.8542913458653331,0.6981132074154504,0
sol by melia benoa bali-all inclusive,14.285279784739897,14.149138754133752,Inclusive of taxes,8.4,"Tanjung Benoa, Bali","Beachfront, swimming pool, spa, fitness center, restaurant, kids club","Superior Room, Deluxe Room, Suite",30 m² - 70 m²,Perfect for family vacations with all-inclusive packages,0.4700371554514761,0.4866434043275059,0.6981132074154504,3
sol by meliã¡ kuta bali,13.955768029718381,13.72952883251969,Inclusive of taxes,8.3,"Kuta, Bali","Fitness center, swimming pool, 24 hour room service, laundry service, dry cleaning","Superior Room, Deluxe Room, Suite",32 m² - 50 m²,This hotel offers outstanding facilities and outstanding service. The location is strategic close to the beach and shopping center,0.42207250192959134,0.4262403915905451,0.6792452828907085,3
solia legian bali,13.60479076121576,13.276287174352756,Inclusive of taxes,8.8,"Legian, Bali","Rooftop pool, free WiFi, modern design, restaurant","Standard Room, Deluxe Room, Loft Suite",25 m² - 70 m²,Modern hotel with cool rooftop pool facilities,0.3709832681731612,0.36099607719047017,0.773584905514418,3
soraya apartment,13.053373363056153,12.765691290604371,Inclusive of taxes,8.3,"Seminyak, Bali","Free Wi-Fi, non-smoking rooms, free parking, 24-hour front desk, air conditioning, daily housekeeping","Superior Double Room, Superior Studio, Deluxe Room",24 m² - 32 m²  ,Special,0.2907174080161001,0.2874955995305063,0.6792452828907085,4
spot on 1927 hotel candra adigraha,11.895824531066458,11.433795673794924,Inclusive of taxes,7.2,"North Denpasar, Bali","Free Wi-Fi, free parking, 24-hour reception, luggage storage, balcony/terrace, garden, room service, tours","Super Saver Room, Economy Twin Room, Basic Double Room, Economy Double Room, Super Room, Basic Room, Basic Double Bed Room, Basic Twin Room, Room Assigned on Arrival",10 m² - 12 m²  ,"Nice and comfortable.. Only the TV doesn't work, friendly staff, cold AC, clean bathroom",0.12222135949903623,0.09576870328128406,0.47169811311854754,4
spot on 2426 hotel aget jaya ii,11.729149128995266,11.480691487636507,Inclusive of taxes,7.4,"South Denpasar, Bali","Free Wi-Fi, free parking, 24-hour reception, luggage storage, balcony/terrace, takeaway breakfast service, room service, tours","Spot On Double Room, Twin Room B, SPOT ON Room without Air Conditioning, Twin Standard, Economy Double Room, Economy Twin Room, Guest Room#6325, SPOT ON Twin, Guest Room#391, Twin Room",12 m² - 18 m²  ,Extraordinary,0.09795962136941,0.10251937407068609,0.5094339621680314,4
sri phala resort & villa,13.848922122949414,13.463260097262237,Inclusive of taxes,8.5,"Sanur, Bali","Beach, free Wi-Fi, swimming pool with a view, free parking, spa, 24-hour front desk, restaurant, bar","Deluxe Double or Twin, 2 Bedroom Villa, Superior Double Twin Room, Villa 2, 2-Bedroom Garden Villa with Plunge Pool, Exclusive Superior Double or Twin Room, 2 Bedroom Villa with Private Plunge Pool, Two Bedroom Garden Villa, Room Assigned on Arrival",35 m² - 48 m²  ,Management at a fabulous villa resort in Sanur,0.4065197126275208,0.38791090275161516,0.7169811319401922,0
sri ratih ubud,15.080267877205415,14.670458084902975,Inclusive of taxes,9.5,"Sayan, Bali","Free Wi-Fi, swimming pool, free parking, spa, 24-hour front desk, restaurant, bar, golf course","Deluxe Room, Penthouse Suite - Free Welcome Massage and Afternoon Tea, Superior Room, Suite Room, Duplex, Honeymoon Package at Suite Room, Family Suite, Suite - Free Welcome Massage and Afternoon Tea, Honeymoon Package, Penthouse Suite",38 m² - 128 m²  ,A peaceful and tranquil oasis in Ubud,0.5857578477425383,0.5616875263905675,0.9056603771876113,3
star semabu resort,13.499430382731967,13.005134937931048,Inclusive of taxes,8.5,"Nusa Penida, Bali","Free Wi-Fi, swimming pool with a view, free parking, 24-hour reception, restaurant, bar, airport transfer, luggage storage","Deluxe Room with Double Bed (Deluxe Double Rooms), Deluxe Double Room with Sea View (Deluxe Sea View Double Room), Deluxe Ocean View Room, Deluxe Room, Twin/Double Room - De Luxe, Double Room King Bed - Club, Twin Room - Signature, Apartment 2 Bedrooms, Suite - Premier, Double Room Bungalow King Bed Big Bed",20 m² - 30 m²  ,Helpful and kind staff,0.3556467165269846,0.32196360644422317,0.7169811319401922,1
stark boutique hotel and spa bali,13.898812563735078,13.300976399409324,Inclusive of taxes,8.2,"Kuta, Bali","Free WiFi, rooftop pool, spa, restaurant","Deluxe King Room, Suite Room",25 m² - 45 m²,Strategic location with modern and comfortable atmosphere,0.41378190485548,0.364550100817512,0.6603773583659663,3
"sthala, a tribute portfolio hotel, ubud bali",14.5561775723561,14.268495817768121,Inclusive of taxes,9.0,"Ubud, Bali","River view, swimming pool, spa, restaurant, free WiFi","Deluxe Room, Pool View Room, Suite",35 m² - 100 m²,Five star hotel with natural atmosphere and the best service,0.5094697957893235,0.5038249004351792,0.8113207545639017,3
suarapura resort & spa,14.690979711984754,14.403297778421795,Inclusive of taxes,9.3,"Sebatu, Bali","Free Wi-Fi, swimming pool with a view, free parking, spa, 24-hour reception, restaurant, bar, yoga room","Rice Terraces View Suite, Deluxe Room, Exclusive Suite 2 Single Beds, Junior Suite Jungle View, Suite with View and Terrace, Private Villa with Rice Terrace View, Deluxe Room with Jungle View, Executive Suite, Suite Room, Deluxe Double Room",40 m² - 60 m²  ,Amazing place,0.5290919726093127,0.5232296955244149,0.8679245281381276,3
suites by watermark hotel and spa,14.93719170261885,14.244044847790583,Inclusive of taxes,9.0,"Jimbaran, Bali","Beach, free Wi-Fi, swimming pool with a view, free parking, spa, 24-hour reception, fitness center, restaurant","Suite Room, Pool Suite, Premium Suite, Suite for 4 People, Family Suite, Suite with Private Pool, Suite Room With Canopy, Premium Suite 2 Queen Bed, Suite 2 Queen Bed, Suite 6 People",64 m² - 86 m²  ,Recommended!,0.5649312792310958,0.5003051737201787,0.8113207545639017,3
suji bungalow,12.551260363196779,12.415121329251784,Inclusive of taxes,8.2,"Poppies, Bali","Beach, free Wi-Fi, swimming pool, free parking, 24-hour reception, restaurant, bar, massage","Deluxe Air Conditioning Room, Family Duplex Room, Deluxe Double or Twin Room, Standard Room with Fan, Family Room, Standard Double or Twin Room with Fan, Standard Room",16 m² - 24 m²  ,"Will be a regular, and I recommend it to friends or family who are traveling to Bali",0.2176284341022058,0.2370309161423655,0.6603773583659663,1
sujiwa ubud retreat villa,13.421135230299857,12.82329944328123,Inclusive of taxes,8.6,"Kemenuh, Bali","Free WiFi, swimming pool, free parking, spa, 24 hour front desk, restaurant, bar, golf course","Superior Room, Junior Apartment Suite, Family Suite, Deluxe Room, Bedroom Villa",20 m² - 100 m²,The Best Accommodation Around Kemenuh,0.3442498549533994,0.2957883156953391,0.735849056464934,3
sukanusa luxury huts,13.181816489742014,13.093963902882631,Inclusive of taxes,8.8,"Nusa Lembongan, Bali","Beach, free WiFi, swimming pool, free parking, spa, express check-in/check-out, restaurant, bar","Deluxe Double or Twin Room, Standard Room, Single Room, Room Assigned on Arrival, Deluxe Room",20 m² - 20 m²  ,The perfect home base in Nusa Lembongan,0.3094139491102185,0.3347505707770554,0.773584905514418,1
suly vegetarian resort & spa,13.882195835670167,13.242811303528269,Inclusive of taxes,7.8,"Ubud, Bali","free WiFi, car parking, 24-hour reception, restaurant, family room, luggage storage, balcony/terrace, garden","Standard Double, Deluxe Double, Suite Double",30 m² - 50 m²  ,Very good for the price,0.41136312740018477,0.35617721246006906,0.5849056602669989,1
suma beach hotel,12.688501881189456,12.400820837540556,Inclusive of taxes,7.9,"Lovina, Bali","Beach, free Wi-Fi, swimming pool with a view, free parking, spa, 24-hour reception, restaurant, bar","Deluxe Room, Superior Room, Standard Room, Standard Room, Standard Double Room with Fan, Standard Room, Room Assigned on Arrival, Deluxe, Superior Room, Standard Room",16 m² - 30 m²  ,Great Hotel for a Budget Stay,0.2376056936658486,0.23497235475359873,0.6037735847917409,1
sumberkima hill private villa retreat,13.744263719630041,13.656411655852965,Inclusive of taxes,8.7,"Menjangan, Bali","Beach, free Wi-Fi, swimming pool with a view, free parking, spa, 24-hour reception, restaurant, yoga room","Villa Jahe, Villa Baja Timur, Villa Baja Barat, Villa Luna, Villa Felix, Kemuning Joglo, Lingga Apartment, Madoe Three-Bedroom Villa with Private Pool, Cempaka Joglo, Naga Three-Bedroom Villa with Private Pool",72 m² - 200 m²  ,Beautiful scenery,0.3912853424514412,0.41571514534159454,0.7547169809896759,0
sun island hotel & spa legian,14.310085450974496,13.730267434873657,Inclusive of taxes,8.5,"Legian, Bali","Beach, free Wi-Fi, swimming pool with a view, free parking, spa, 24-hour reception, restaurant, bar","Suite, Deluxe Room, Superior, Superior Room Only, Superior Room Only (Free Upgrade Deluxe RO) - Gledek Price, Deluxe Bed, Superior Bed, Standard Room, Single Standard, Room Assigned on Arrival",20 m² - 58 m²  ,"good value for money, lovely place, neat and clean",0.47364793767150454,0.42634671368898963,0.7169811319401922,1
sunrise hotel sanur,12.84265212010087,12.149507585033072,Inclusive of taxes,7.5,"Sanur, Bali","Free Wi-Fi, car parking, 24-hour reception, family room, room service, laundry service, non-smoking rooms, daily housekeeping","RedDoorz Room, RedDoorz Twin, Reddoorz Family Room, Superior Room, Family Suite",16 m² - 34 m²  ,Very good,0.26004423398201726,0.19879571352027126,0.5283018866927732,4
surf doggie inn,11.889085338685804,11.601403266234023,Inclusive of taxes,8.3,"Kuta, Bali","Free Wi-Fi, free parking, 24-hour reception, airport transfer, kitchen, luggage storage, garden, salon","Special Offer Room, Double or Twin Room, Standard Room (No Window), Double or Twin Room with Garden View, Room Assigned on Arrival, Air Conditioning Standard, Standard Double or Twin with Fan, Standard A/C, Standard Room (No Window)",22 m² - 22 m²  ,"For a low price, I got good facilities, a large room and a refrigerator",0.12124038378988664,0.1198958819284607,0.6792452828907085,1
suryadina guest house,12.847929163278053,12.560247968016562,Inclusive of taxes,8.6,"Ubud, Bali","Free Wi-Fi, free parking, 24-hour reception, airport transfer, balcony/terrace, garden, breakfast, room service","Deluxe Double Room, Twin Room, Deluxe",16 m² - 25 m²  ,The best places to stay in Ubud,0.2608123751598549,0.2579219526937934,0.735849056464934,1
svaha private villa ceningan,13.2518132017501,12.964131715017261,Inclusive of taxes,8.6,"Nusa Ceningan, Bali","Beach, free Wi-Fi, swimming pool with a view, free parking, spa, 24-hour reception, restaurant, bar","Deluxe Villa - 1 Bedroom, One-Bedroom Villa with Private Pool, One Bedroom Villa, Villa with Private Pool, Room Assigned on Arrival, Villa with Sea View",25 m² - 45 m²  ,Very Nice Place to Stay,0.31960286646438024,0.3160611764292439,0.735849056464934,0
svaha ubud,12.793862088206213,12.506180941677357,Inclusive of taxes,7.9,"Ubud, Bali","free Wi-Fi, swimming pool, free parking, spa, 24-hour front desk, restaurant, massage, airport transfer","Deluxe Room, Family Studio, Deluxe Studio, Deluxe Connecting Room, Studio Connecting Room, Deluxe Studio Connecting Room, Studio",25 m² - 64 m²  ,Great accommodation to relax,0.2529422203528034,0.25013898305367055,0.6037735847917409,1
svarna hotel sanur,12.948012371209098,12.660331092405906,Inclusive of taxes,7.6,"Sanur, Bali","Beach, free Wi-Fi, swimming pool, spa, 24-hour front desk, restaurant, golf course, massage","Deluxe Double or Twin Room, Superior Double or Twin Room, Room Assigned on Arrival, Deluxe Double or Twin, Superior Double or Twin, Single Room, Triple room - Comfort, Double room Queen bed - City View, DELUXE DOUBLE OR TWIN ROOM KING BED 2 BEDS DOUBLE BED",24 m² - 36 m²  ,The Most Convenient Location on a Budget,0.2753807670870499,0.27232895769022114,0.5471698112175151,1
swahita ubud,14.10762479385264,13.864300722133706,Inclusive of taxes,8.8,"Ubud, Bali","Free Wi-Fi, swimming pool, free parking, spa, 24-hour reception, restaurant, yoga room, airport transfer","Deluxe Room, Deluxe Suite Balcony, Suite, Deluxe Double Room, Family Double Bed, Suite, Deluxe Twin Room, Executive Double Room with Balcony, Suite, Family Room",20 m² - 30 m²  ,A great place,0.44417719763666463,0.4456408579418318,0.773584905514418,1
swastika guest house,13.053375505904878,12.765694147734985,Inclusive of taxes,7.9,"Sanur, Bali","Free Wi-Fi, swimming pool, spa, 24-hour front desk, restaurant, bar, water sports, massage","1 Bedroom Superior, Deluxe Room, Superior Room, 1 Bedroom Deluxe, Standard Room, Superior Room, Room Assigned on Arrival, Superior Single Room, Deluxe Single Room, Superior Room",19 m² - 28 m²  ,Staff work harder and exceed expectations,0.2907177199351593,0.2874960108155784,0.6037735847917409,1
swiss belhotel rainforest,13.92286967508699,13.635188201437066,Inclusive of taxes,8.3,"Kuta, Bali","Beach, free wifi, pool with view, free parking, spa, 24 hour front desk, fitness center, restaurant","Executive Suite, Deluxe Queen Room, Deluxe Twin Room, Junior Suite, Suite Standard, Grand Deluxe Twin, Grand Deluxe Double Room",28 m² - 56 m²,A great place!,0.4172837253312215,0.41266002075713587,0.6792452828907085,3
swiss belhotel tuban,13.806134742045792,13.51845266959401,Inclusive of taxes,8.6,"Kuta, Bali","Outdoor pool, restaurant, fitness center, beach shuttle service",Superior Room,20 m² - 25 m²,"Budget hotel with complete facilities, suitable for small families",0.4002914616808523,0.39585589517867226,0.735849056464934,2
swiss-belresort watu jimbar,13.981025843899115,13.645553445408439,Inclusive of taxes,8.6,"Sanur, Bali","Free wifi, swimming pool, free parking, spa, 24-hour front desk, fitness center, restaurant, bar","Jacuzzi Grand Deluxe,  Suite Penthouse, Deluxe, Suite",42 m² - 117 m²,Very good hotel with excellent location!!,0.42574910007043737,0.41415210169081884,0.735849056464934,3
taksu nusa dua guest house,12.611541086966115,12.323860125621126,Inclusive of taxes,8.3,"Nusa Dua Beach, Bali","Beach, free Wi-Fi, swimming pool, free parking, spa, 24-hour reception, restaurant, bar","Junior Suite Pool View, Taksu Suite with Balcony, Junior Suite with Balcony, Two Bedroom Suite, Taksu Suite, Family Room with City View, Taksu Suite with Balcony, Junior Suite City View, Taksu Suite with Balcony, Two Bedroom Suite",33 m² - 101 m²  ,A gem in Sanur!,0.22640306500863852,0.22389383009804847,0.6792452828907085,3
taksu sanur hotel,14.28563980431985,13.592493248681205,Inclusive of taxes,8.7,"Sanur, Bali","Swimming pool, spa, free WiFi, family-friendly hotel","Standard Room, Deluxe Room, Suite",30 m² - 60 m²,Comfortable hotel with a strategic location in Sanur,0.47008956090940096,0.4065140655680968,0.7547169809896759,3
taman agung hotel,13.739625777451845,13.137255930777014,Inclusive of taxes,8.4,"Sanur, Bali","Free wifi, Swimming pool, Free parking, 24-hour reception, Restaurant, Balcony/terrace, Garden, Room service",Deluxe Double or Twin Room,20 m² - 20 m²  ,Great value hotel in good location. 8 min walk to the beach. Good restaurants nearby,0.39061023060416533,0.3409824751663858,0.6981132074154504,1
taman ayu 212,12.927972478237256,12.640290405785475,Inclusive of taxes,8.6,"South Denpasar, Bali","24-hour room service, room service, parking area, café, airport shuttle, bicycle rental, car rental, laundry, luggage storage, garden, family room","2-Bedroom Apartment, 1-Bedroom Apartment",30 m² - 36 m²  ,Pretty good,0.2724637041648265,0.2694440929936596,0.735849056464934,4
taman dharmawangsa suites,14.971781191041774,14.31325155008416,Inclusive of taxes,8.9,"Nusa Dua, Bali","Free Wi-Fi, swimming pool, free parking, spa, 24-hour reception, fitness center, restaurant, bar","3 Bedroom Pool Villa, Two Bedroom Pool Villa, 3 Bedroom Luxury Villa with Private Pool, One Bedroom Pool Villa, CLUSTER Three Bedroom Private Pool Villa, GRAND Two Bedroom Private Pool Villa, Exclusive Villa, 1 Bedroom, Private Pool, Villa 3 Bedrooms Private Pool, Two Bedroom Private Pool Villa",100 m² - 250 m²  ,A beautiful stay for 3 five star nights!!!,0.569966221998453,0.5102675056498962,0.7924528300391599,0
taman harum cottages,14.380540804086895,13.869715559216136,Inclusive of taxes,8.2,"Ubud, Bali","Free WiFi, swimming pool, free parking, spa, 24-hour reception, restaurant, bar, yoga room","2 bedroom garden view villa, garden view suite with king bed, suite room with garden view, deluxe garden view room, superior garden view room, 2 bedroom villa, three bedroom family room, deluxe double non smoking, honeymoon room, twin superior room",36 m² - 108 m²  ,A truly festive Balinese Christmas experience only at Taman Harum Cottages Ubud,0.48390361610876576,0.44642032586289637,0.6603773583659663,3
taman mekar beach inn,12.291603343522166,11.813570652013716,Inclusive of taxes,8.2,"Poppies, Bali","Free Wi-Fi, free parking, 24-hour front desk, airport transfer, garden, breakfast, room service, laundry service","Standard Double or Twin Room with Fan, Standard 1 Double Bed or 2 Beds, Economy Room, Standard Room, Standard Double or Twin Room, Standard - Fan, Standard Air Conditioning",12 m² - 16 m²  ,"thanks agoda, make my trip enjoyable and easier to find the inn",0.17983203141422033,0.1504374602980153,0.6603773583659663,4
taman surgawi resort & spa,13.567050480716235,13.279368835614243,Inclusive of taxes,8.8,"Amlapura, Bali","Beach, free Wi-Fi, swimming pool with a view, free parking, spa, 24-hour reception, fitness center, restaurant","Deluxe Two Bedroom, Deluxe One Bedroom, Deluxe Executive Room, Deluxe One Bedroom, Deluxe Two Bedroom, Deluxe Executive, Family Room, Deluxe Room, Room Assigned on Arrival, Deluxe Family Room",32 m² - 46 m²  ,Reasonable price and location,0.36548968729056025,0.3614396835373186,0.773584905514418,1
taman tirta ayu pool & mansion,12.91164481522143,12.480863228659473,Inclusive of taxes,7.9,"Tuban, Bali","Internet access, swimming pool, 24-hour check-in, massage, children's pool, kitchen, garden, tour","Superior Room, Deluxe Room, Superior Room, Suite, Suite with Pool View, Deluxe Room, Standard Suite, Deluxe Room 1 Queen Bed Non Smoking, Deluxe Room, Superior Room",20 m² - 48 m²  ,Comfortable enough to stay,0.2700870038273073,0.24649448833817972,0.6037735847917409,1
tamarind beach bungalow lembongan,13.199326270390594,12.91164481522143,Inclusive of taxes,7.9,"Nusa Lembongan, Bali","Private beach, Free wifi, Swimming pool, Free parking, 24-hour reception, Restaurant, Bar, Water sports","Family Room with Private Pool, Standard, Standard Air Conditioning, Suite Room, Deluxe Fan Bungalow, Deluxe Room, Room Assigned on Arrival, Deluxe Double Room with Fan",35 m² - 100 m²  ,Beautiful view,0.31196272179967405,0.30850566662457557,0.6037735847917409,1
tanadewa resort & spa ubud,15.1948188230428,14.439796286972719,Inclusive of taxes,8.7,"Ubud, Bali","Free Wi-Fi, pool with a view, free parking, spa, 24-hour reception, fitness center, restaurant, bar","Courtyard Villa, Suite Room, Tanadewa Suite, Courtyard Pool Villa, Two Bedroom Suite, Tanadewa Grand Suite, Suite Room with One Time 60 Minutes Couple's Massage, Tanadewa Grand Suite, Sky Suite",41 m² - 102 m²  ,Amazing resort,0.6024322041014961,0.5284836701406521,0.7547169809896759,3
tanah penida bungalow,12.377927112974284,12.154784614286667,Inclusive of taxes,9.0,"Nusa Penida, Bali","Free Wi-Fi, swimming pool, free parking, express check-in/check-out, airport transfer, luggage storage, pets allowed, balcony/terrace","Standard King Room - Non-Smoking, Twin Room, King Room - Non-Smoking, King Bungalow, Twin Bungalow, Standard King Bungalow, Standard Room, Room Assigned on Arrival, Double Single Use, Single",28 m² - 28 m²  ,Spent two nights in Nusa Pendia and it was a good experience,0.19239756095717564,0.19955534395034333,0.8113207545639017,1
tanjung sari inn,13.010448092775828,12.722766020324046,Inclusive of taxes,8.1,"Tanjung Benoa, Bali","Beach, free Wi-Fi, swimming pool, free parking, 24-hour reception, bar, water sports, massage","Deluxe Double Room, Standard Room, Deluxe Twin Room, Deluxe Room, Standard Room (No Window), Room Assigned on Arrival, Deluxe Room (No Window)",16 m² - 24 m²  ,Suitable for families,0.28446908550574046,0.28131649004351783,0.6415094338412245,1
taos house nusa lembongan by best deals asia hospitality,13.7509731034928,12.834683971615659,Inclusive of taxes,8.9,"Nusa Lembongan, Bali","Beach, free Wi-Fi, swimming pool with a view, free parking, 24-hour front desk, restaurant, bar, golf course","Deluxe Cottage View, Superior Garden, Deluxe Garden View, Double Room with Garden View, Superior Room, Deluxe Room 1 Bedroom Garden Area, Deluxe Room, Deluxe Cottage 1 Bedroom Garden Area, Deluxe Hut",16 m² - 18 m²  ,"comfortable, clean, quiet and best price! suitable for travelers",0.39226197914927785,0.2974271230127248,0.7924528300391599,1
tarzan marriott on penida,13.4453175119532,13.157635922172675,Inclusive of taxes,10.0,"Nusa Penida, Bali","Free wifi, Swimming pool with view, Free parking, Express check-in/check-out, Restaurant, Bar, Massage, Airport transfer","Deluxe Room with Pool View, Deluxe Room with Terrace, Standard Double Room, Garden View",35 m² - 20 m²  ,Really Great service and very Helpful,0.3477698955686286,0.3439161829183762,0.9999999998113207,1
taxa uma,12.596021327444134,12.117989785616777,Inclusive of taxes,8.2,"Kuta, Bali","Free WiFi, swimming pool, free parking, 24-hour reception, airport transfer, family room, balcony/terrace, room service","Standard Room with Balcony, Family Room, Superior Twin Room, Standard Room, Deluxe Room, Deluxe Family Room",14 m² - 18 m²  ,Good for those who like active recreation,0.22414396536539158,0.19425871393679978,0.6603773583659663,1
teba house bisma ubud,12.638303013558462,11.96018489473537,Inclusive of taxes,8.42253807106599,"Ubud, Bali","free WiFi, 24-hour reception, massage, airport transfer, family room, luggage storage, garden, 24-hour room service","Deluxe Double Bed, Deluxe Twin Beds Room, Standard Double Bed, Deluxe Room, Suite, Room Assigned on Arrival, Standard Room, Suite - Pool View, Classic Twin Room, Twin Room",15 m² - 30 m²  ,A very quiet place to stay,0.23029860596284876,0.17154263802229525,0.702365673653514,1
teba house ubud by ecommerceloka,12.57446220464097,11.753484482852825,Inclusive of taxes,8.2,"Ubud, Bali","Free Wi-Fi, car parking, spa, 24-hour front desk, restaurant, massage, airport transfer, luggage storage","Superior Room, Deluxe Room, Standard Double Room, Standard, Family Room, Family Room, Familia Suite, Standard Room, Superior Room, Standard Room",21 m² - 40 m²  ,four that are worth money,0.22100575909587003,0.14178803268872567,0.6603773583659663,1
teja homestay,12.89921982609012,12.611537753638338,Inclusive of taxes,8.9,"Ubud, Bali","Free WiFi, car parking, 24-hour reception, airport transfer, kitchen, balcony/terrace, garden, breakfast","Superior Room, Standard Room, Deluxe Room, Room Assigned on Arrival, Superior Room (No Window), Deluxe Room (No Window), Standard Room (No Window), Deluxe Single Room, Superior Single Room",20 m² - 21 m²  ,Extraordinary,0.26827838762586825,0.2653051374437422,0.7924528300391599,1
the 1o1 bali fontana seminyak,14.365557279498857,14.077875591662238,Inclusive of taxes,8.6,"Legian, Bali","Swimming pool, spa, restaurant, fitness center, bar","Superior Room, Deluxe Room",30 m² - 40 m²,Strategic hotel in Legian with modern and comfortable design,0.4817225723236815,0.4763850441488778,0.735849056464934,3
the 1o1 bali oasis sanur,14.215628729986905,13.927946880948712,Inclusive of taxes,8.5,"Sanur, Bali","Outdoor pool, spa, rooftop restaurant, fitness center","Superior Room, Deluxe Room, Suite Room",30 m² - 60 m²,"Modern design with complete facilities, strategic location in Sanur",0.45989855293502585,0.45480274745763155,0.7169811319401922,3
the acala shri sedana,15.326968209096984,15.039286283703994,Inclusive of taxes,8.5,"Nusa Lembongan, Bali","Free Wi-Fi, swimming pool, free parking, spa, 24-hour check-in, restaurant, bar, golf course","Rooftop Pool Villa, Deluxe Sea View Suite, 1 Bedroom Pool Villa, Deluxe Room, Classic Pool Villa, Rooftop Pool Villa, The Acala Suite, Superior Double or Twin Room, Deluxe Double Room, Sea View Suite",45 m² - 110 m²  ,Fantastic,0.6216682386848598,0.6147804902180981,0.7169811319401922,0
the akasha boutique hotel,15.006963920094849,14.91911105149312,Inclusive of taxes,8.8,"Seminyak, Bali","Beach, free Wi-Fi, swimming pool, free parking, spa, 24-hour reception, fitness center, golf course","Two Bedroom Family Suite, Deluxe Room, Family Three Bedrooms Suite Apartment, 3 Bed Apartment, Family Suite, Family One Bedroom Suite Apartment, Deluxe Room With Pool Access, 3 Bedroom Suite Apartment Garden View ",30 m² - 125 m²  ,Perfect holiday,0.5750875185326992,0.5974812184230496,0.773584905514418,3
the akmani legian,13.95025471489279,13.593580020651018,Inclusive of taxes,8.6,"Legian, Bali","Free WiFi, swimming pool, fitness center, restaurant, 24-hour front desk","Deluxe Room, Superior Room, Executive Suite",24 m² - 50 m²,Economical choice with strategic location in Legian,0.42126996838917385,0.4066705068192529,0.735849056464934,3
the alantara sanur,14.12450955176651,13.748274000397558,Inclusive of taxes,8.8,"Sanur, Bali","Free Wi-Fi, swimming pool, free parking, spa, 24-hour reception, fitness center, restaurant, bar","Deluxe Room, Deluxe Room with Pool View, Suite with Pool View, One Bedroom Villa 1 King Bed, 1 Bedroom Pool Villa, One Bedroom Villa, 2 Bedroom Pool Villa",32 m² - 100 m²  ,Had a great stay!,0.44663499026711806,0.42893876585616764,0.773584905514418,0
the alena resort by pramana,15.238578650433336,14.32228840050617,Inclusive of taxes,8.7,"Ubud, Bali","Free wifi, Swimming pool with view, Free parking, Spa, 24-hour reception, Fitness center, Restaurant, Bar","Deluxe Room, Luxury Suite, Private Pool Villa 1-Bedroom, Luxury Royal Private Pool Villa with Jacuzzi, Luxury one bedroom private pool villa, Luxury Pool Villa, Luxury One Bed Room Private Pool Villa, One Bedroom Private Pool Villa, Deluxe Double or Twin Room with Balcony",40 m² - 149 m²  ,This place is magical,0.6088020070811424,0.511568363811312,0.7547169809896759,0
the alley city hotel,12.676079399771027,12.388398368982115,Inclusive of taxes,8.3,"Sanur, Bali","Non-smoking room, free parking, free Wi-Fi, 24-hour reception, air conditioning",Standard Double,16 m² - 16 m²  ,Very good,0.2357974424941169,0.23318413553401093,0.6792452828907085,4
the amrita salt farm villas,14.051901178132072,13.764219368837665,Inclusive of taxes,9.0,"Tejakula, Bali","beach, free Wi-Fi, pool with a view, car parking, spa, 24-hour front desk, restaurant, bar","Family Room with Sea View, Family Villa, Standard Double, Deluxe Twin",40 m² - 150 m²  ,Those seeking peace and comfort,0.43606591213533497,0.43123410789497957,0.8113207545639017,3
the anvaya beach resort bali,15.429339017823503,15.206195516290245,Inclusive of taxes,8.9,"Kuta, Bali","Daily housekeeping, 2 restaurants and bar/lounge, 5 outdoor swimming pools, Fitness center, Free kids club","Deluxe Room, Premier Room, Suite",55m² - 65m²,"Very clean and comfortable hotel, with friendly service and complete facilities. Suitable for family vacation",0.6365696201879325,0.6388071396906444,0.7924528300391599,3
the apurva kempinski bali,16.491081712392027,16.203399662896075,Inclusive of taxes,8.9,"Nusa Dua Beach, Bali","Spa, Private Pool, Beach Access, Kids Club, Fitness Center, Fine Dining Restaurants","Suite, Villa, Deluxe Room",75m² - 100m²,Amazing! Very luxurious and best service,0.7911198591347839,0.7823550675782572,0.7924528300391599,3
the aromas of bali hotel & residence,12.981677308155437,12.793862088206213,Inclusive of taxes,7.6,"Legian, Bali","Swimming pool, free parking, spa, 24-hour reception, fitness center, restaurant, kids club, luggage storage","Studio, Residence 2 Bedroom for 4 Persons, Residence 2 Bedroom for 4 Persons Room Only, Two Bedroom Apartment for 3 Persons Room Only, Apartment, Two Bedroom Apartment for 3 persons, Two Bedroom Apartment, Soft Block Studio Room only, Studio, Two Bedroom Suite",23 m² - 60 m²  ,Very satisfied,0.2802811295532138,0.29155079689049496,0.5471698112175151,4
the awan villas,15.352906454993297,14.303084545434695,Inclusive of taxes,8.6,"Seminyak, Bali","Free Wi-Fi, swimming pool, free parking, spa, 24-hour reception, water sports, water park, massage","2 Bedroom Pool Villa, 1 Bedroom Pool Villa, Two Bedroom Villa with Private Pool, Villa Two Bedrooms with Private Pool, Villa One Bedroom with Private Pool, Villa 2 Bedrooms with Private Pool, Deluxe Villa, Villa Two Bedrooms, Villa One Bedroom, Superior Villa",200 m² - 300 m²  ,The best villa I have ever stayed in,0.6254438823710793,0.5088039613443274,0.735849056464934,0
the ayu kintamani villa at toya devasya,14.881944292502169,14.451161561766446,Inclusive of taxes,8.3,"Kintamani, Bali","Free wifi, swimming pool, free parking, spa, 24 hour front desk, restaurant, bar, water sports","Deluxe Pool Villa, Family Pool Villa, Honeymoon Private Pool Villa, Standard Room",25 m² - 250 m²  ,It's good to relax for a while,0.5568893115505951,0.5301197059033049,0.6792452828907085,0
the ayudya gelogor carik,12.411715957018846,12.32386457003594,Inclusive of taxes,8.2,"South Denpasar, Bali","Free parking, Kitchen, Balcony/terrace, Garden, Smoking area, Bath amenities, Refrigerator, 24-hour security",Apartment,30 m² - 30 m²  ,Convenient & shady parking,0.1973159596874321,0.22389446987330364,0.6603773583659663,4
the ayudya pura demak,12.493759717969455,12.206077645517674,Inclusive of taxes,8.0,"West Denpasar, Bali","Air Conditioning (AC), WiFi",One Bedroom Apartment,30 m² - 30 m²  ,"The place is comfortable and safe, so you won't be disturbed when working at home because it's so quiet.",0.20925847921111765,0.20693899590701334,0.6226415093164828,4
the backyard house,12.25803871355478,11.970356641102999,Inclusive of taxes,8.7,"Tanah Lot, Bali","Free Wi-Fi, 24-hour front desk, airport transfer, shared kitchen, luggage storage, balcony/terrace, garden, breakfast","Deluxe Double Room, Deluxe Double Room, Room Assigned on Arrival",15 m² - 20 m²  ,Good place with good price,0.17494626991272008,0.1730068649000527,0.7547169809896759,1
the baladewa,12.631343648903034,11.917997162369213,Inclusive of taxes,7.7,"Ungasan, Bali","Free Wi-Fi, swimming pool, 24-hour reception, bar, airport transfer, family room, shared kitchen, room service","Standard Double Room, Superior King Room",24 m² - 28 m²  ,"Very nice and friendly staff, comfortable place, and big rooms",0.2292855813610155,0.16546969740722495,0.566037735742257,1
the bale villas nusa dua,15.946061120804393,15.589386227767895,Inclusive of taxes,8.5,"Nusa Dua Beach, Bali","Free Wi-Fi, swimming pool, free parking, spa, 24-hour reception, fitness center, restaurant, bar","One Bedroom Private Pool Villa, Two Bedroom Private Pool Villa, Deluxe One Bedroom Private Pool Villa, Two Bedroom Pavilion with Private Pool, Single Villa Pavilion, One Bedroom Pavilion with Private Pool, Double or Twin Deluxe-Pavilion-Villa, Deluxe Single Pavilion, One Bedroom Private Pool Villa",200 m² - 240 m²  ,Special villa for honeymoon,0.7117851360500592,0.6939675928492284,0.7169811319401922,0
the bali dream villa canggu - chse certified,15.453889606195114,15.05822376780655,Inclusive of taxes,8.0,"Canggu, Bali","Free Wi-Fi, swimming pool, free parking, spa, 24-hour reception, restaurant, bar, yoga room","2 Bedroom Pool Villa, 1 Bedroom Pool Villa, Deluxe Room with Balcony, Superior Room without Balcony, 1 Bedroom Villa, 2 Bedroom Villa, Two Bedroom Villa with Private Pool, Family Room Pool View Two Bedrooms, Deluxe Double Room, Double or Twin Deluxe Room",32 m² - 140 m²  ,A great quiet escape,0.6401432725601395,0.617506548479668,0.6226415093164828,0
the bali dream villa seminyak,15.1488589439824,14.857553553344488,Inclusive of taxes,8.8,"Seminyak, Bali","Free wifi, swimming pool, free parking, spa, 24-hour reception, restaurant, bar, yoga room","2 Bedroom Pool Villa, 3 Bedroom Pool Villa, 4 Bedroom Pool Villa, 1 Bedroom Pool Villa, Four Bedroom Villa with Private Pool, Two Bedroom villa with Private Pool, Three Bedroom Villa with Private Pool, Villa 3 Bedrooms Private Pool, Villa One Bedroom With Private Pool, Villa 4 Bedrooms Private Pool",100 m² - 300 m²  ,Nice property but discount for extra charge for third person,0.5957421554417879,0.5886199924290961,0.773584905514418,0
the banana house nusa penida,12.218500103788143,12.05598204574538,Inclusive of taxes,9.3,"Nusa Penida, Bali","free WiFi, free parking, 24-hour reception, shuttle service, kitchen, balcony/terrace, garden, car rental","Promotion Room, Standard Room",18 m² - 18 m²  ,Fantastic big room with en-suite and patio area,0.16919091918761486,0.1853326754703236,0.8679245281381276,2
the bandha hotel & suites,15.553719450216182,15.17749301526501,Inclusive of taxes,8.9,"Legian, Bali","Beach, free Wi-Fi, swimming pool, free parking, spa, 24-hour reception, fitness center, restaurant","Junior Suite, Junior Suite Garden Terrace with Double Bed, Deluxe Room, Premier Deluxe Lagoon Access with Daily Beers, Grand Suite Ocean View with Spa Bath, Grand Suite with Spa Bath, Royal Suite Villa with Private Pool and Daily Beers, Junior Suite Garden Terrace Double Bed with Daily Cocktails, Grand Suite with Spa Bath and Daily Cocktails, Junior Suite Single Occupancy",47 m² - 225 m²  ,One of the best choices in Kuta area,0.6546747841273115,0.6346754034143881,0.7924528300391599,3
the bene - by astadala,13.438468170107624,13.350615457935145,Inclusive of taxes,8.3,"Kuta, Bali","Free wifi, swimming pool with view, free parking, 24 hour front desk spa, restaurant, bar, airport transfer","Pool Access Room, Deluxe Room, Superior Room, Royal Suite, Family Suite, Standard Room, Royal Two Bedroom Suite",28 m² - 85 m²,Comfort while on holiday in Bali,0.34677288619500396,0.37169566275478116,0.6792452828907085,3
the bhaswara ubud,13.467017763047073,13.179337107524622,Inclusive of taxes,8.4,"Sukawati, Bali","Free wifi, Swimming pool with view, Free parking, Spa, 24-hour reception, Restaurant, Bar, Golf course","Two Bedroom Pool Villa, Deluxe, One Bedroom Pool Villa, One Bedroom Private Pool, Two bedroom Private Pool, One-Bedroom Villa, Deluxe Room, Double Or Twin Two Bedrooms, Superior Room",24 m² - 250 m²  ,"Excellent resort for Relaxation, Yoga and Meditation",0.3509286448672313,0.34704007705838763,0.6981132074154504,0
the calna villa bali,14.628568730696536,14.41784806622624,Inclusive of taxes,8.8,"Kuta, Bali","beach, free WiFi, swimming pool, free parking, 24-hour front desk, restaurant, bar, airport transfer","Three Bedroom Suite, One Bedroom Villa, Two Bedroom Private Pool Villa, One Bedroom Villa with Private Pool, Three-Bedroom Villa with Private Pool, Two Bedroom Villa, Two-Bedroom Villa with Private Pool",90 m² - 140 m²  ,Best Affordable Villas in Kuta!,0.5200072554548222,0.5253242151587402,0.773584905514418,0
the carik bisma ubud,13.60479076121576,12.988605673459045,Inclusive of taxes,7.4,"Monkey Forest, Bali","Free Wi-Fi, swimming pool, free parking, spa, 24-hour reception, restaurant, bar, massage","Superior Queen Non-Smoking, Deluxe Garden Pool View Double, Deluxe Room, Joglo Bungalow, Superior Double Room, Joglo Suite Double Twins, Deluxe Double Room with Pool View, Superior Room, Shared room (Dormitory) Male only, Superior Room (Partial Window) (1 Queen Bed)",20 m² - 45 m²  ,Good hotel but lack of responsiveness,0.3709832681731612,0.31958421234268586,0.5094339621680314,1
the crystal luxury bay resort nusa dua - bali,14.47826347738406,13.679756124786524,Inclusive of taxes,8.1,"Nusa Dua, Bali","Free wifi, swimming pool, free parking, spa, 24-hour front desk, fitness center, restaurant, bar","Jacuzzi Suite, Family Loft, Apartment, Deluxe Room, Suite, Pool View Room",38 m² - 100 m²,Good pool great view,0.4981284020063881,0.41907559079747736,0.6415094338412245,3
the diana suite hotel,13.474112609920503,12.780968243182613,Inclusive of taxes,8.7,"Tuban, Bali","Beach, free Wi-Fi, swimming pool, free parking, spa, 24-hour reception, restaurant, bar","Pavilion, Deluxe with Bathtub, Three-Bedroom Family Suite, Superior, Deluxe Suite, Pavilion with Living Room, Deluxe Room with Bathtub, Deluxe Room with Living Room, Junior Suite, Special Offer - 7 Hours Transit Room",24 m² - 200 m²  ,Great maintenance,0.3519613906399965,0.28969472284393033,0.7547169809896759,1
the dukuh retreat,13.8924725250259,13.199326270390594,Inclusive of taxes,9.7,"Kerambitan, Bali","Free Wi-Fi, swimming pool, free parking, spa, 24-hour reception, restaurant, bar, water sports","Deluxe Double or Twin Room, Suite Room, Deluxe Room",32 m² - 38 m²  ,The perfect stay in authentic Bali,0.41285903107217237,0.3499175248902933,0.9433962262370948,1
the galuh pekutatan,13.035353454959095,12.720643248101034,Inclusive of taxes,8.8,"Pekutatan, Bali","Beach, free Wi-Fi, free parking, 24-hour reception, restaurant, bar, massage, airport transfer","Superior Double or Twin, Standard Double or Twin Room, Standard Double Room with View, Standard, Room Assigned on Arrival, Special Offer Room, Superior Room (no window), Double Room Double or Twin Room, 1 Single Bed, Standard Double or Twin Room (1 Double Bed and 1 Twin Bed)",30 m² - 40 m²  ,Clean and comfortable hotel,0.28809437974715363,0.28101091614971885,0.773584905514418,1
the garcia ubud hotel and resort,15.301329614419192,14.495001920826605,Inclusive of taxes,9.0,"Ubud, Bali","Free wifi, swimming pool, free parking, spa, 24 hour front desk, fitness center, restaurant,bar","Bedroom Pool Villa, Suite, Deluxe Room, Double Executive, Villa Pool View  ",40 m² - 145 m²,Comfy hotel and good food,0.6179362130688751,0.5364305427789384,0.8113207545639017,3
the garden villa,13.589028941504601,13.301347705172173,Inclusive of taxes,8.3,"Sanur, Bali","Beach, free Wi-Fi, swimming pool, free parking, 24-hour front desk, restaurant, water sports, golf course (within 3 km)","Pool Access Suite, Garden Suite, 2 Bedroom Suite, Java Garden Suite, 2 Bedrooms Bungalow, Sumatra Suite, Two-Bedroom Suite, Suite with Garden View, Suite Pool Access, Joglo Suite Pool Access",30 m² - 125 m²  ,Exactly what we needed,0.36868893357113525,0.36460355042765563,0.6792452828907085,3
the garuda homestay sanur,12.676079399771027,12.513561021741964,Inclusive of taxes,8.7,"Sanur, Bali","free WiFi, swimming pool, free parking, airport transfer, family room, shared kitchen, luggage storage, balcony/terrace","Terrace Room, Deluxe Room, Deluxe Twin Room, Twin Room, Standard Double Room, Room Assigned on Arrival, Day Use",20 m² - 25 m²  ,Great Stay with Friendly Staff and Excellent Value,0.2357974424941169,0.2512013484725518,0.7547169809896759,1
the garuda villa and restaurant,13.164146190190845,12.876465396508989,Inclusive of taxes,8.4,"Bedugul, Bali","Free Wi-Fi, swimming pool, free parking, spa, express check-in/check-out, restaurant, bar, massage","Standard Room, Family Room, Deluxe Rooms, Suite Room, Garden Terrace Standard Room, Deluxe Room (1 Bedroom, Terrace, Garden View), Superior Room, Panoramic Room",20 m² - 50 m²  ,Hotel for holidays,0.3068418108399332,0.30344157550777656,0.6981132074154504,1
the grand bali nusa dua,14.264993189447543,13.977311329648447,Inclusive of taxes,8.6,"Nusa Dua Beach, Bali","Private beach, free wifi, swimming pool, free parking, Spa, 24-hour front desk, fitness center, restaurant","Deluxe Pool View, Premier Suite, Deluxe Suite, Deluxe Garden, Deluxe Twin",55 m² - 146 m²,"Huge & clean room, cozy, not noisy, good breakfast, lovely staff",0.46708418184884104,0.4619087792027667,0.735849056464934,3
the haere â€“ by astadala,14.80876270134486,14.452087916136215,Inclusive of taxes,8.2,"Seminyak, Bali","Beach, free Wi-Fi, swimming pool, free parking, spa, 24-hour reception, restaurant, bar","2 Bedroom Pool Villa, 1 Bedroom Pool Villa, Room Assigned on Arrival, Villa Two Bedrooms with Pool View (Private Pool), Villa One Bedroom, Two Bedroom Villa, Private Pool Villa, Pool View Villa",65 m² - 100 m²  ,A Satisfying Stay,0.5462367942714728,0.5302530549780381,0.6603773583659663,0
the hidden paradise ubud,15.222822983907392,13.97598094062204,Inclusive of taxes,8.7,"Tampaksiring, Bali","Free Wi-Fi, swimming pool with view, free parking, spa, 24-hour front desk, fitness center, restaurant, bar","Luxury Villa with Private Pool, Premier Suite, Garden Villa with Natural View, Suite with Valley View",50 m² - 70 m²  ,Great hotel and value for money,0.6065085681539821,0.46171726918079664,0.7547169809896759,3
the hill ungasan bukit jimbaran,13.353476685668044,12.274670105518968,Inclusive of taxes,8.3,"Jimbaran, Bali","Beach, free Wi-Fi, swimming pool, free parking, spa, 24-hour reception, bar, and massage","Deluxe Room, Superior Double Room, Deluxe Single Room, Standard Room, Single Room Luxury, Superior, Double Room De Luxe Executive, Junior Suite, Triple Room De Luxe",22 m² - 30 m²  ,"The hotel staff is comfortable and friendly, but there is no wardrobe for clothes.",0.3344012877881764,0.21681290741792467,0.6792452828907085,1
the janan villa,13.59236950664694,13.30468826752606,Inclusive of taxes,8.3,"Sanur, Bali","Free wifi, Swimming pool, Free parking, Spa, 24-hour reception, Restaurant, Massage, Airport transfer","Studio, Deluxe Room, Apartment - 1-Bedroom, 2 Bedroom Apartment, Honeymoon Villa, Deluxe Plus Room, Standard - Double, Family Villa, Apartmen 2 Bedroom, Deluxe Plus",25 m² - 150 m²  ,We enjoyed our stay,0.36917519558509304,0.3650844256882651,0.6792452828907085,3
the jas villas,15.225277519469522,14.054095081508775,Inclusive of taxes,8.2,"Seminyak, Bali","Private pool, kitchenette, free WiFi, villa-style accommodation","One-Bedroom Villa, Two-Bedroom Villa",80 m² - 200 m²,Private villa with strategic location in Seminyak,0.6068658572218244,0.4729618303884267,0.6603773583659663,0
the kana kuta hotel,14.066195343617414,13.46382315553658,Inclusive of taxes,8.7,"Kuta, Bali","Free WiFi, swimming pool, restaurant, fitness center","Superior Room, Deluxe Room, Suite",25 m² - 60 m²,A hotel with a calm atmosphere in the middle of the hustle and bustle of Kuta,0.4381466108795851,0.38799195521097074,0.7547169809896759,3
the kanjeng hotel kuta,12.50359984528162,12.292878584752243,Inclusive of taxes,5.6,"Kuta, Bali","Free Wi-Fi, free parking, 24-hour check-in, restaurant, airport transfer, luggage storage, balcony/terrace, breakfast","Superior Room, Deluxe Room, Deluxe Room, Standard Room, Superior Room, 1 Double or 2 Twin Beds, DXSTE, WANA Pool Access Accessible, Twin/Double Room Superior Ease, Deluxe Suite",25 m² - 30 m²  ,Comfortable and cheap place to stay,0.2106908356898976,0.2194340251427333,0.16981132072267702,1
the kasih villas & spa,14.960294983582685,14.749574015139627,Inclusive of taxes,8.8,"Seminyak, Bali","Beach, free Wi-Fi, swimming pool, free parking, spa, 24-hour reception, restaurant, bar","3 Bedroom Pool Villa, 2 Bedroom Pool Villa, 1 Bedroom Pool Villa, One Bedroom Villa, Two Bedroom Royal Pool Villa, Three Bedroom Family Pool Villa, Two Bedrooms Villa with Private Pool, One Bedroom Royal Pool Villa Ravaye, One Bedroom Villa with Private Pool",200 m² - 300 m²  ,Perfect stay in Kasih,0.5682942574853214,0.5730762955678997,0.773584905514418,0
the kayon resort,15.43291683846023,15.07624197955549,Inclusive of taxes,9.1,"Tegallalang, Bali","Free WiFi, swimming pool, free parking, spa, 24-hour reception, restaurant, bar, yoga room","River Edge Pool Villa, Valley Deluxe Room, Deluxe Valley View Room, Kayon Suite River, Kayon Garden Suite, Villa, 1 Bedroom, Private Pool, River View Suite, Suite with Garden View, KAYON RIVER SUITE, Kayon Garden Suite",40 m² - 96 m²  ,Romantic Honeymoon Accommodation!,0.637090417775845,0.6201002771255065,0.8301886790886436,3
the kd suites & coffee shop,13.997832948091215,13.304686600863562,Inclusive of taxes,9.2,"Cemagi, Bali","Beach, Free wifi, Swimming pool, Free parking, Foot soak, 24-hour reception, Restaurant, Bar","Standard Room, Deluxe Sea View, Deluxe Pool Access, Deluxe Double Room, Deluxe Room, Double Room, One Bedroom Deluxe, Deluxe Room with Pool View",36 m² - 36 m²  ,The Best Place to Live You Can Find!,0.4281955892077602,0.365084185771545,0.8490566036133854,1
the kirana ungasan,14.129405550168249,13.596421276978106,Inclusive of taxes,8.8,"Jimbaran, Bali","Free Wi-Fi, swimming pool with a view, free parking, spa, 24-hour reception, restaurant, bar, golf course","Villa - Pool View, Garden Views, Villa - Sea View, Villa with Sea View, Villa with Garden View, Cottage with Garden View, Garden Views, Cottage Garden View, Jineng Sea View",18 m² - 32 m²  ,Everyone was so happy! What a delicious breakfast!,0.4473476655007157,0.40707950678153665,0.773584905514418,3
the kryamaha villas,14.881595522686881,14.365076010046195,Inclusive of taxes,8.8,"Tanah Lot, Bali","Free Wi-Fi, swimming pool, free parking, 24-hour reception, restaurant, bar, airport transfer, family room","2 Bedroom Pool Villa, 3 Bedroom Pool Villa, One-Bedroom Villa with Private Pool, Two Bedroom Villa with Private Pool, Villa 1 Bedroom with Private Pool, Villa 3 Bedrooms, Room Assigned on Arrival, One Bedroom Villa, Villa Two Bedrooms with Pool View (Private Pool)",70 m² - 100 m²  ,Very good,0.5568385436399083,0.5177276569807602,0.773584905514418,0
the kutaya guest house,12.653520674023314,12.563796039652877,Inclusive of taxes,8.2,"Kuta, Bali","Free wifi, Swimming pool, Free parking, 24-hour reception, Balcony/terrace, Private check-in/check-out, Car rental, Non-smoking rooms","Superior Double Room, Deluxe Pool View, Deluxe Pool Access",30 m² - 30 m²  ,Great for getting out of the airport!,0.2325137312216204,0.2584326989969685,0.6603773583659663,1
"the laguna, a luxury collection resort & spa, nusa dua, bali",15.546576194647553,15.258894122195773,Inclusive of taxes,9.0,"The Laguna, a Luxury Collection Resort & Spa, Nusa Dua, Bali","Beachfront, luxury resort, spa, multiple pools","Deluxe Room, Suite, Villa",50 m² - 150 m²,Exclusive resort with the best facilities and private beach,0.6536349918493541,0.6463931246728094,0.8113207545639017,2
the leaf jimbaran luxury villas,15.36837833055017,14.857552847877614,Inclusive of taxes,8.3,"Jimbaran, Bali","Free wifi, swimming pool, free parking, spa, 24 hour front desk, fitness center","Bedroom Pool Villa, Sage Villa, Rosemary",180 m² - 285 m²  ,Luxury for the rooms,0.6276960118903151,0.588619890876863,0.6792452828907085,3
the legian 777,12.179697868894861,12.04355959836804,Inclusive of taxes,7.4,"Legian, Bali","Free Wi-Fi, free parking, spa, airport transfer, balcony/terrace, garden, breakfast, room service","Standard Room, Male Dormitory Room",2 m² - 18 m²  ,"Cheap price, good location, rooms are old and can be noisy",0.1635427572505406,0.1835444592997636,0.5094339621680314,4
the lerina hotel nusa dua,13.758941264676379,13.065795142315812,Inclusive of taxes,8.5,"Nusa Dua, Bali","Free wifi, swimming pool, free parking, fitness center, bar, restaurant, airport transfer","Superior Room, Deluxe Room, Executive Room",24 m² - 48 m²,"The hotel staff is friendly, especially the front office, which is very friendly and makes you feel comfortable.",0.39342184699785254,0.33069566664905686,0.7169811319401922,2
the light exclusive villa and spa,14.396944307990562,14.109262421904159,Inclusive of taxes,8.3,"Seminyak, Bali","Free wifi, swimming pool, free parking, spa, 24 hour front desk, restaurant, bar, massage","Bedroom Pool Villa,  Bedroom Villa with Private Pool",120 m² - 300 m²,A Dream Villa,0.4862913560582341,0.48090319066834764,0.6792452828907085,0
the lokha legian resort & spa,14.31361622500179,13.397326404648298,Inclusive of taxes,8.6,"Legian, Bali","Beach, free Wi-Fi, swimming pool, free parking, spa, 24-hour reception, restaurant, bar","Deluxe Room with Balcony, Superior Room with Balcony, Super Deluxe Room with Pool Access, Superior Twin Room, Deluxe King Room, Deluxe Twin Room, Family Room, Superior Room Only Free 1 x BBQ Pizza, Deluxe Two Queen Beds Room",32 m² - 49 m²  ,Our Best Holiday in Bali,0.474161887023242,0.378419721848563,0.735849056464934,1
"the lokha ubud resort, villas & spa",14.33523843879345,13.676709303980214,Inclusive of taxes,8.8,"Payangan, Bali","Free Wi-Fi, swimming pool, free parking, spa, 24-hour reception, fitness center, restaurant, bar","Luxury Pool Villa, Presidential Villa, Suite, One Bedroom Pool Villa with Valley View, Two Bedroom Presidential Villa, Suite Room with Valley View, Suite with Balcony, Two Bedroom Presidential Villa, Suite Room with Valley View - Special Offer",42 m² - 293 m²  ,Peace in the forest,0.4773092769936709,0.4186369997478119,0.773584905514418,0
the lovina bali,15.02931022017437,14.431473732533275,Inclusive of taxes,8.9,"Lovina, Bali","Beachfront resort, dolphin watching, luxury villas","Suite Room, Two-Bedroom Villa, Ocean View Suite",50 m² - 200 m²,Resort with dolphin viewing experience in Lovina,0.5783403085302528,0.5272856351659879,0.7924528300391599,3
the magani hotel and spa,14.190754231004913,14.118183700715013,Inclusive of taxes,8.5,"Legian, Bali","Free Wi-Fi, swimming pool, free parking, spa, 24-hour reception, fitness center, restaurant, bar","Premier Room, Deluxe Suite with Spa Bath, Magani Suite Pool View with Spa Bath, Premier Room with Private Plunge Pool, Magani Suite with Spa Bath, Deluxe Room, Magani Suite, Magani Suite Pool View with Spa Bath and Daily Cocktails, Premier Room with Private Plunge Pool and Daily Beers, Premier Room with Private Plunge Pool and Daily Cocktails",43 m² - 85 m²  ,Good Hotel,0.45627775122759107,0.48218741225102424,0.7169811319401922,3
the mel homestay,11.808583147519697,11.520903555205116,Inclusive of taxes,9.0,"Nusa Penida, Bali","Beach, free Wi-Fi, swimming pool, free parking, restaurant, massage, airport transfer, luggage storage","Double Room, Bunk Bed in Mixed Dormitory Room, Double Room with Garden View",19 m² - 34 m²  ,A beautiful place for a relaxing stay,0.10952225947962409,0.10830791696353083,0.8113207545639017,4
the mulia - nusa dua,16.281704376412705,15.994022360565868,Inclusive of taxes,9.2,"Nusa Dua Beach, Bali","Beachfront, infinity pool, spa, fitness center, luxurious dining","Baron Suite, Royal Suite, Ocean View Room",80 m² - 300 m²,Incredible luxury by the beach,0.76064230796236,0.7522151228151919,0.8490566036133854,3
the mutiara jimbaran boutique villas,15.254319567315367,14.56117286117552,Inclusive of taxes,8.6,"Jimbaran, Bali","Free Wi-Fi, swimming pool, free parking, spa, 24-hour front desk, restaurant, yoga room, massage","Grand Villa, Superior Villa, Deluxe Villa, Deluxe 1 King Bed, Standard Villa",35 m² - 241 m²  ,Clean and comfortable,0.6110932990088435,0.5459558755864605,0.735849056464934,0
the nani,14.327136461421032,14.03945458880924,Inclusive of taxes,8.4,"Ubud, Bali","Free Wi-Fi, swimming pool with a view, free parking, spa, 24-hour reception, restaurant, bar, yoga room","Suite Pool, Deluxe Suite, Deluxe Room, Suite Private Pool, Deluxe Suite with Garden View, Suite Room, Deluxe Suite Garden View, Suite Private Pool",24 m² - 110 m²  ,Perfect,0.4761299304860333,0.4708543257240858,0.6981132074154504,3
the nest hotel nusa dua,13.8924725250259,13.56396881813577,Inclusive of taxes,8.8,"Tanjung Benoa, Bali","Rooftop pool, restaurant, shuttle service","Superior Room, Deluxe Room",30 m² - 50 m²,Clean and comfortable hotel near the beach,0.41285903107217237,0.40240796260722556,0.773584905514418,2
the niche bali,12.994532278619134,12.706850963741102,Inclusive of taxes,8.3,"Legian, Bali","Beach, free Wi-Fi, swimming pool, spa, 24-hour reception, restaurant, bar, massage","Standard Double, Run of House, Triple Pool View, Superior, Twin King Room, Quadruple Room, Triple Room, Economy Single Room",16 m² - 25 m²  ,Quiet and nice hotel,0.2821523350411184,0.2790255114084292,0.6792452828907085,1
the nicho's bungalows & villas,12.756973425001727,12.714395139078047,Inclusive of taxes,8.4,"Nusa Lembongan, Bali","beach, free WiFi, swimming pool with view, free parking, spa, 24-hour reception, restaurant, bar","1 Bedroom Bungalow, Lumbung Hut, Deluxe Villa, Deluxe Villas, One-Bedroom Bungalows, Bungalow Non Smoking Pool View, Superior Bungalow, Superior Bungalow, Villa with Pool View, One-Bedroom Bungalow",15 m² - 30 m²  ,Genuine budget property in a great location,0.24757260326775238,0.28011149840610183,0.6981132074154504,1
the niti hut's lembongan,13.788482570507627,13.500801182986649,Inclusive of taxes,8.5,"Nusa Lembongan, Bali","Beach, Free wifi, Swimming pool with view, Free parking, Spa, 24-hour reception, Restaurant, Bar","Suite Room, Promotion Room",32 m² - 35 m²  ,Lovely staff. Organized bikes and snorkeling at really good prices,0.39772196217488875,0.3933149567607494,0.7169811319401922,3
the nyaman bali,13.184400648021263,12.896719202134523,Inclusive of taxes,8.7,"Kuta, Bali","Free WiFi, swimming pool, free parking, 24-hour reception, luggage storage, balcony/terrace, garden, room service","Deluxe Twin Room, Deluxe, Deluxe Queen, Deluxe Twin Room, Deluxe Double Room, transit, Suite Villa, Villa 3 bedrooms Pool, Deluxe 2 Beds, GRAND SUITE KING BED 1 BEDROOM",23 m² - 100 m²  ,Best budget hotels for stay,0.30979010642364074,0.3063571187686824,0.7547169809896759,1
the ocean sunset villas ceningan,13.505355175114877,13.217673557208654,Inclusive of taxes,8.2,"Nusa Ceningan, Bali","free WiFi, swimming pool, free parking, 24-hour reception, restaurant, bar, water sports, massage","House, Villa Beach Sea Front, Villa Sea Front, Ocean View Bungalow, Family Room with Sea View, Deluxe Room with Sea View, Standard Room, Standard Room, Room Assigned on Arrival",24 m² - 41 m²  ,"For those looking for a cheap holiday, just go to this hotel.",0.35650914589256766,0.3525586240213554,0.6603773583659663,1
the one legian,14.180154365996387,13.944432217074327,Inclusive of taxes,8.5,"Legian, Bali","Rooftop pool, restaurant, spa, free Wi-Fi, room service","Superior Room, Deluxe Room",20m² - 30m²,"Strategic location in Legian, close to nightlife. Facilities are quite good",0.4547348052028597,0.4571758180564829,0.7169811319401922,2
the paica,12.965711906537503,12.272567065150636,Inclusive of taxes,8.2,"West Denpasar, Bali","Free wifi, Swimming pool with view, Free parking, 24-hour reception, Fitness center, Restaurant, Massage, Airport transfer","Standard Apartment, 1 King Bed-Basic Suite-Non Smoking, Tropical Bungalow, Triple Room - 1 Double Bed + One Single Bed, Standard Quad Room, Secluded Riverside Bungalow with Jungle Views, Comfort Single Room with Shower, Basic Single Room, Dormitory Room with Shared Bathroom (6 Adults)",12 m² - 50 m²  ,A blissful place for a staycation,0.27795716099891477,0.2165101739323433,0.6603773583659663,4
the pari sudha,14.256856834790458,13.746031854194214,Inclusive of taxes,8.7,"Ubud, Bali","Free Wi-Fi, swimming pool with a view, car parking, express check-in/check-out, luggage storage, balcony/terrace, garden, breakfast","The Sanctuary, Forest Retreat Room with Jungle and Pool Panorama View, Deluxe Double Room, Pool Access Room with Jungle View, Double Room, Forest Labyrinth Room, Forest Retreat Room, Holy Retreat Room with Jungle View, Double The Sanctuary, Jungle Oasis",30 m² - 20 m²  ,Villa with back to nature concept,0.4658998312874089,0.4286160080310959,0.7547169809896759,3
the patra bali resort & villas,14.393247448179961,13.882422198525177,Inclusive of taxes,8.8,"Kuta, Bali","Private beach, free wifi, pool with view, free parking, spa, 24-hour front desk, fitness center, restaurant","Deluxe Room Double, Deluxe Suite, Honeymoon Villa, Garden Villa, Deluxe Twin, Deluxe Double, ",43 m² - 73 m²,"Nice kids room, pool, beach, walking distance to restaurants",0.4857532307949248,0.4482494515734507,0.773584905514418,3
the pavilion hotel kuta,12.631343648903034,12.525983496352161,Inclusive of taxes,8.4,"Kuta, Bali","Beach, free Wi-Fi, swimming pool, free parking, 24-hour reception, massage, airport transfer, luggage storage","Superior Room, Deluxe Room, Deluxe Plus Double Room, Deluxe Room, Deluxe Plus, Room Assigned on Arrival, Deluxe Plus, Double Room, Deluxe Queen Room, Single Room Superior",15 m² - 35 m²  ,Good location and staff,0.2292855813610155,0.2529895685632923,0.6981132074154504,1
the payogan villa resort & spa,15.257712787429051,14.795677466674434,Inclusive of taxes,8.6,"Kedewatan, Bali","Free Wi-Fi, swimming pool, free parking, spa, 24-hour front desk, fitness center, restaurant, bar","1 Bedroom Pool Villa, 2 Bedroom Pool Villa, 1 Bedroom Garden View Villa, One-Bedroom Villa, 1-bedroom Villa, Triple Room with View, 2 Bedroom Duplex Villa with Private Pool, Special Offer - Honeymoon Package at One-Bedroom Pool Villa, Three Bedroom Pool Villa king bed, Two-Bedroom Garden Villa with Free Daily Afternoon Tea",149 m² - 300 m²  ,The very beautiful Ubud resort,0.611587225627837,0.5797129054925718,0.735849056464934,0
the puncak santhi inn,12.206077645517674,12.100717685412471,Inclusive of taxes,9.0,"Nusa Penida, Bali","internet access, swimming pool, free parking, foot bath, balcony/terrace, garden, breakfast, room service","Deluxe Twin Room, Room Assigned on Arrival, Deluxe Double Room, Bed in 4-Bed Dormitory Room, 4-Bed Mixed Dormitory Room, Dormitory Room, Deluxe Room",10 m² - 16 m²  ,Very nice place to stay,0.16738267138536503,0.19177238834034666,0.8113207545639017,4
the radiant hotel and spa,13.652992804936396,12.959846800844963,Inclusive of taxes,8.3,"Tuban, Bali","Beach, Free wifi, Swimming pool, Free parking, Spa, 24-hour reception, Restaurant, Water park","Family Suite, Superior, Deluxe Double or Twin Room, Transit Room 8 Hours Usage, Superior Room, Two Bedroom Family Suite, Executive Suite, Standard Room, Family Room Suite",28 m² - 75 m²  ,Amazing Transit Hotel,0.37799969259770433,0.3154443613541128,0.6792452828907085,1
the rani garden bed & breakfast,13.38856795074486,12.472279517715116,Inclusive of taxes,8.5,"South Denpasar, Bali","Beach, free Wi-Fi, swimming pool, free parking, airport transfer, kitchen, balcony/terrace, garden","Double Room, Twin Room, Standard Double Room, Standard Double Room Limited, Standard Twin Room Limited, Traveloka, Day Use Studio, Traveloka Thematic Room Only, Traveloka Epic Room, Studio",34 m² - 34 m²  ,The hotel atmosphere is very calm,0.33950927056998714,0.24525885978223894,0.7169811319401922,1
the rinaya canggu by ecommerceloka,14.249896076883264,13.571773917020836,Inclusive of taxes,8.0,"Canggu, Bali","Swimming pool, free Wi-Fi, restaurant","Bedroom Family, Deluxe Double Room, Superior Twin Room, Family Room, Deluxe Room, Superior Room",17 m² - 45 m²  ,Its a Great deal on the price and a good stay,0.4648866038799481,0.4035315096519533,0.6226415093164828,1
the ritz-carlton bali,15.65478970209227,15.367107682617805,Inclusive of taxes,8.8,"Nusa Dua Beach, Bali","Private beach, free wifi, swimming pool, free parking, spa, 24 hour front desk, fitness center, restaurant","1 Bedroom Villa,  2 Bedroom Balcony, Oceanfront Villa",258 m² - 281 m²,The view from the lobby is amazingly beautiful,0.669386852934355,0.661970509123923,0.773584905514418,0
the ritz-carlton bali villas,16.496577839056567,16.208895766604787,Inclusive of taxes,8.7,"Nusa Dua Beach, Bali","Private beach, free wifi, swimming pool, free parking, Spa, 24-hour front desk, fitness center, restaurant","Garden View Villa, The Oceanfront Villa, The Cliff Villa, The Ocean Cliff Villa, The Sawangan ",100 m² - 281 m²,THANK YOU RITZ WE HAD A WONDERFUL STAY,0.7919198907183607,0.7831462338620381,0.7547169809896759,3
the royal santrian,16.175032067936566,15.798791908682638,Inclusive of taxes,9.0,"Tanjung Benoa, Bali","Private beach, Free wifi, Swimming pool with view, Free parking, Spa, 24-hour reception, Restaurant, Bar","Deluxe Pool Villa, Royal One-Bedroom Private Pool Villa with Free Benefit, Royal Pool Villa, Royal Villa, Special Offer - Honeymoon Package at Deluxe One-Bedroom Villa, VILLA Deluxe Villa, Royal Villa, Private Pool, Royal One-Bedroom Villa with Private Pool, Deluxe Villa",300 m² - 300 m²  ,A beautiful finale to our trip to Bali,0.7451147881137782,0.7241116227206645,0.8113207545639017,0
the ruum,12.017553925928233,11.419724060136211,Inclusive of taxes,8.7,"Canggu, Bali","Free parking, Free Wi-Fi in public areas, Front desk (limited hours), English language, Indonesian language, First aid kit",Private Twin Room,15 m² - 15 m²  ,Great for backpackers,0.1399406309938954,0.09374308897791547,0.7547169809896759,4
the sagara penida,14.439665581322727,14.151983508870947,Inclusive of taxes,8.6,"Nusa Penida, Bali","free WiFi, swimming pool, free parking, foot bath, 24-hour front desk, restaurant, bar, shuttle service","Superior Single Room, Standard Room with Spectacular Beachfront View, Family Room, Room Assigned on Arrival, Family Villa Non Smoking Sea View, Deluxe Double Room with Balcony and Sea View, Special Offer Room",16 m² - 19 m²  ,Great Hospitality,0.4925099842017345,0.48705290788729627,0.735849056464934,1
the sakala resort bali - all suites,14.690979711984754,14.14625283826705,Inclusive of taxes,8.5,"Tanjung Benoa, Bali","All-Suites Rooms, Infinity Pool, Wellness Spa, Rooftop Bar","One-Bedroom Suite, Two-Bedroom Suite, Pool View Suite",85m² - 120m²,Big room and great view!,0.5290919726093127,0.4862279756069845,0.7169811319401922,3
the salila beach resort seminyak bali,14.962913328262083,14.739769856312924,Inclusive of taxes,9.0,"Seminyak, Bali","Beach, free wifi, swimming pool, free parking, 24-hour reception, fitness center, restaurant, bar","Lagoon Room, Deluxe Garden View, Deluxe Pool View Double Room, Flash Deal Double Room, Deluxe Room Pool View, Deluxe Room Pool View, Deluxe Room, Pool view, Deluxe Room with Pool View, Deluxe Room with Pool View, Deluxe Room, Pool view",45 m² - 48 m²  ,Everything is fine,0.5686753910668532,0.5716649830607821,0.8113207545639017,3
the samaya seminyak,16.298665758192886,15.913003316665332,Inclusive of taxes,8.5,"Seminyak, Bali","Beach, free wifi, swimming pool with view, free parking, spa, 24 hour front desk, fitness center, restaurant","One Bedroom Pool Villa, Courtyard Villa, Pavilion Villa, ",220 m² - 300 m²,Service and friendliness are the best,0.7631112541773005,0.7405523996797709,0.7169811319401922,0
the sanyas retreat,13.972515161474428,13.867154740783278,Inclusive of taxes,8.5,"Kerambitan, Bali","Beach, free Wi-Fi, swimming pool, free parking, spa, 24-hour reception, fitness center, restaurant","Cottage, Two-Bedroom Villa, Two-Bedroom Villa, Superior Double Room, One-Bedroom Joglo House Villa, Two-Bedroom Balinese House Villa, Villa, Superior Room, Cottage, Joglo House",20 m² - 150 m²  ,Very comfortable and clean. A highly recommended healing place.,0.42451026131123065,0.44605169504544095,0.7169811319401922,3
the sarining hotel,13.461342469236723,13.17366087178306,Inclusive of taxes,6.9,"Tabanan Kota, Bali","Free Wi-Fi, free parking, restaurant, family room, kitchen, luggage storage, garden, breakfast","Double Deluxe Room, Deluxe Room, Deluxe Room, Deluxe Room, Deluxe Room, Room Assigned on Arrival, Double Bed Room, Room Assigned on Arrival",19 m² - 22 m²  ,Clean and comfortable,0.35010253321233575,0.3462229806978518,0.41509433954432184,1
the sawah villa,13.28448392755959,12.996802422000108,Inclusive of taxes,8.6,"Kemenuh, Bali","Swimming pool, garden, terrace, and complimentary Wi-Fi","Honeymoon, Standard Room, Twin Room, Bedroom Villa",20 m² - 200 m²  ,"Guests appreciate the serene environment, spacious villas, and attentive staff",0.32435850877419214,0.32076413750895233,0.735849056464934,2
the sayan house,16.811242881518265,16.52356082573315,Inclusive of taxes,8.42253807106599,"Sayan, Bali","Free wifi, Swimming pool, Free parking, Restaurant, Bar, Sauna, Airport transfer, Luggage storage","Elite Suite 1 King Bed Vision Accessible Valley View, Private Villa, Two-Bedroom Luxury Pool Villa, Luxury Two Bedroom Pool Villa, Room Assigned on Arrival",70 m² - 246 m²  ,"The food and drinks are delicious, the sunset is beautiful",0.8377234151969912,0.8284423924974113,0.702365673653514,0
the seiryu boutique villas,15.349573850230804,15.138852872163943,Inclusive of taxes,8.8,"Seminyak, Bali","Free Wi-Fi, swimming pool, free parking, spa, 24-hour reception, happy hour, golf course, massage","1 Bedroom Royal Pool Villa, 1 Bedroom Deluxe Villa, One Bedroom Pool Villa Suite, Deluxe Villa With Pool, One Bedroom Deluxe Villa, Royal Villa with Pool, Deluxe One Bedroom Pool Villa, ONE BEDROOM ROYAL WITH PRIVATE POOL, Deluxe One Bedroom Villa, Deluxe Villa",164 m² - 194 m²  ,Extraordinary,0.6249587790922967,0.6291131396649658,0.773584905514418,0
the sesari jimbaran,12.813664661036311,12.525983496352161,Inclusive of taxes,8.2,"Jimbaran, Bali","Free Wi-Fi, swimming pool, free parking, spa, 24-hour reception, restaurant, bar, massage","1 Bedroom Pool Villa, Deluxe Double Room, Deluxe Room with Pool Access, Deluxe Family, Deluxe Room, One Bedroom Royal Pool Villa, One Bedroom Royal Pool Villa, One Bedroom Pool Villa, Deluxe Double with Garden View, Villa With Pool",25 m² - 120 m²  ,Extraordinary,0.25582473829082214,0.2529895685632923,0.6603773583659663,0
the sintesa jimbaran bali,13.54726110972545,13.170959236983562,Inclusive of taxes,8.3,"Jimbaran, Bali","Outdoor pool, fitness center, shuttle service","Superior Room, Deluxe Room, Suite",34 m² - 68 m²,"Spacious rooms, good facilities",0.36260909104923034,0.3458340793092073,0.6792452828907085,2
the sintesa residence jimbaran,15.355577384540242,14.28113021663838,Inclusive of taxes,8.1,"Jimbaran, Bali","Free Wi-Fi, swimming pool, free parking, spa, 24-hour front desk, fitness center, restaurant, bar","One-Bedroom Apartment, Three-Bedroom Apartment, Two Bed Room Apartment (max 4 pax), One Bed Room, Three Bedroom Apartment, Two-Bedroom Apartment",100 m² - 200 m²  ,"Luxury hotel, luxury rooms, suitable for groups or families",0.6258326703531414,0.5056436271062467,0.6415094338412245,3
the somayan bungalows,12.337806799087664,12.15712396879829,Inclusive of taxes,8.9,"Nusa Penida, Bali","private bathroom, free WiFi, air conditioning, flat-screen TV, free parking, balcony, view, room service, parking, shuttle service","Deluxe Sea View Bungalow, Sea View Bungalow",26 m² - 29 m²  ,Sea view and quiet,0.18655753575189782,0.1998920949495053,0.7924528300391599,2
the st. regis bali resort - chse certified,16.13436272180865,15.846680682152352,Inclusive of taxes,9.0,"Nusa Dua Beach, Bali","Private beach, free wifi, pool with view, free parking, spa, 24-hour front desk, fitness center, restaurant","Gardenia Villa, Villa Suite, St Regis Suite, The Strand Villa, The Strand Residence",92 m² - 189 m²,A world class hotel you will miss once you leave,0.7391948442384534,0.7310052304378554,0.8113207545639017,3
the studio inn nusa dua,13.199326270390594,12.91164481522143,Inclusive of taxes,8.0,"Nusa Dua, Bali","Internet access, luggage storage, non-smoking property, daily housekeeping, English language, Indonesian language, Malay language","Deluxe room only, Junior Suite, Suite, Deluxe Room, Junior Suite, Suite, Luxury Room, Deluxe Room, Special Room, Room Assigned on Arrival",21 m² - 30 m²  ,"Near ITDC, spacious rooms, value for money",0.31196272179967405,0.30850566662457557,0.6226415093164828,4
the swaha hotel,13.342780014064054,12.649636042236997,Inclusive of taxes,8.7,"Batubulan, Bali","Free WiFi, swimming pool, free parking, spa, 24-hour reception, restaurant, massage, airport transfer","Deluxe, Family Studio, Deluxe Connecting Room, Studio Connecting Room, Studio Deluxe, Deluxe Studio Connecting Room, Deluxe Studio Connecting, Family Studio, Deluxe Studio, Deluxe Studio",25 m² - 64 m²  ,Small hotel with adequate facilities in the bedroom,0.3328442503244014,0.27078940102509247,0.7547169809896759,1
the swell,12.310437165348775,12.022756594390605,Inclusive of taxes,8.7,"Tanah Lot, Bali","Free wifi, Swimming pool with view, Free parking, Restaurant, Bar, Shuttle service, Poolside bar, Garden","King Room with Garden View, Suite, Bunk Bed in Mixed Dormitory Room, Bunk Bed in Female Dormitory Room, King Bed Room With Sea View, Female Dormitory, Female Dormitory with 5 Bed, Mixed Dormitory, Mix Dormitory with 5 Bed",16 m² - 34 m²  ,The best place in Bali! Make sure to try it at least once!,0.18257353524417394,0.1805498587207722,0.7547169809896759,4
the tiing tejakula villas,14.483955638388842,14.196273736772,Inclusive of taxes,8.7,"Tejakula, Bali","Private beach, free Wi-Fi, swimming pool with a view, free parking, spa, 24-hour reception, restaurant, bar","One Bedroom Superior Villa, One Bedroom Pool Villa, One Bedroom Villa with Private Pool with Mountain View, One Bedroom Pool Villa Sea View, Villa 1 Bedroom Pool View, Special Offer One Bedroom Pool Villa, One Bedroom Villa with Private Pool with Sea View, Villa 1 Bedroom Private Pool Mountain View",120 m² - 125 m²  ,Best Accommodation in Bali,0.49895696889732455,0.49342850355896106,0.7547169809896759,0
the trans resort bali,15.053885078862573,14.766203103029117,Inclusive of taxes,9.0,"Seminyak, Bali","White sand swimming pool, spa, fitness center, fine dining","Premier Room, Suite Room, Villa",50 m² - 150 m²,"Very luxurious and comfortable, suitable for families",0.5819174937576871,0.5754700592895229,0.8113207545639017,3
the tunjung boutique resort,13.053373363056153,12.765691290604371,Inclusive of taxes,8.42253807106599,"Canggu, Bali","Free Wi-Fi, swimming pool, free parking, express check-in/check-out, restaurant, bar, yoga room, massage","Deluxe Double Room, Superior Room with Pool View, Deluxe Room, Classic Room, Standard Double or Twin Room, Superior Room 1 Queen Bed Smoking Pool View, Classic Double Room 1 Bedroom, Standard Double or Twin Room 1 Bedroom (4 Queen Beds)",19 m² - 25 m²  ,"Very clean, quiet atmosphere, comfortable place like your own hotel",0.2907174080161001,0.2874955995305063,0.702365673653514,1
the unique homestay,12.222201867460045,11.934519795008264,Inclusive of taxes,8.5,"Ubud, Bali","Free WiFi, free parking, spa, 24-hour reception, restaurant, massage, airport transfer, kitchen",Standard,16 m² - 16 m²  ,Clean and in the middle of the city,0.16972975827070338,0.16784813685380848,0.7169811319401922,4
the vasini hotel,13.279368835614243,12.458390459140501,Inclusive of taxes,8.3,"East Denpasar, Bali","Free WiFi, swimming pool, rooftop bar, restaurant","Standard Room, Deluxe Room, Suite",22 m² - 50 m²,A comfortable choice with a strategic location in East Denpasar,0.32361394167103935,0.2432595243548025,0.6792452828907085,3
the village home,13.056225711649638,12.95086543340818,Inclusive of taxes,8.7,"Sanur, Bali","Free Wi-Fi, swimming pool with a view, free parking, spa, 24-hour reception, bar, yoga room, massage","Deluxe Twin Room, Deluxe Queen Room, Deluxe Twin Room, Room Assigned on Arrival, Epic Sale Deluxe Queen",26 m² - 30 m²  ,I've stayed here many times,0.2911326038624553,0.3141514899901744,0.7547169809896759,1
the village of angels,14.57716229080275,14.273958299389783,Inclusive of taxes,8.3,"Candidasa, Bali","Beachfront, Free wifi, Swimming pool with view, Free parking, Spa, 24-hour reception, Restaurant, Bar","Superior Oceanview Stay – Ground Floor, Luxe Double Room with Balcony and Ocean View, Double Room with Pool or Garden View, Superior Oceanview Stay – Upper Floor, Double Room with Side Ocean View, Oceanview Stay - Upper Floor, Double Room with Ocean View, Double Room with Balcony and Pool or Garden View, Four - bedrooms, Separate Entrances Beachfront Group Stay",20 m² - 230 m²  ,"I stayed in a single bedroom as I was alone, the room was clean and nice, the staff was helpful and the atmosphere was perfect",0.5125243901526784,0.5046112268063466,0.6792452828907085,3
the vinhill studio bali apartment,12.899222326086994,12.611541086966115,Inclusive of taxes,8.4,"South Denpasar, Bali","Free Wi-Fi, swimming pool, free parking, 24-hour front desk, shuttle service, kitchen, breakfast, room service","Deluxe Room, Premier Room Apartment with Pool View, Deluxe Room, Royal Room, Standard Room, Standard Room",18 m² - 32 m²  ,Clean comfort I can sleep well,0.268278751532412,0.2653056172775827,0.6981132074154504,1
the vira bali boutique hotel & suite,14.852779570812675,14.054272307776376,Inclusive of taxes,8.7,"Kuta, Bali","Free WiFi, swimming pool, restaurant, spa, 24-hour front desk","Superior Room, Deluxe Room, Suite",28 m² - 60 m²,Comfortable boutique hotel with a calm atmosphere in the middle of Kuta,0.5526440130154717,0.47298734217913474,0.7547169809896759,3
the visala boutique suite seminyak,14.832805771742212,14.316286451937186,Inclusive of taxes,8.6,"Seminyak, Bali","Beach, free Wi-Fi, swimming pool, free parking, spa, 24-hour front desk, restaurant, massage","Deluxe Room, Superior Room, Suite Room, Deluxe Pool View with Signature Massage, Family Suite, Honeymoon Package at Suite Room, Deluxe Tirtha Suite, Superior Wedari Suite, Room Assigned on Arrival",22 m² - 49 m²  ,Great room with great staff,0.5497365709065613,0.5107043809615632,0.735849056464934,3
the wakanda resort a pramana experience,14.672925637682516,14.242142721590062,Inclusive of taxes,9.0,"Kemenuh, Bali","Free wifi, swimming pool with view, free parking, spa, 24 hour front desk, fitness center, restaurant, bar","Suite Junior, Suite Royal, Wakanda Royal, Premier Suite, Deluxe Suite, Junior Suite Room, Presidential Suite",39 m² - 90 m²,Almost everything is good,0.5264639710118926,0.5000313619078282,0.8113207545639017,3
the wangsa hotel and villas benoa,13.601823403656804,13.31414174395001,Inclusive of taxes,8.5,"Tanjung Benoa, Bali","Private villas, swimming pool, free WiFi, beach access","Standard Room, One-Bedroom Villa, Two-Bedroom Villa",40 m² - 120 m²,Hotels and villas with complete facilities in Benoa,0.37055133129982687,0.3664452573260108,0.7169811319401922,2
the warji bisma,12.963405159864376,12.524530013005734,Inclusive of taxes,8.5,"Ubud, Bali","free Wi-Fi, swimming pool, free parking, airport transfer, garden, tours, private check-in/out, laundry","Deluxe Room, Double Room, Twin Room with View, King Room with Pool View, Twin Room, Deluxe Twin Room, Deluxe Double Room 1 Bedroom, Room Assigned on Arrival, Basic Twin Room, Standard Double Room 1 Bedroom",50 m² - 55 m²  ,"friendly staff, nice breakfest, nice rooms",0.27762138449548746,0.25278033906569247,0.7169811319401922,1
"the westin resort & spa ubud, bali",15.287064992603373,14.999382996674376,Inclusive of taxes,9.0,"The Westin Resort & Spa Ubud, Bali","Spa, wellness center, swimming pool, luxurious dining","Deluxe Room, Suite, Pool Villa",40 m² - 120 m²,Experience a luxurious stay in Ubud with the best facilities,0.6158598147838676,0.6090363964049076,0.8113207545639017,3
"the westin resort nusa dua, bali",15.202071883446008,14.914389810994226,Inclusive of taxes,8.8,"The Westin Resort Nusa Dua, Bali","Lagoon Pool, Tennis Courts, Spa, Wellness Center, Beachfront Access","Deluxe Room, Suite, Club Room",50m² - 60m²,Very comfortable and suitable for family vacation,0.6034879798785711,0.5968015940021303,0.773584905514418,2
the wina villa canggu,15.501909696719672,15.214227685996272,Inclusive of taxes,8.7,"Canggu, Bali","Free WiFi, swimming pool, free parking, spa, 24-hour reception, restaurant, bar, massage","2 Bedroom Pool Villa, Deluxe Private Pool villa, Villa with Private Pool, 1 bedroom Pool Villa, Deluxe One Bedroom Private Pool Villa, One-Bedroom Villa, Deluxe Two-Bedroom Villa with Private Pool, Deluxe One Bedroom Private Pool Villa, Deluxe Two Bedroom Private Pool Villa, One Bedroom Villa - Honeymoon Package",105 m² - 150 m²  ,Beautiful Villa,0.6471332113680874,0.6399633736690793,0.7547169809896759,0
the wolas villas & spa,15.419189117117243,14.620681555002927,Inclusive of taxes,8.8,"Seminyak, Bali","Free WiFi, swimming pool with view, free parking, spa, 24-hour reception, restaurant, bar, water park","2 Bedroom Pool Villa, 1 bedroom Pool Villa, One Bedroom Villa with Pool Part smoking, Villa, Royal SPA Villa with Special Spa Benefit, Room Assigned on Arrival, Two Bedrooms Villa, Two Bedrooms Villa with Pool Non smoking, VILLA Two-Bedroom Villa with Private Pool, VILLA Two-Bedroom Villa with Private Pool",200 m² - 300 m²  ,Great spacious villa in the heart of Seminyak,0.6350921722267042,0.5545221753950785,0.773584905514418,0
three brothers bungalows and villas,14.04662307257814,13.353476685668044,Inclusive of taxes,8.6,"Legian, Bali","Free Wi-Fi, swimming pool with view, free parking, 24-hour front desk, restaurant, bar, airport transfer, children's swimming pool","Two Bedroom Pool Villa, One Bedroom Pool Villa, Family Room, Deluxe Room, Superior Room, Jacuzzi Villa, Villa with Private Pool, Standard Double Room, Deluxe Suite Room, Family Suite",20 m² - 200 m²  ,This place has Balinese charm and beautiful gardens.,0.4352976163149635,0.3721075376087618,0.735849056464934,0
three brothers guest house,12.716903269283664,12.429220196836383,Inclusive of taxes,9.2,"Ubud, Bali","Free Wi-Fi, car parking, spa, 24-hour reception, yoga room, massage, airport transfer, kitchen","Deluxe Room, Deluxe, Deluxe Room with Air Conditioning, Deluxe Room, Deluxe Room, Deluxe Room (Fan), Deluxe Room (No Window), Single Room - De Luxe, Room Assigned on Arrival, Double No Air Conditioning",12 m² - 16 m²  ,Extraordinary,0.24173987922590645,0.23906045365905104,0.8490566036133854,1
tijili benoa hotel,14.452087916136215,14.021305284943853,Inclusive of taxes,8.8,"Tanjung Benoa, Bali","Private beach, free wifi, pool with view, free parking, spa, 24-hour front desk, fitness center, restaurant","Deluxe Room, Deluxe Double, Deluxe Terrace, Deluxe Sea View King, Deluxe Courtyard Balcony",24 m² - 31 m²,Little gem by the sea,0.49431821403324044,0.46824172631668604,0.773584905514418,3
tijili seminyak,14.159031465661672,13.782760067701082,Inclusive of taxes,8.9,"Seminyak, Bali","Rooftop pool, vibrant design, free WiFi, beach access","Standard Room, Deluxe Room, Loft Suite",25 m² - 70 m²,Colorful hotel with unique design in Seminyak,0.45166009669704094,0.43390304876580377,0.7924528300391599,2
tira vilagna suites & spa,15.873473195680898,15.585791165800417,Inclusive of taxes,9.4,"Kintamani, Bali","Free Wi-Fi, free parking, spa, fitness center, restaurant, bar, yoga room, massage","Superior King Room, Standard Queen Room, Deluxe Double, Premier Vintage Joglo Suite, King Room, Queen Room with Garden View, Tira Vilagna Mini Suite with Private Garden, Family Room, Studio Suite Twin Room, Premier Classic Joglo Suite",40 m² - 108 m²  ,Heaven on Earth!,0.7012190344607742,0.6934500822694586,0.8867924526628694,3
tirta ening agung hotel,13.199326270390594,12.91164481522143,Inclusive of taxes,8.3,"Sanur, Bali","Beach, free Wi-Fi, swimming pool, free parking, 24-hour front desk, water sports, water park, massage","Deluxe Double, Standard Room, Standard Twin, Deluxe Room, Superior Double, Superior Room",22 m² - 34 m²  ,"The facilities are good, very nice, not too noisy",0.31196272179967405,0.30850566662457557,0.6792452828907085,1
titik dua,14.687640812112774,14.636347539728382,Inclusive of taxes,9.1,"Ubud, Bali","Free wifi, swimming pool, free parking, 24 hour front desk, restaurant, bar, yoga room, airport transfer","Jeda Signature Room, Deluxe Room, Frasa Signature Room, Aksen Signature Room, Alinea Signature Room, Titik Dua Room, ",27 m² - 28 m²,"Beautiful place, great breakfast, great atmosphere and peace",0.5286059529967699,0.5567773000386256,0.8301886790886436,3
tribe bali kuta beach,14.30889984855057,14.021218183134401,Inclusive of taxes,9.1,"Kuta, Bali","Beach, free wifi, pool with view, free parking, spa, 24 hour front desk, fitness center, restaurant","Superior King Suite, TRIBE Comfort, TRIBE Comfort Balcony",28 m² - 54 m²,Good accommodation experience,0.4734753580636099,0.46822918797706453,0.8301886790886436,3
trijaya guest house,12.006865323259435,11.901508875709876,Inclusive of taxes,8.8,"Pemuteran, Bali","Beach, free Wi-Fi, free parking, spa, 24-hour front desk, restaurant, water sports, yoga room","Superior Room with AC, Standard Double Room, Deluxe Double or Twin Room, Deluxe Double Room, Standard Double or Twin Room, Superior Room, Standard Room, Economy Double Room",35 m² - 45 m²  ,Beautiful room and very helpful staff who went the extra mile for us.,0.13838476806691566,0.16309620207788758,0.773584905514418,1
trivara kuta,12.847929163278053,12.560247968016562,Inclusive of taxes,8.7,"Tuban, Bali","Swimming pool, free Wi-Fi, free parking, airport shuttle, parking & transportation, outdoor pool","Standard Room, Superior Room, Deluxe Room",20 m² - 40 m²  ,Great place and very friendly service by the people at Trivara Kuta,0.2608123751598549,0.2579219526937934,0.7547169809896759,1
tropical garden inn,12.387848219969552,12.100167537164209,Inclusive of taxes,8.6,"Nusa Penida, Bali","Free Wi-Fi, swimming pool, free parking, golf course, shuttle service, balcony/terrace, private check-in/check-out, laundry service","Economy Double Bed Room, Standard Double Room (Queen), Double Room with Pool View, Double Room, Deluxe Double Bed Room, Room Assigned on Arrival, 4 Bed Dormitory Rooms, Bed in 4-Bed Dormitory Room, Basic Double Bed Room, Double Room with Patio",16 m² - 30 m²  ,Good for a temporary stay,0.19384170506532894,0.19169319428430726,0.735849056464934,4
tropico jimbaran bali,12.687760868252662,12.331087248040829,Inclusive of taxes,8.8,"Jimbaran, Bali","Free Wi-Fi, swimming pool, free parking, spa, 24-hour reception, massage, airport transfer, family room","Deluxe Double Room, One Bedroom Suite, Deluxe Twin Room, Deluxe Room, Deluxe Double Room, Suite Balcony City View, Room Assigned on Arrival, Unique, Suite No Window, Suite Single Use",35 m² - 55 m²  ,Comfortable hotel,0.2374978297483193,0.22493417720397418,0.773584905514418,1
ubud 18,12.388398368982115,12.100717685412471,Inclusive of taxes,8.0,"Ubud, Bali","Free wifi, Swimming pool, Free parking, Spa, 24-hour reception, Restaurant, Bar, Massage",Standard,25 m² - 25 m²  ,"Very cheap, really clean and quiet place with aircon and even hot water in the heart of Ubud city!",0.19392178629572773,0.19177238834034666,0.6226415093164828,4
ubud canti accommodation,12.493763467943674,12.206082645480175,Inclusive of taxes,8.1,"Ubud, Bali","Free WiFi, Swimming Pool, Free Parking, 24-hour Reception, Restaurant, Airport Transfer, Family Room, Luggage Storage","Standard Double Room, Standard Double Room with Fan, Standard Queen Room, Standard Room with Fan, Standard Room 1 Double Bed Mountain View Executive Level, Executive Queen Bed Room, Double Room, Standard Room with Fan 1 Double Bed",15 m² - 20 m²  ,"Ubud Canti is very nice, nice rest room",0.20925902506786295,0.20693971565357572,0.6415094338412245,1
ubud glassy villas by pramana villas,13.98679138964125,13.699109317189468,Inclusive of taxes,8.8,"Ubud, Bali","Room service, elevator","Classic Villa, 1 Bedroom, Garden View, Classic One Bedroom Villa with Garden View, Deluxe Villa, Luxury Room, 2 Bedrooms, Suite, Family Room, Deluxe Villa, Luxury Two Bedrooms Room, One Bedroom Unit, Luxury Room, 2 Bedrooms (2 Twin Beds and 1 Queen Bed)",20 m² - 52 m²  ,"Small, private villa with a nice unique spa",0.4265883490491817,0.42186149043187887,0.773584905514418,0
ubud hills villa and resort,15.306165159633608,14.230879131140954,Inclusive of taxes,8.7,"Tegallalang, Bali","Free Wi-Fi, swimming pool with a view, free parking, spa, 24-hour reception, restaurant, bar, yoga room","One Bedroom Deluxe Villa with Private Pool, Family Suite, One Bedroom Villa with Pool Access, One Bedroom Villa with Valley View, 1-Bedroom Villa with Pool Access, 1-Bedroom Villa with Valley View, 1-Bedroom Villa with Private Pool, One Bedroom Suite with Pool, 1-Bedroom Pool Suite without Bathtub - Nyepi Package, Family Suite Two Bedrooms Villa with Pool",65 m² - 220 m²  ,Very Ubud vibes remote & peaceful,0.6186400885672886,0.4984099636464516,0.7547169809896759,0
ubud lestari villa,13.996557970047164,13.480039220276565,Inclusive of taxes,8.8,"Ubud, Bali","Free Wi-Fi, swimming pool, free parking, spa, 24-hour reception, restaurant, bar, yoga room","Two Bedroom Villa with Private Pool, Deluxe Room, Superior Room, Two Bedroom Villa, Deluxe Villa, Superior Villa, Deluxe Two Bedrooms Villa with Private Pool, Superior Two Bedrooms Villa",45 m² - 200 m²  ,Worth the price,0.42800999983439486,0.39032626408828447,0.773584905514418,0
ubud nyuh bali resort & spa,15.730497179678514,15.128125278260402,Inclusive of taxes,8.9,"Ubud, Bali","Beach, free WiFi, swimming pool, free parking, spa, 24-hour reception, fitness center, restaurant","Two Bedroom Pool Villa with Free Daily Activities, One Bedroom Deluxe Villa with Private Pool, Four-Bedroom Villa Pool Villa with Free Daily Activities, Honeymoon Pool Villa with Free Daily Activities, Three Bedroom Pool Villa with Free Daily Activities, One Bedroom Royal Villa with Private Pool, Honeymoon Suite with Free Daily Activities, Two Bedroom Villa with Private Pool, Suite King Bed with Free Daily Activities, Honeymoon Suite",65 m² - 300 m²  ,Great resort,0.6804070453132367,0.6275688983164772,0.7924528300391599,0
ubud padi villas,15.169281985643034,14.881599999279382,Inclusive of taxes,9.0,"Kedewatan, Bali","Free Wi-Fi, swimming pool, free parking, spa, 24-hour front desk, restaurant, bar, massage","One Bedroom Private Pool Villa with Rice Field View, 1-Bedroom Sacred Valley View Villa with Private Pool, 1-Bedroom Rice Field View Villa with Private Pool, One Bedroom Private Pool Villa with Sacred Valley View, One-Bedroom Private Pool Villa with Valley View, Special Offer - One-Bedroom Pool Villa with Trekking and Eight-Hour Tour, One Bedroom Deluxe Villa with Rice Field View, One Bedroom Deluxe Villa with Valley View, Special Offer - One Bedroom Sacred Valley Pool Villa with Trekking and Massage, Pool Villa 1 Bedroom",25 m² - 100 m²  ,Very quiet and beautiful view,0.5987149905597682,0.5920814877495524,0.8113207545639017,0
ubud raya villa,14.626441218624949,14.269766465162304,Inclusive of taxes,9.0,"Sayan, Bali","Free Wi-Fi, swimming pool, free parking, spa, express check-in/check-out, restaurant, bar, yoga room","One Bedroom Deluxe Villa with Private Pool, One Bedroom Pool Villa, Two Bedroom Villa with Private Pool, Three Bedroom Villa, Two Bedrooms Pool Villa, Three Bedroom Pool Villa, Deluxe One Bedroom Private Pool Villa with Free Benefits, Superior One-Bedroom Villa with Private Pool, Superior One Bedroom Private Pool Villa, Villa Two Bedrooms",180 m² - 300 m²  ,The Best Places to Relax in Bali If You Plan to Spend the Whole Day in Your Hotel Room,0.5196975688417584,0.504007810625767,0.8113207545639017,0
ubud sari health resort,13.705351882861493,13.164847989010484,Inclusive of taxes,8.5,"Ubud, Bali","Free wifi, Swimming pool with view, Free parking, Spa, 24-hour reception, Fitness center, Restaurant, Yoga room","Superior Double Room with River View, Superior Room with River view, Deluxe Double Room with Garden View, Deluxe Room with Garden View and Free Benefits, Deluxe Garden View Double Room, Superior Room with River View and Free Benefits, Superior Double Room, Room Assigned on Arrival",32 m² - 32 m²  ,The view around the hotel is very natural,0.38562122655857517,0.3449543627673853,0.7169811319401922,1
ubud tropical,12.031725210748633,11.744045122410057,Inclusive of taxes,8.7,"Ubud, Bali","Free Wi-Fi, swimming pool with a view, free parking, 24-hour check-in, bar, airport transfer, family room, kitchen","2 People in 6-Bed Dormitory - Mixed, Glamping 2-Bedroom Tent for 4 People, Standard Glamping Tent, 1 Person in 6-Bed Dormitory - Female Only, 1 Person in 10-Bed Dormitory - Mixed, 1 Person in 4-Bed Dormitory - Mixed, Bed in 4-Bed Mixed Dormitory Room, Tent (4 Adults) with Balcony and Pool View, 6-Queen Size Beds Mixed Dormitory, Tent (2 Adults) with Garden View",12 m² - 56 m²  ,Beautiful Place to Stay,0.14200344288455471,0.14042923305200578,0.7547169809896759,4
ubud village hotel,14.344167455420447,13.967902835565239,Inclusive of taxes,8.8,"Monkey Forest, Bali","Free Wi-Fi, swimming pool, free parking, spa, 24-hour reception, fitness center, restaurant, bar","Junior Suite, Deluxe Room, Junior Suite Pool View, Premier Deluxe, One Bedroom Villa, Rooftop Villa, One Bedroom Villa, Premier Deluxe Room with Balcony, Junior Suite (2 Adults), Early Booker Hot Deal Deluxe Double or Twin Room",38 m² - 90 m²  ,Stay Comfortable in This Beautiful Hotel,0.47860900965048336,0.4605544227906074,0.773584905514418,3
ultimate residence bali,13.228525371792253,12.44545562071943,Inclusive of taxes,9.2,"South Denpasar, Bali","Free Wi-Fi, swimming pool with view, free parking, 24-hour reception, restaurant, bar, airport transfer, luggage storage","King Suite with Balcony, Superior Double Room, Suite, Regular King Bed, Superior Twin Room, King Room Regular, Suite Room Special Offer, Regular Room",17 m² - 30 m²  ,Comfortable and beautiful place,0.31621302474194535,0.24139754929259918,0.8490566036133854,1
ulu segara luxury suites and villas,14.601870265246388,14.391149290165293,Inclusive of taxes,8.8,"Nusa Dua Beach, Bali","Private pool, beachfront, luxury suites, spa","One-Bedroom Suite, Two-Bedroom Villa",100 m² - 400 m²,Exclusive resort with spectacular sea views,0.5161209520821285,0.5214809158767134,0.773584905514418,2
uma emas residence,12.327869835898621,12.10472628458441,Inclusive of taxes,7.4,"Sanur, Bali","WiFi, air conditioning, airport shuttle, 24-hour reception, free parking","Uma Suites, Superior Room",15 m² - 25 m²  ,The place is neat and comfortable without noise,0.18511108357178957,0.1923494277628385,0.5094339621680314,4
uma kutuh 2,12.570719231334277,12.214045775484509,Inclusive of taxes,8.0,"Ubud, Bali","Free WiFi, swimming pool with a view, free parking, 24-hour check-in, restaurant, airport transfer, luggage storage, balcony/terrace","Deluxe Room, Superior Room, Standard Room, Superior Double Room, Deluxe Double Room, Room Assigned on Arrival, Single Room, Superior Single Room",40 m² - 40 m²  ,Excellent price-quality ratio,0.22046092142297588,0.20808601133988291,0.6226415093164828,1
uma kutuh bungalow,12.160431767150378,11.872751439194495,Inclusive of taxes,7.3,"Ubud, Bali","free WiFi, free parking, 24-hour reception, massage, airport transfer, garden, tours, laundry service","1 Person in 8-Bed Dormitory - Mixed, Deluxe Room with Garden View, 1 Person in 16-Bed Dormitory - Mixed, Deluxe Double Bed Room, Superior Room, Bed in Shared Room",4 m² - 90 m²  ,"Cheap and Comfortable Place, Just Lacking Some Basic Things",0.1607383295455831,0.15895655781628562,0.4905660376432894,4
uma mani villa,13.304686600863562,13.017005083966255,Inclusive of taxes,8.6,"Jimbaran, Bali","Free Wi-Fi, swimming pool, free parking, spa, 24-hour check-in, fitness center, restaurant, bar","1 Bedroom Pool Villa, Three Bedroom Family Villa, Standard Cottage 1 Bedroom, Balinese Bungalow, 3 Bedroom Family, Deluxe King Suite, Bungalow Pool View, Single Bed in Mixed Dormitory Room, One Bedroom Private Villa, Pavilion Deluxe Villa",35 m² - 250 m²  ,Great hotel if you are looking for a life rest,0.3272992664572605,0.3236723186200369,0.735849056464934,0
umah anila,12.614240763879113,12.326558691427334,Inclusive of taxes,8.9,"Ubud, Bali","free Wi-Fi, spa, 24-hour front desk, massage, airport transfer, shared kitchen, luggage storage, balcony/terrace","Superior Room, Standard Room, Room Assigned on Arrival, Honeymoon Suite, Single Room, Standard Room (No Window, Area: 24), Superior Suite, Smoking Twin Room, Superior Single Room",24 m² - 24 m²  ,Awesome place with great breakfast!,0.22679603753778102,0.22428228970390549,0.7924528300391599,1
umah hijau tabanan,12.380492230483828,11.902457648814208,Inclusive of taxes,7.7,"Tabanan Kota, Bali","Free Wi-Fi, free parking, spa, express check-in/check-out, bar, yoga room, massage, airport transfer","Family Room, Suite Room, Double Bunk Bed, Deluxe Room, Standard Room, Dormitory, Suite Room - Room Only FC, Room Assigned on Arrival",21 m² - 48 m²  ,"The accommodation is comfortable, the cleanliness and facilities are also good, it's just that sometimes the staff are not always there when needed.",0.19277094664285524,0.163232778338251,0.566037735742257,1
umasari rice terrace villa,13.259513215551562,12.883278434619003,Inclusive of taxes,8.8,"Marga, Bali","Free Wi-Fi, swimming pool with a view, free parking, 24-hour check-in, restaurant, yoga room, golf course, massage","Family Duplex, Riverside Suite, Wooden House, Suite Bungalow, Garden Bungalow in Separate Compound, Duplex Family Suite, Joglo Villa, Balinese Bungalow, Double Bed, Riverside Twin Room",32 m² - 80 m²  ,Quiet and comfortable,0.3207237020293414,0.30442231501496836,0.773584905514418,1
urban styles inata bisma ubud,13.60479076121576,12.91164481522143,Inclusive of taxes,8.5,"Monkey Forest, Bali","Outdoor swimming pool, free Wi-Fi, restaurant, room service and free shuttle to Ubud area","Deluxe Room, Superior Room",25m² - 30m²,"Very close to Monkey Forest, quiet and comfortable atmosphere. Staff service is very good",0.3709832681731612,0.30850566662457557,0.7169811319401922,2
utari residence legian,12.360226182496207,12.07254696717504,Inclusive of taxes,8.7,"Legian, Bali","Internet access, car parking, 24-hour reception, luggage storage, smoke-free property","Deluxe Room, Superior Room",25 m² - 50 m²  ,"The place is comfortable, the service is good, the staff are friendly, Utari Residence can be used for daily, weekly or monthly stays",0.18982096396341902,0.18771720240489595,0.7547169809896759,4
valomia guesthouse,12.22933008240692,11.941651266652945,Inclusive of taxes,8.2,"West Denpasar, Bali","Free wifi, Free parking, 24-hour reception, Restaurant, Luggage storage, Breakfast, Room service, Safety deposit box","Deluxe Room Double Room Only, DELUXE ROOM TWIN ROOM ONLY, Standard Room",16 m² - 16 m²  ,Clean room and quiet place,0.1707673611936523,0.1688747149931671,0.6603773583659663,4
van santri homestay pemuteran,12.06297564803595,11.775297421715827,Inclusive of taxes,9.0,"Pemuteran, Bali","free WiFi, free parking, spa, 24-hour reception, fitness center, restaurant, water park, massage","Standard Double Room, 1 Double Bed, Park View, Superior Double Bed Room with Park View, Superior Double Room with Air Conditioning and Terrace, Standard Double Room with Fan, Standard Double with Balcony, Standard Double with Fan, Standard Double Room",30 m² - 32 m²  ,Very friendly staff and owners. Clean and beautiful rooms. Will definitely come back again.,0.1465523440210125,0.14492801379046977,0.8113207545639017,1
vico hotel,12.094364246849544,11.806684038040606,Inclusive of taxes,7.7,"Tanjung Benoa, Bali","Beach, free WiFi, swimming pool, free parking, 24-hour reception, restaurant, bar, water sports","One Bedroom Villa, Two Bedroom Villa, Standard Room, Standard Villa, Deluxe Twin Room Type A, Deluxe Room, Superior Room",10 m² - 20 m²  ,Stay with locals in Nusa Dua,0.15112135633601528,0.14944612951648314,0.566037735742257,1
vidi boutique hotel,13.51575725380498,13.159082888234298,Inclusive of taxes,8.8,"Jimbaran, Bali","Free Wi-Fi, swimming pool, free parking, spa, 24-hour front desk, restaurant, bar, water sports","Family Room, Executive Suite Pool View, Deluxe Suite, Junior Suite with Pool View, Junior Suite, Suite, Deluxe 2 Bedrooms",48 m² - 96 m²  ,The staff was very friendly and helpful. The breakfast was excellent.,0.3580233015870908,0.3441244742502732,0.773584905514418,3
vije boutique resort and spa,14.45736497045232,14.026582337760486,Inclusive of taxes,8.8,"Ubud, Bali","Free Wi-Fi, swimming pool, free parking, debate room, 24-hour reception, restaurant, bar, yoga room","Garden View Suite, River View Suite, Villa with Private Pool and Garden View, Villa with Private Pool and River View, Presidential Suite with Jacuzzi and Valley View, Villa with Private Pool and River View, River View Suite Room, Garden View Suite Room, Villa with Private Pool and Garden View",54 m² - 154 m²  ,Very good,0.49508635683249086,0.4690013601386666,0.773584905514418,3
villa ad,14.74504677974631,14.45736497045232,Inclusive of taxes,7.5,"Ungasan, Bali","Free Wi-Fi, swimming pool, airport transfer, balcony/terrace, private check-in/check-out, non-smoking rooms, daily housekeeping, air conditioning in public areas",One-Bedroom Villa,230 m² - 230 m²  ,Lovely villa,0.5369621263522587,0.5310126890158683,0.5283018866927732,4
villa ambara bali,15.686832003948657,15.463688491114478,Inclusive of taxes,8.42253807106599,"Canggu, Bali","Private pool, fully equipped kitchen, free Wi-Fi, garden","3-Bedroom Villa, 2-Bedroom Villa",100 m² - 200 m²  ,Best Villa in CANGGU!!!,0.6740510200942941,0.675873354374413,0.702365673653514,0
villa baba lovina,13.053373363056153,12.765691290604371,Inclusive of taxes,9.7,"Lovina, Bali","Free Wi-Fi, swimming pool, car parking, daily housekeeping, 24-hour security, English language, Indonesian language","Panoramic Villa, Three Bedroom Panoramic Pool Villa, Wood View Single Room with Balcony, Classic Villa, Villa with 3 Bedrooms, Pool View, Beachfront, One Bedroom Ocean View Villa",15 m² - 15 m²  ,The delightful villa has a beach view and beach access,0.2907174080161001,0.2874955995305063,0.9433962262370948,0
villa bebek cottages sanur,13.83531416565213,13.547632419997361,Inclusive of taxes,9.4,"Sanur, Bali","Free Wi-Fi, swimming pool, free parking, spa, 24-hour reception, restaurant, bar, massage","Classic Suite Room, Family Bungalow, Premier Suite, Standard Suite Pool View, Two Bedroom Cottage, One Bedroom Cottage, One-Bedroom Bungalow, Two Bedroom Cottages, One Bedroom Cottages",40 m² - 300 m²  ,The atmosphere and restaurant are nice,0.40453890026814926,0.4000563316900283,0.8867924526628694,0
villa das meer,13.351888125506433,13.064206582995375,Inclusive of taxes,8.6,"Banjar, Bali","Free Wi-Fi, swimming pool, free parking, family room, kitchen, balcony/terrace, garden, non-smoking room","Private Villa, Villa with Private Pool",140 m² - 140 m²  ,Great to stay in a house,0.33417005252391285,0.3304669929120378,0.735849056464934,0
villa essence seminyak,15.438193960306256,15.150511887854474,Inclusive of taxes,9.0,"Seminyak, Bali","Beach, free Wi-Fi, swimming pool, free parking, massage, airport transfer, family room, balcony/terrace",Three Bedroom Villa with Private Pool ,520 m² - 520 m²  ,Beautiful staff and easy location,0.6378585704049398,0.6307914595448836,0.8113207545639017,0
villa green house penida aka citronella homestay,12.493755967981173,11.858881162515992,Inclusive of taxes,8.1,"Nusa Penida, Bali","Free Wi-Fi, free parking, 24-hour reception, restaurant, bar, yoga room, airport transfer, shared kitchen","Double Room with Terrace, Double Room, Standard Twin Room, Room - Garden View, Standard Twin Room with Garden View, Room Assigned on Arrival",16 m² - 16 m²  ,"A relatively new hotel in Nusa Penida, clean, quiet place and friendly staff",0.20925793335232523,0.1569599260501584,0.6415094338412245,1
villa harmony residence,14.89392047945086,14.606238520377719,Inclusive of taxes,8.0,"Seminyak, Bali","Beach, free Wi-Fi, swimming pool, free parking, 24-hour reception, bar, golf course (within 3 km), water park","Villa with Private Pool, Four-Bedroom Villa with Private Pool, Garden View Villa, Six-Bedroom Villa with Garden and Pool, Deluxe, Luxury Private Villa, Four Bedroom Villa with Pool - Villa Walet, Four Bedroom Villa with Pool & Balcony - Villa Angsa, Five Bedroom Villa with Pool & Garden - Villa Cendrawasih, Three Bedroom Villa with Pool - Villa Walet",40 m² - 151 m²  ,Tired and Poorly Managed,0.5586325988499201,0.5524430948979564,0.6226415093164828,0
villa jj and spa ubud,13.18234779433334,12.994532278619134,Inclusive of taxes,8.8,"Ubud, Bali","Beach, free Wi-Fi, swimming pool, free parking, spa, 24-hour front desk, restaurant, bar","Deluxe, Apartment with Sea View, Middle - Superior Double Room, Deluxe Room with Hammock, Double Room, Room Assigned on Arrival, Upper Room, Middle Room, Upper - Superior Double Room",21 m² - 55 m²  ,cute hiding place,0.3094912872939077,0.3204373494791835,0.773584905514418,1
villa kayu raja,15.234029098089882,14.2397771387858,Inclusive of taxes,8.6,"Seminyak, Bali","Beach, free wifi, swimming pool, free parking, spa, 24 hour front desk, fitness center, restaurant","2 Bedroom Pool Villa, 1 Bedroom Pool Villa, 2 Bedroom Villa, One Bedroom Pool King Villa",70 m² - 170 m²,A fun short weekend,0.6081397615056571,0.49969083533565734,0.735849056464934,0
villa kumuda by nakula,15.350359828895494,15.127216331453326,Inclusive of taxes,7.9,"Canggu, Bali","Free Wi-Fi, swimming pool with a view, free parking, golf course (within 3 km), massage, kitchen, balcony/terrace, garden","3 Bedroom Superior Pool View, Three Bedroom Villa with Private Pool",20 m² - 40 m²  ,"very stylish, clean and comfortable",0.6250731883470589,0.6274380550672188,0.6037735847917409,0
villa ley double six by best deals asia hospitality,15.81360659578337,14.897316067298997,Inclusive of taxes,8.8,"Legian, Bali","Outdoor swimming pool, free Wi-Fi, airport shuttle, family room, non-smoking rooms, free parking, air conditioning, daily housekeeping, terrace, breakfast","1-Bedroom Villa, 2-Bedroom Villa",200 m² - 250 m²  ,Excellent!,0.6925046845844526,0.5943438219029302,0.773584905514418,3
villa mandi resort & spa,15.550699852070762,13.653580866596316,Inclusive of taxes,8.4,"Ubud, Bali","Free Wi-Fi, swimming pool, free parking, spa, 24-hour reception, restaurant, bar, massage","Superior Garden View Room, 1-Bedroom Pool Villa, Garden Villa, 1-Bedroom Private Pool Villa - Half Board, Standard Villa, Superior Garden View",35 m² - 100 m²  ,Just normal,0.6542352429679652,0.41530765211820436,0.6981132074154504,0
villa mandi ubud,14.372265686684402,12.69186965026195,Inclusive of taxes,8.3,"Ubud, Bali","Free Wi-Fi, swimming pool, free parking, spa, 24-hour reception, restaurant, bar, massage","1 Bedroom Pool Villa, Deluxe Rice Paddies Villa, Superior, Joglo Villa, Villa One Bedroom, Standard Room, Villa One Bedroom Private Pool",35 m² - 100 m²  ,Very nice staff and villa,0.4826990668536487,0.27686894545923324,0.6792452828907085,0
villa ombak kedungu,12.899222326086994,12.611541086966115,Inclusive of taxes,8.5,"Tanah Lot, Bali","Internet access, 24-hour reception, luggage storage, 24-hour room service, laundry service, smoking area, cash withdrawa","Guest Room, Deluxe Room Back Side, Deluxe Front Side, Twin Room Front Side, Twin Room Back Side, Twin, One King Bed, Guest Room (Air Conditioner)",25 m² - 78 m²  ,Enough,0.268278751532412,0.2653056172775827,0.7169811319401922,4
villa paradise uluwatu,16.322396141644962,16.034714150714915,Inclusive of taxes,8.5,"Ungasan, Bali","Swimming pool, Free parking, Kitchen, Balcony/Terrace, Breakfast, Fan, Refrigerator, Kitchen basics (cookware, oils, condiments)",Private Villa,1300 m² - 1300 m²  ,Good Place,0.7665655152252743,0.7580727219615803,0.7169811319401922,3
villa puri ayu,13.798738693263765,13.26575351252952,Inclusive of taxes,8.5,"Sanur, Bali","Free Wi-Fi, swimming pool, free parking, spa, 24-hour reception, fitness center, restaurant, bar","Grand Deluxe Twin, Emerald King Room, Two-Bedroom Suite Apartment, Grand Deluxe Double, Deluxe Double, 1 Bedroom Garden View, 2 Bedroom Garden View, Two Bed Room Apartment with Garden, Emerald Tower Emerald Suite, Standard Room",12 m² - 50 m²  ,Absolute best for your budget!!!!,0.39921487211506357,0.35947975244097813,0.7169811319401922,3
villa puri cili ubud,13.601699572468275,12.88835097352501,Inclusive of taxes,7.9,"Sukawati, Bali","Free Wi-Fi, swimming pool with view, free parking, shared kitchen, balcony/terrace, garden, tours, laundry service","Standard Double Room, Deluxe Double Room with Balcony, Deluxe Double Room, 2 Bedroom Villa, 1 Bedroom Villa, Suite Room, Deluxe Double Room, Puri Cili 1 BR Rice-field View, Puri Cili 1 BR Rice-field View with Breakfast, Standard Room",18 m² - 35 m²  ,Nice holiday,0.370533306085362,0.3051525089793288,0.6037735847917409,1
villa seminyak estate & spa by astadala,14.128861108158517,13.772186477502716,Inclusive of taxes,8.7,"Seminyak, Bali","Private pool, spa, free WiFi, luxury villas","Lagoon Villa, One-Bedroom Villa, Two-Bedroom Villa",90 m² - 250 m²,Luxury villa with private pool and spa services,0.4472684149976257,0.4323809763110568,0.7547169809896759,0
villa tangtu beach inn,14.04662307257814,12.660331092405906,Inclusive of taxes,7.7,"Sanur, Bali","Beach, free Wi-Fi, swimming pool, free parking, 24-hour reception, luggage storage, garden, taxi service","Studio, Two Bedroom, Room Assigned on Arrival, Special Offer Room, Studio Single Room, Deluxe Room (Room Only), Water View, Deluxe Suite, Deluxe Two Bedrooms Room (No Window)",25 m² - 35 m²  ,"The hotel is scary, the atmosphere makes you shiver",0.4352976163149635,0.27232895769022114,0.566037735742257,1
villas at the patra bali resort & villas - chse certified,15.322705312948694,14.603968372873895,Inclusive of taxes,8.4,"Kuta, Bali","Private beach, free Wi-Fi, swimming pool with a view, free parking, spa, 24-hour reception, fitness center, restaurant","Honeymoon Villa, Deluxe Suite, Deluxe Room Double, Garden Villa, Executive Villa with Sea View with Free Return Airport Transfer, Special Offer Interconnecting Deluxe Double and Twin Room, Special Offer Two Deluxe Double or Twin Rooms, Flash Deal at Deluxe Room with Free Upgrade to Deluxe Suite, Double Room, Honeymoon Villa with Private Pool with Free Return Airport Transfer",43 m² - 86 m²  ,Hidden Gem in South Kuta,0.62104771958763,0.5521163062747018,0.6981132074154504,3
vinila villas nusa dua by nakula,15.532681349774753,15.176006482796081,Inclusive of taxes,8.8,"Nusa Dua, Bali","Private pool, luxurious dining, free WiFi, spa","Two-Bedroom Pool Villa, Three-Bedroom Pool Villa",100 m² - 300 m²,A luxurious choice for family or group holidays,0.651612419331355,0.6344614164826462,0.773584905514418,0
visesa ubud resort,15.17757677361224,14.66105774395779,Inclusive of taxes,8.9,"Ubud, Bali","Free Wi-Fi, swimming pool with a view, free parking, spa, 24-hour reception, fitness center, restaurant, bar","Two Bedroom Sky Infinity Pool Villa, 2 Bedroom Lagoon Villa with Private Pool, Two-Bedroom Royal Sky Villa, 2 Bedroom Lagoon Villa with Private Infinity Pool, Jungle Suite, 1 Bedroom Rice Field View Pool Villa, Jungle Suite with Private Balcony, River Valley Suite with Hot Tub, 1 Bedroom River Valley Villa with Private Pool, One Bedroom Sky Infinity Pool Villa",53 m² - 252 m²  ,Great accommodation,0.5999224031176433,0.5603343436258232,0.7924528300391599,0
vista  penginapan tabanan,12.81584093453868,12.52815976788113,Inclusive of taxes,7.5,"Tabanan Kota, Bali","Air conditioning, swimming pool, 24-hour front desk, parking, Wi-Fi","VIP Room (Air Conditioner), VIP Room",12 m² - 12 m²  ,Not as described. No WiFi or hot air.,0.25614152275425717,0.2533028437031597,0.5283018866927732,4
visual inn,12.302809080476186,12.015130034003953,Inclusive of taxes,9.3,"Nusa Penida, Bali","Free Wi-Fi, swimming pool, free parking, 24-hour reception, restaurant, kitchen, garden, room service","Deluxe Room, Standard Room ",15 m² - 20 m²  ,Comfortable Place in Penida,0.18146316985546304,0.1794520123628925,0.8679245281381276,2
vouk hotel & suites,14.266586814266963,13.965481945273543,Inclusive of taxes,8.2,"Nusa Dua Beach, Bali","Beach, free wifi, pool with view, free parking, spa, 24 hour front desk, fitness center, restaurant","Suite, Deluxe Room, Superior Room, Luxury Suite, Deluxe Luxury, Executive Suite ",51 m² - 122 m²,Children's school holidays 1 - 5 July 2019,0.4673161543388738,0.4602059346839354,0.6603773583659663,3
wadari retreat villa ubud,14.585619242623203,14.214555769230106,Inclusive of taxes,8.5,"Sukawati, Bali","Free wifi, Swimming pool with view, Free parking, Spa, 24-hour reception, Restaurant, Bar, Massage","Suite Room, Family Room, Deluxe Room, One-Bedroom Bamboo Pool Villa, Executive Suite, One-Bedroom Bamboo Villa with Garden View, One-Bedroom Wooden Pool Villa, One-Bedroom Wooden Villa with Garden View, Imperial Room, 1 BR BAMBOO GARDEN VIEW",40 m² - 110 m²  ,A great place to have a peaceful rest with family,0.5137554077347151,0.496060209299323,0.7169811319401922,3
wahyu dana hotel,12.948012371209098,12.660331092405906,Inclusive of taxes,8.2,"Lovina, Bali","Free Wi-Fi, swimming pool, free parking, 24-hour reception, restaurant, bar, water sports, massage","Deluxe, Suite, Superior Double Twin Room, Deluxe Double or Twin Room with Balcony, Standard Room, Superior Room (Part smoking), Suite, Superior Room",40 m² - 56 m²  ,Good hotel,0.2753807670870499,0.27232895769022114,0.6603773583659663,1
wahyu masari homestay penida,12.705031132543777,12.417350072029315,Inclusive of taxes,9.0,"Nusa Penida, Bali","free WiFi, free parking, shuttle service, balcony/terrace, garden, breakfast, contactless check-in/check-out, laundry service",Deluxe Double Room,16 m² - 16 m²  ,Very beautiful property and lovely hosts,0.24001173776626125,0.23735174453903626,0.8113207545639017,2
wakasih,12.206077645517674,11.918397239722838,Inclusive of taxes,8.0,"Semarapura Kelod, Bali","Wi-Fi, free parking, AC, laundry service, suitable for children","Economy Twin Room, Economy Double Room, Budget Double Room",15 m² - 20 m²  ,Quite good enough just not cleaned every day only,0.16738267138536503,0.16552728869914152,0.6226415093164828,4
wapa di ume resort & spa,15.257712787429051,14.712985783178326,Inclusive of taxes,9.0,"Ubud, Bali","Free Wi-Fi, swimming pool, free parking, spa, 24-hour reception, fitness center, restaurant, bar","1-Bedroom Pool Villa, Lanai Room, Suite, Royal Family Pool Villa, Di Ume Suite, Suite with Free Daily Balinese Massage, Family Pool Villa, One-Bedroom Pool Villa with Free Daily Balinese Massage, Lanai Room with Free Daily Balinese Massage, Lanai",46 m² - 144 m²  ,"Stay in the rice fields, enjoy the quiet life",0.611587225627837,0.56780940523156,0.8113207545639017,3
watermark hotel and spa bali,13.910054080325505,13.533864896336572,Inclusive of taxes,8.7,"Jimbaran, Bali","Swimming pool, spa, fitness center, free WiFi","Deluxe Room, Executive Suite, Family Suite",35 m² - 80 m²,A hotel with complete facilities and friendly service,0.4154182514807625,0.3980744912610884,0.7547169809896759,3
waterside inn nusa penida,12.798332623564841,12.710480720812354,Inclusive of taxes,7.6,"Nusa Penida, Bali","Private beach, free Wi-Fi, swimming pool with a view, restaurant, shuttle service, family room, balcony/terrace, garden","Standard Double Room, Deluxe Double Room with Sea View, Standard Twin Room (4 adults), Deluxe Family Room",30 m² - 60 m²  ,"Nice, Comfortable, Beautiful Sunrise, Near Sampalan Harbor Only 7 Minutes From There",0.2535929639947713,0.2795480163619907,0.5471698112175151,1
watu jineng by wizzela,12.854486546624395,12.497812723130284,Inclusive of taxes,8.0,"Nusa Penida, Bali","Free Wi-Fi, Free parking, Front desk [24-hour], Restaurant, Water park, Massage, Shuttle service, Pets allowed","Deluxe Bungalow, Mixed Dorm, Deluxe Double Room, Deluxe Cottage, 1 Double Bed, Garden View, Bungalow with Garden View, Deluxe Cottage,1 Double Bed,Garden View, Room Assigned on Arrival",20 m² - 40 m²  ,Cheap single cottage,0.26176688623699973,0.24893437471280913,0.6226415093164828,1
wawa wewe ii villas,13.458835614025542,13.17115354157376,Inclusive of taxes,8.2,"Amed, Bali","Private beach, free Wi-Fi, swimming pool with a view, free parking, 24-hour front desk, restaurant, bar, water sports","Standard Double Room, Deluxe Cottage with Sea View, Family Cottage with Side Sea View, Family Room, Superior Room, Cottage with Partial Ocean View, Family Bungalow, Superior Bungalow",30 m² - 45 m²  ,Good accommodation and view,0.34973762834990996,0.34586204953114935,0.6603773583659663,1
wayan mansion,12.483708170000067,12.19602736016897,Inclusive of taxes,8.5,"South Denpasar, Bali","Garden, room service, English language, Indonesian language","Standard, Superior Room, Superior Double Room, Single Room, Sunshine Queen Room, Elegant Queen Room, Sunshine 2-bed Room, Suite With Cards, Deluxe Theme Queen Room",18 m² - 20 m²  ,Affordable distance to the city center. Contemporary pool design,0.2077953477496048,0.20549225339055247,0.7169811319401922,4
white sandy beach menjangan,12.847929163278053,12.560247968016562,Inclusive of taxes,8.5,"Menjangan, Bali","free Wi-Fi, spa, 24-hour front desk, restaurant, bar, water sports, massage, airport transfer","Standard Room with Sea View, Bungalow with Sea View",21 m² - 21 m²  ,"Hidden gem! Cute little cabins, great snorkeling and diving, very friendly!",0.2608123751598549,0.2579219526937934,0.7169811319401922,1
wide sands beach retreat,14.108180918195472,13.473303307544203,Inclusive of taxes,8.6,"Mendoyo, Bali","Private beach, free Wi-Fi, swimming pool with a view, free parking, 24-hour reception, restaurant, bar, water sports","Superior Room, Deluxe Room, Private Pool Villa Suite, Garden Suite, Villa with Garden View, Garden Villa, Villa With Private Pool",30 m² - 77 m²  ,Amazingly peaceful place right on the beach,0.4442581486528653,0.38935662680944505,0.735849056464934,0
wina holiday villa kuta bali,13.729477611246503,13.518756795208306,Inclusive of taxes,8.3,"Kuta, Bali","Beach, free Wi-Fi, swimming pool, free parking, spa, 24-hour reception, fitness center, restaurant","Deluxe Pool View, Deluxe Pool Access Room, Deluxe Pool View Room, Deluxe Quadruple Room, Superior Pool View Room, Superior Pool View Room with Balcony, Junior Suite, Interconnecting Superior Room, Deluxe Room, Family Room",24 m² - 52 m²  ,Recommended hotel for small families,0.38913303512174635,0.39589967418009164,0.6792452828907085,3
wirton seminyak boutique hotel,13.056225711649638,12.768544351446794,Inclusive of taxes,8.3,"Seminyak, Bali","Free Wi-Fi, swimming pool, free parking, 24-hour reception, family room, balcony/terrace, room service, laundry service.","Superior Double or Twin Room, Suite, Double Room",14 m² - 24 m²  ,Didn't expect much for that price,0.2911326038624553,0.28790629875740087,0.6792452828907085,1
wk gamat garden by wizzela,12.972268129850695,12.461443280714345,Inclusive of taxes,8.6,"Nusa Penida, Bali","Free Wi-Fi, swimming pool with view, free parking, 24-hour front desk, restaurant, bar, water sports, massage","Deluxe Double Pool Access, 2 Bedroom Villa Private Pool, Deluxe Twin Room with Pool Access, Villa Two Bedrooms With Private Pool, Deluxe Cottage Double Room, Deluxe Twin Room, Villa with Private Pool, Classic Villa, Deluxe Double Room, One Bedroom Villa",20 m² - 100 m²  ,Peaceful and Clean,0.27891150321838676,0.2436989792173073,0.735849056464934,0
wonder-land villa,12.44246405516989,12.154784614286667,Inclusive of taxes,8.0,"Monkey Forest, Bali","Beach, free Wi-Fi, swimming pool with a view, free parking, 24-hour check-in, restaurant, family room, kitchen","Deluxe Room, Family Room, Room Assigned on Arrival, Deluxe Villa, Standard Room",54 m² - 108 m²  ,Beautiful setting,0.20179173893292646,0.19955534395034333,0.6226415093164828,1
write hostel,11.757791368356754,11.669937760751914,Inclusive of taxes,9.0,"Nusa Penida, Bali","internet access, car park, 24-hour front desk, luggage storage, room service, elevator, wheelchair accessible","Bed in dormitory STANDARD, Room Assigned on Arrival, Basic Shared Dormitory, Mixed Dorm, Basic Shared Dormitory, Mixed Dorm (1 Twin Bed)",20 m² - 25 m²  ,"Comfortable, can meet new friends",0.10212886591419104,0.129761449285309,0.8113207545639017,4
wyndham garden kuta beach bali,13.847010194015423,13.559328444560693,Inclusive of taxes,8.1,"Kuta, Bali","Beach, free wifi, pool with view, restaurant, bar, airport transfer","Executive King Room, Deluxe King Room, Executive Balcony",27 m² - 37 m²,Nice place and walking distance to the beach only 1 minute,0.40624140689948585,0.401739979011696,0.6415094338412245,3
wyndham tamansari jivva resort,13.833474240535631,13.610330934770568,Inclusive of taxes,8.7,"Klungkung, Bali","Beachfront, swimming pool, spa, restaurant, fitness center","Deluxe Room, One-Bedroom Villa, Pool Suite",35 m² - 100 m²,Comfortable resort with stunning beach views,0.40427107561736153,0.4090818074744588,0.7547169809896759,3
xoxo kuta legian hostel,12.536817799389974,12.249136924251182,Inclusive of taxes,8.2,"Legian, Bali","Wi-Fi in public areas, Ticket and tour booking service, Car rental, Lockers available, English language, Ecotourism","Single Bed Capsule - Mixed 4 Beds, Single Bed Capsule with Breakfast - Mixed 4 Bed",25 m² - 25 m²  ,"Very strategic, comfortable place",0.21552613408284574,0.21313739596337966,0.6603773583659663,4
yan's house hotel,14.905754933096265,13.766321364193118,Inclusive of taxes,9.0,"Kuta, Bali","Free wifi, swimming pool, free parking, 24 hour front desk, restaurant, bar, water park, airport transfer","Family Room, Deluxe Room, Grand Deluxe Room, Victorian Room, Transit Room, Standard Bund Bed, Bachelors Room",29 m² - 31 m²  ,The most comfortable hotel to rest,0.5603552550528393,0.43153669095054714,0.8113207545639017,3
yucca villas,15.564710586686562,14.871563580039615,Inclusive of taxes,9.2,"Canggu, Bali","Free Wi-Fi, swimming pool, express check-in/check-out, airport transfer, balcony/terrace, garden, room service, parking near the property","YUCCA 3, YUCCA 2, YUCCA 1, YUCCA 2, YUCCA 1, Family Villa, Villa, 2 Bedrooms, Deluxe Villa, 1 Bedroom Villa",168 m² - 220 m²  ,"Great pool villa, perfect location",0.6562746847213863,0.5906367412649095,0.8490566036133854,3
yuda homestay nusa penida,13.199326270390594,12.91164481522143,Inclusive of taxes,8.6,"Nusa Penida, Bali","Free Wi-Fi, car parking, 24-hour front desk",Standard Room,16 m² - 16 m²  ,Near the port and affordable,0.31196272179967405,0.30850566662457557,0.735849056464934,2
yulia 2 homestay sanur guesthouse,12.932011261815035,12.644330802262578,Inclusive of taxes,8.0,"Sanur, Bali","Beach, Free wifi, Free parking, 24-hour reception, Restaurant, Bar, Yoga room, Airport transfer","Suite Room King, Standard Single or Double Room, Deluxe Twin Or Double, Deluxe Double or Twin Room, 1 Bedroom, Balcony, Deluxe Double or Twin Room 1 Double bed, King Suite, Standard Double or Twin Room, 1 Bedroom, Balcony, Standard Double or Twin Room, Suite",20 m² - 30 m²  ,"Very strategic, clean, easy to find and safe accommodation",0.27305160080889423,0.2700257096506969,0.6226415093164828,1
yulia beach inn kuta,13.809996382806077,12.78834692288033,Inclusive of taxes,8.6,"Kuta, Bali","Beach, free Wi-Fi, swimming pool, free parking, 24-hour reception, restaurant, bar, airport transfer","Deluxe Premier Room, Deluxe Garden View Double, Deluxe Pool View Double, Deluxe Premier Double, Super Deluxe Double, Super Deluxe Double, Deluxe Premier Connecting, Twin Deluxe, Deluxe Premier Room with Triple Bed, Deluxe Interconnecting Room with Garden View",30 m² - 60 m²  ,Recommended for Japanese people,0.40085357292049817,0.29075688667944855,0.735849056464934,1
zest legian by swiss-belhotel international,13.315736968184652,13.02805489573287,Inclusive of taxes,9.0,"Legian, Bali","Beach, free Wi-Fi, swimming pool with a view, free parking, 24-hour reception, restaurant, bar, golf course","King or Twin, Queen Balcony, Queen Room, Deluxe, Zest Twin Room, Special Long Stay Offer at Zest Room, Zest Twin or King Room, with Balcony, Zest Queen Room, Daycation Short Escape Max 5 Hours Stay",18 m² - 19 m²  ,Great value in a perfect location,0.32890778885978,0.3252629433562502,0.8113207545639017,1
zizz convention hotel,13.59236950664694,13.30468826752606,Inclusive of taxes,8.3,"West Denpasar, Bali","Free wifi, free parking, 24-hour front desk, massage restaurant, airport transfer, family room, luggage storage","Comfort Room, Deluxe Room, Comfort Garden View, Comfort Room Non Smoking",14 m² - 16 m²,Good for solo travellers,0.36917519558509304,0.3650844256882651,0.6792452828907085,1
zuri express jimbaran,13.145837687189516,12.92269462427472,Inclusive of taxes,8.6,"Jimbaran, Bali","Free WiFi, swimming pool, free parking, 24-hour front desk, restaurant, luggage storage, breakfast, room service","Superior Double, Deluxe Double",23 m² - 27 m²,Good to stay,0.304176773888806,0.31009629097020475,0.735849056464934,1
